74.7673
146.522
151.745
112.666
35.0872
49.1022
64.1944
159.513
67.1654
170.424
51.7798
27.5047
42.328
32.8847
87.1537
138.749
72.4338
45.414
139.465
42.3875
44.4473
38.1621
108.454
42.6718
33.4845
185.707
43.7823
33.5996
193.623
70.7241
106.685
73.4835
57.3433
244.618
34.0139
225.094
138.141
79.8112
41.5629
56.5545
56.9472
251.223
115.505
229.143
59.7728
59.4416
36.9084
60.5639
148.086
126.46
126.636
82.5999
119.234
86.5683
113.25
64.4622
151.979
88.0153
57.1768
72.6777
111.343
65.0022
193.26
38.9758
29.2197
38.7968
28.3396
67.7119
40.5092
140.847
74.9821
113.283
98.1726
78.4579
119.749
45.1466
58.6395
132.485
166.906
69.2909
68.886
190.288
104.766
45.6822
126.248
144.314
126.9
255.345
38.4893
49.1755
55.9061
34.1627
126.364
167.014
107.926
59.7796
35.454
87.5537
88.521
80.8269
149.138
54.4573
110.63
50.422
216.405
97.4441
74.3223
31.8963
41.1159
63.016
52.9555
44.3147
63.5966
135
45.4727
44.6931
92.2192
218.269
32.6206
138.776
28.0271
116.358
112.169
89.5258
90.8303
83.7716
43.2033
134.557
55.6924
173.779
112.824
48.5419
133.208
30.9185
33.0417
40.9795
45.8649
182.611
127.176
132.75
32.3656
49.9348
92.9909
90.913
104.6
92.0647
50.3227
125.5
153.256
216.745
71.1104
145.683
105.789
212.165
237.417
91.3434
166.765
29.3024
100.19
30.4778
107.363
43.9233
195.727
106.523
52.6262
47.8523
78.3507
52.4986
28.7005
67.4942
247.527
220.543
177.626
134.588
162.474
121.29
78.4505
83.6598
40.1627
102.393
119.009
68.4951
64.5967
49.5291
132.207
114.978
88.3669
53.2758
84.3643
129.522
35.6931
145.712
71.0148
50.7367
235.413
50.8821
148.197
107.991
71.1909
97.1225
86.9006
100.214
38.9237
39.1801
96.22
212.674
30.2731
36.2063
27.7751
35.7056
133.887
78.4397
130.089
40.0292
57.2838
247.392
164.416
102.814
43.0088
37.9696
169.686
193.544
30.7015
56.4502
187.431
71.6078
118.26
57.9783
138.383
55.8342
72.7664
100.784
57.7063
83.8151
71.444
51.5985
78.3609
35.1365
105.605
41.2476
73.5645
86.6093
53.8985
88.4751
37.8605
160.576
81.5513
89.6495
37.4679
56.7694
37.2867
54.5885
108.239
26.8431
212.183
142.562
179.833
244.813
169.787
27.6186
47.9498
135.993
155.924
217.278
29.5124
79.0383
186.142
176.658
48.4114
222.265
65.5228
57.6772
58.7746
82.9855
31.921
26.8665
41.2195
108.693
57.8081
115.885
220.002
76.7029
180.413
116.41
84.4596
79.7933
51.4341
44.1931
184.923
109.889
99.3281
41.2707
30.6878
132.351
64.5699
102.725
162.075
126.597
90.0388
92.8138
109.722
77.2456
46.8143
27.2326
75.7722
32.0382
54.0104
72.3989
65.2415
69.7827
55.2288
118.471
52.1146
30.8496
33.9991
145.124
94.2907
77.1401
42.8304
29.162
105.213
177.072
104.397
80.0866
32.0212
48.2833
36.1536
223.461
49.8923
74.7486
224.573
185.271
263.348
204.325
211.453
94.9276
40.682
98.4678
222.433
53.5975
45.373
41.5821
137.843
30.1657
31.3871
29.7086
167.189
69.401
41.7416
188.308
40.2752
183.186
113.252
142.402
46.41
106.607
132.94
226.131
166.747
33.6565
29.4844
89.7182
28.9193
85.0113
57.6308
46.7006
50.833
60.9692
65.2407
77.7937
90.0651
114.359
48.6307
66.1771
30.4522
164.976
31.503
96.1432
34.1718
155.541
52.7756
104.181
125.979
81.2342
59.6474
190.774
183.196
107.389
76.9081
58.0293
160.55
254.942
41.7373
38.0391
47.8235
29.0038
172.087
51.5649
93.2489
77.596
187.265
82.6049
41.6195
124.506
101.408
203.413
36.5894
89.0425
92.4117
120.88
115.753
138.64
78.4776
93.7658
82.1739
31.3227
30.2248
101.564
30.1055
235.133
175.502
80.8751
164.405
50.9717
162.214
242.494
245.443
132.958
33.7337
38.8193
147.585
94.014
91.0729
102.081
47.9356
33.8368
36.1663
103.128
47.2197
55.7248
80.6435
49.5494
66.4028
51.0756
42.318
219.114
67.2669
54.6566
135.535
52.6161
134.112
34.0877
78.6779
77.316
41.5407
72.8648
51.5388
28.1275
62.0517
221.693
98.9687
42.1742
61.8958
97.0736
74.3711
157.589
26.5581
124.513
109.879
27.449
36.2689
66.3207
26.7234
208.695
62.2937
107.908
109.657
56.665
99.7374
144.844
41.1017
255.393
34.485
133.268
102.618
57.8194
32.0142
174.653
86.5987
48.7139
45.0195
152.215
38.8424
36.7073
53.4697
106.957
97.5991
71.1283
108.325
76.1586
66.9147
238.869
35.5797
95.7407
56.4909
100.593
223.279
93.2046
91.2347
26.6928
67.7066
42.4723
136.259
42.6606
91.6098
41.8177
46.8829
258.549
109.929
34.2556
145.282
40.1586
37.2367
125.449
123.628
32.8142
117.139
47.6225
77.3465
182.974
110.976
54.8012
70.0665
73.4566
233.956
67.4735
82.0662
82.1462
26.5578
163.459
81.6187
243.287
131.846
141.22
48.9767
58.8651
74.2896
119.252
50.1574
28.6328
70.251
50.8609
149.774
97.6056
132.089
125.519
48.0763
101.511
139.056
140.271
138.518
51.3527
157.264
140.003
38.4534
138.086
28.8151
195.627
34.705
45.9378
116.254
209.619
32.2209
146.014
45.7274
129.122
160.573
171.02
34.7862
36.9473
26.8064
53.5714
39.7042
155.367
138.258
56.4936
222.502
86.3244
83.1974
149.892
77.7446
242.205
114.378
63.3087
235.353
51.2548
66.2826
94.7379
124.245
54.2587
30.061
148.346
92.9358
152.884
39.2409
186.539
94.0255
59.344
141.848
110.236
136.411
48.3955
179.942
90.9281
53.4578
74.755
159.075
72.7494
30.1497
63.2994
89.7456
72.5902
105.073
37.8321
56.1296
135.655
103.626
65.7103
68.3591
219.779
139.329
191.199
48.0987
76.3722
112.813
29.7944
32.1216
95.4125
62.4315
39.0188
66.6238
110.625
73.461
151.832
159.822
116.227
35.8384
66.6712
41.2808
81.5797
30.5006
37.4958
145.9
107.347
35.2835
158.53
96.0562
27.9437
40.2324
67.1011
67.7998
44.8792
73.9066
55.3302
259.096
98.1025
55.2025
62.5804
37.6926
61.2813
49.6431
28.8391
28.4109
153.125
114.075
64.7945
50.9648
124.665
119.124
111.35
159.767
66.7984
99.6609
35.9034
92.0653
63.613
117.648
51.6831
56.3603
74.956
158.057
221.891
88.448
67.7129
141.713
112.237
51.0502
35.3519
66.3642
63.6221
58.0321
59.7356
52.5128
100.674
30.5257
38.5815
166.984
72.8762
190.572
85.6631
38.6823
241.546
126.66
110.461
126.527
131.667
30.9741
44.3577
69.5203
109.671
72.7201
43.4011
71.8137
44.7301
96.922
37.3049
48.4117
31.5019
78.2446
48.8482
211.326
151.934
70.7234
116.252
224.893
103.979
70.4797
47.4183
42.9819
27.717
31.8174
40.4741
88.8222
28.716
175.299
88.0498
100.199
56.1675
111.041
84.6619
191.553
34.8627
120.948
144.913
101.471
40.0921
49.8475
39.2287
27.8242
66.8303
39.2266
72.29
77.1579
129.965
55.1461
93.2925
31.4335
126.631
28.6014
67.2593
50.803
33.8337
107.924
80.0331
52.0631
59.0182
93.2854
42.4238
157.296
262.067
29.8685
94.9215
37.9096
35.5756
116.835
26.9896
56.222
123.515
43.3
85.3776
31.3742
69.618
31.295
76.9757
120.188
30.6287
34.9935
122.554
113.621
180.388
61.9637
57.7804
66.7241
114.827
50.0561
115.678
95.4245
127.276
249.732
118.162
68.4871
209.247
70.2226
46.8755
75.0628
32.2832
44.3723
41.4463
176.322
32.4966
85.7339
81.3556
129.12
33.7802
87.8728
210.775
31.778
45.2792
228.959
54.4722
28.1145
39.8433
74.0151
31.2835
70.7864
114.026
140.791
134.886
163.197
40.9752
216.741
163.808
61.705
192.993
252.795
202.849
43.4552
92.1425
94.5455
84.6168
28.769
73.5538
102.879
39.1139
75.1632
149.888
189.715
155.378
48.9539
164.666
83.5027
40.1271
172.884
36.9721
153.665
36.289
55.757
55.7783
202.565
33.2434
115.994
101.489
144.292
90.8549
106.789
46.117
144.583
90.6907
43.2743
86.8203
74.7591
40.6314
27.5812
48.4569
91.2382
54.9588
90.1693
41.684
58.3732
95.8315
71.9431
81.8067
30.5902
33.7048
49.7835
230.354
45.3778
236.569
81.4872
95.7129
65.3814
31.8612
34.2031
86.9596
248.733
157.417
136.7
83.0534
172.608
39.9898
46.595
73.775
51.6097
73.6608
101.92
60.4246
66.6061
31.2984
124.127
86.8164
228.556
92.3308
131.952
42.702
83.2333
38.3557
78.0721
54.5636
33.7274
51.0685
101.366
138.154
124.813
97.3549
65.916
30.6929
38.3591
30.0584
36.4145
186.447
77.0428
33.8324
41.1718
183.225
48.636
43.2622
79.4665
38.9042
47.4216
34.597
86.6716
31.8147
54.8189
81.364
146.536
85.6102
60.3283
197.764
50.7983
116.944
45.0509
54.0261
62.6785
29.6582
94.9797
29.9769
44.7214
174.495
205.075
27.5929
184.634
46.3243
37.7328
35.4818
88.1147
113.902
120.246
62.6804
46.5751
127.823
208.979
196.632
115.599
89.7305
66.2363
83.0692
77.7562
81.2301
49.4838
140.944
42.269
68.4283
46.3077
205.581
57.5757
32.7974
90.4475
220.206
37.6478
52.6997
104.786
62.9873
172.388
178.966
59.9713
58.043
130.24
218.704
74.682
104.808
210.097
56.8358
106.731
179.199
39.2972
82.5797
210.133
123.354
32.6705
252.206
47.7276
55.0501
156.793
251.518
179.321
193.085
27.6314
94.4893
41.6758
242.781
128.178
223.983
124.184
34.7115
191.082
140.406
31.053
52.777
90.8443
47.346
173.437
150.901
38.1584
125.658
30.9226
51.313
76.8867
26.428
26.6049
91.1402
89.3179
37.8875
69.0927
28.2158
38.5135
49.0231
120.1
62.3561
151.741
244.945
31.4756
87.566
81.2932
137.632
30.7854
61.1238
54.9143
94.397
69.489
61.9888
121.443
65.9527
167.813
27.6786
86.9018
56.9992
70.3581
161.264
109.026
41.5211
90.4925
170.128
102.636
108.178
109.544
67.253
67.0504
67.0003
184.767
85.4487
170.752
43.1822
30.7434
86.7329
36.7826
186.076
71.318
52.2143
69.4232
44.4318
35.9031
56.2697
139.163
44.9108
27.5065
29.2361
90.8844
54.5198
77.1112
93.7795
248.504
73.7644
26.9327
42.1342
45.2739
61.9119
170.567
69.151
29.433
45.9105
184.584
250.901
56.9041
34.8918
59.5777
34.767
104.719
105.755
86.911
193.262
53.4319
247.91
141.466
115.647
210.948
201.205
131.688
33.1433
69.2404
26.9682
212.232
76.4149
64.4755
33.2702
103.518
34.007
119.034
126.46
36.5204
52.1103
247.627
157.521
55.6558
60.7275
80.1203
184.359
155.188
77.0399
40.3777
59.7827
103.674
125.951
61.4934
54.1791
34.0826
39.8772
119.201
84.3434
158.242
248.022
147.835
56.2103
108.322
62.6846
44.6943
49.6305
54.8557
78.6682
30.5519
90.0672
123.74
91.9188
170.472
88.1716
43.2
37.3837
33.1593
61.6848
94.7875
113.71
34.0642
163.035
36.5608
55.5299
71.6875
48.2421
36.7699
27.0161
123.361
30.5972
54.6977
50.5098
33.8452
58.1339
89.646
213.889
106.846
139.393
39.0176
242.271
31.2263
37.5795
155.002
160.929
59.3935
100.575
76.3184
225.051
29.5805
97.0571
29.884
208.026
72.4034
66.4858
45.1529
82.0022
64.9669
128.665
54.2479
88.314
26.4703
181.011
198.271
103.198
37.0488
80.5556
56.4063
133.327
39.0072
168.589
68.4216
41.1212
30.1645
113.175
72.701
36.477
61.1255
42.8844
112.745
55.9309
195.736
164.738
58.6853
41.1358
206.717
95.66
160.546
166.267
92.8005
154.471
88.131
126.143
45.5839
76.2297
110.214
48.8546
46.8169
258.481
55.9738
30.6491
81.7255
143.069
31.1709
69.3472
178.671
34.583
62.5663
198.299
49.8799
42.8248
32.5117
150.577
100.355
46.2167
46.1621
49.5858
109.306
182.673
37.8401
39.9286
48.9607
56.8474
98.0658
53.5131
40.9662
176.837
41.2704
31.0639
120.198
43.7425
43.8195
43.2168
259.102
169.519
226.161
138.543
151.841
86.2805
123.871
80.2835
189.55
96.2376
162.438
66.1142
49.1082
99.2938
153.736
152.208
192.95
80.2444
41.1312
127.8
67.5415
46.838
215.276
118.203
87.7363
255.58
53.1906
199.05
55.0186
41.6906
69.7908
251.812
141.014
43.2722
29.7954
38.6256
34.909
62.4804
84.9886
128.105
131.769
92.1212
65.5266
66.8552
64.3245
85.7882
259.113
88.8625
147.633
162.024
72.6989
144.987
30.9277
55.2252
53.8168
73.6035
39.3793
104.906
255.032
27.6413
187.49
39.6623
239.155
103.915
48.9198
98.7492
83.8936
60.0489
57.8222
228.984
29.416
45.7358
69.1995
63.0481
37.6733
31.051
36.1855
86.6198
99.0844
39.6378
64.2578
60.3017
90.142
49.5491
125.726
48.4822
29.8033
46.1577
60.9389
102.316
226.51
105.432
85.0011
121.572
33.7474
33.0418
51.1438
202.038
34.3283
149.348
120.141
36.9781
98.0106
42.423
43.9568
116.746
27.0702
37.6394
41.1123
55.72
34.0985
170.021
55.4735
173.628
164.181
84.9074
83.0885
32.2316
47.9997
137.346
58.885
173.261
96.2264
31.6989
100.5
38.1877
153.941
42.2117
129.098
64.9005
40.0905
39.3058
118.968
84.6427
33.332
72.8479
204.827
58.276
81.2056
84.2672
37.467
26.52
149.578
105.632
61.8619
54.9596
190.106
70.0908
116.056
212.369
120.327
127.38
73.2801
105.631
105.885
70.4563
82.4682
34.9458
128.849
65.6628
233.702
52.8592
153.243
33.2762
207.089
67.2931
74.4051
97.3484
48.0142
36.7498
160.592
37.8993
178.663
78.2634
232.873
37.8325
87.5178
90.2701
41.2926
107.966
38.3386
59.7942
60.1664
175.204
179.467
90.301
87.6228
36.4044
145.865
71.476
76.9305
230.298
132.589
154.405
66.2773
37.6411
26.7579
201.948
95.538
26.6427
245.284
51.7418
79.8827
186.446
52.0024
27.207
37.964
81.0475
127.281
43.9735
52.9569
29.5523
70.4332
53.1521
147.515
119.113
65.6922
188.11
82.269
90.5275
29.3212
74.2437
204.192
72.6809
199.38
73.7032
118.639
28.0922
50.3865
113.62
45.6377
35.5682
147.414
116.568
105.009
38.5062
132.916
138.091
206.554
50.156
182.812
137.875
69.1287
237.743
52.7511
50.4089
56.7088
104.261
129.837
162.215
34.1405
176.225
134.166
115.604
47.6255
156.939
82.5989
160.866
95.2489
158.58
45.1965
57.873
177.222
136.421
28.9837
89.1745
132.452
40.8068
86.1588
43.1702
242.483
55.6103
61.8173
31.8415
135.814
27.6246
118.876
63.1537
96.6064
102.036
256.265
44.292
136.919
150.718
29.3616
154.263
54.1524
32.1391
44.2129
49.5939
197.911
40.3386
165.539
43.6011
53.1975
55.0061
198.517
37.3246
26.8279
109.471
41.1672
77.6638
252.842
85.6824
36.9793
36.3085
239.104
123.612
86.7063
54.5093
31.5381
117.073
186.896
49.1122
258.496
134.782
55.0629
37.842
105.559
46.6183
83.7112
32.1884
78.0383
71.9785
116
113.555
222.389
59.2818
81.9538
88.894
134.508
65.0637
30.2011
27.184
36.8072
86.6521
38.9841
39.947
133.672
56.5729
53.0274
52.5804
54.6365
35.6722
201.874
88.3417
89.1552
33.0471
82.08
77.623
62.0156
75.4581
42.8408
33.6302
51.7824
207.181
49.3573
81.1397
143.081
84.3829
91.8581
176.454
68.8164
134.459
43.8736
159.368
31.5885
40.7281
74.3688
77.4905
67.9363
35.9789
199.484
62.1092
263.476
221.342
122.863
35.4916
34.4573
28.7351
47.2431
54.358
88.9317
194.153
107.05
82.2807
172.22
30.4499
76.4656
31.2354
51.1066
60.7974
54.6234
98.0882
164.028
59.1295
49.9113
147.903
29.8332
239.959
93.394
55.7505
108.15
54.4732
50.4692
181.108
53.2044
27.4845
88.9357
43.5981
36.349
30.5647
61.1266
33.3317
77.636
83.8869
58.2675
196.553
87.4683
123.178
100.769
30.9435
33.7602
77.6284
227.694
26.7814
168.208
40.0516
99.0211
35.1108
38.425
140.996
29.767
154.134
62.4779
49.1186
43.5643
105.034
29.8061
249.427
110.38
76.8419
131.101
115.944
50.9046
56.5964
120.677
101.959
140.327
61.8288
70.0043
82.2833
78.9591
34.2337
86.5748
28.0198
27.5068
124.224
140.777
151.514
117.428
111.073
90.7858
28.8197
38.5152
63.9632
78.6959
126.97
76.2426
149.337
109.431
71.6395
47.2761
241.296
57.3323
98.9283
101.321
69.4306
47.5198
83.5884
44.4567
127.858
143.016
115.757
80.0078
50.7011
111.103
85.4246
27.8446
132.223
69.8156
76.582
43.9615
163.865
142.837
70.6873
210.824
54.7862
56.751
40.8059
134.942
95.567
99.2076
50.8019
74.6792
90.4918
34.2115
50.3853
76.8802
38.5021
67.4725
200.312
120.812
35.8552
66.8456
128.944
27.1784
80.7471
84.0494
60.9769
71.6879
94.3527
130.943
76.4313
193.982
207.353
46.1873
105.301
147.517
68.3188
30.2879
31.9499
85.3336
135.577
241.981
78.7687
138.597
113.904
110.733
33.5592
193.007
32.8991
55.9055
58.9959
159.426
68.3493
55.2999
68.9324
146.274
83.033
112.918
57.1315
60.2107
29.8534
53.1595
194.745
156.616
30.863
57.0328
65.9848
92.5741
40.6247
83.094
83.0719
229.303
33.5635
31.056
114.812
113.668
57.7286
38.9194
159.772
29.2627
43.4986
73.629
50.7727
37.6996
43.3896
98.0285
49.0932
55.129
37.3494
75.5106
64.572
28.1281
82.5871
77.9044
168.996
65.2404
134.751
117.268
101.32
79.0673
40.8514
91.0871
32.203
72.5602
188.357
86.9509
38.099
35.5695
29.7292
116.92
58.8349
43.2773
79.655
52.2365
97.8495
78.469
174.669
32.9459
106.599
166.668
63.9619
49.3566
58.7047
147.54
29.6717
67.4146
29.4443
86.1443
126.209
43.0605
91.6095
57.3437
247.013
219.025
71.4158
135.292
83.3911
26.9807
119.348
34.7821
29.5406
27.2301
245.041
154.522
30.6442
40.8168
75.5379
83.3456
219.871
54.7107
66.2819
89.3733
124.332
73.1967
132.264
30.1981
146.507
26.8939
84.179
119.244
206.479
73.6775
33.208
131.741
91.0496
111.087
44.3238
143.151
32.7376
89.3903
169.426
121.588
81.3005
38.7069
108.192
65.5712
29.8103
73.8807
46.7015
31.1506
53.8978
145.261
128.912
214.724
106.049
178.331
97.5047
186.915
120.785
83.5529
85.6928
170.837
101.069
27.9618
75.4237
96.2194
149.199
77.8872
90.8339
127.888
87.5243
124.783
100.757
34.7958
179.898
91.2582
76.81
100.433
44.5254
148.165
36.2551
100.449
73.1232
78.8341
177.437
103.069
62.9415
122.851
106.01
54.8806
61.2099
91.7988
39.9048
208.341
142.679
90.5434
119.656
111.6
31.2839
32.1728
73.9585
82.7164
62.0936
80.0431
63.6382
131.194
99.7888
36.7778
186.378
46.5108
31.0352
106.238
145.453
78.8482
62.9403
32.1545
109.008
49.1416
156.723
48.689
60.446
87.6494
59.5121
85.4065
43.7874
62.7932
69.7051
43.2493
132.736
30.1954
66.0996
74.8178
59.3014
135.423
171.589
53.8742
135.686
27.7851
30.6464
71.5846
51.8112
259.605
198.366
104.045
246.953
88.1932
85.6677
47.1855
69.2157
41.6897
253.135
106.731
85.7386
109.454
199.403
62.4466
54.5726
101.632
93.4585
96.71
102.994
41.9814
101.223
31.1977
192.751
38.7326
31.6887
68.6591
73.9871
73.0516
60.8882
104.573
162.201
113.529
205.089
130.628
55.9124
101.53
60.2435
39.0997
123.201
82.7669
59.4693
30.7389
56.3413
87.7687
122.226
37.3162
118.724
215.074
71.9386
82.6125
111.912
136.276
140.144
51.178
75.8043
30.8779
78.8703
224.475
50.8928
142.809
104.4
165.779
127.724
42.3848
31.9447
194.679
232.941
102.084
29.8149
41.4356
164.428
198.533
43.9653
157.468
46.8779
55.7784
70.1712
56.6693
92.0209
35.4584
93.1536
75.4501
48.1061
30.8054
129.286
217.966
60.2564
51.0924
75.7506
32.8154
86.609
59.0115
92.0012
160.247
150.5
61.9434
40.3014
98.0471
100.526
32.4939
70.3898
62.076
99.3256
120.187
34.5789
56.2591
109.349
86.5522
182.793
97.6041
215.916
250.568
27.5614
117.348
156.129
39.2669
80.0978
57.7985
42.6802
36.9541
149.136
107.712
56.8054
132.074
35.5032
43.7381
132.537
196.555
130.455
73.0024
93.8709
52.5244
109.622
129.807
140.341
147.578
116.704
132.753
171.162
115.474
40.4516
107.337
39.8905
31.9499
52.7452
44.1529
53.6482
250.531
46.8465
65.9883
160.113
81.1058
92.4257
32.9352
36.4172
50.5043
39.5738
58.7725
87.3868
151.243
201.42
47.2957
69.102
91.4565
114.945
56.6628
32.6116
40.6483
124.014
64.714
259.676
73.6224
34.6622
31.9694
96.8426
197.698
141.996
84.7303
59.8375
68.3142
55.5477
27.8897
53.7174
82.1322
185.193
128.118
29.9459
91.4402
203.174
120.964
59.3593
64.9207
128.21
57.0189
190.218
124.062
86.2973
46.0185
74.0885
67.3384
91.9362
40.6657
62.1407
113.394
80.8856
85.4975
49.8328
113.676
69.4536
202.074
55.8691
38.4837
220.738
47.3204
40.5627
36.74
168.019
29.4551
152.338
160.584
38.8584
61.6024
32.2951
53.0255
245.006
213.595
58.3139
229.05
94.5464
81.5761
100.793
118.362
145.945
50.8128
60.7504
132.946
51.6651
130.359
175.096
91.9592
47.8033
104.457
33.8849
58.9004
47.6893
43.5242
55.7119
91.2503
102.85
53.5793
90.4603
75.2351
75.284
52.7039
139.321
148.906
110.46
28.5895
125.753
90.2842
45.9799
50.5203
41.2
134.396
64.2985
95.3138
77.4486
109.262
246.301
165.742
109.243
109.636
27.6385
39.1807
117.903
248.251
99.5558
71.9751
78.4286
26.4908
31.5718
32.0569
27.2219
123.157
144.769
149.352
43.0186
89.4313
118.182
101.468
64.9793
34.0618
51.2474
145.952
76.503
152.198
51.7944
43.9671
64.1377
210.573
44.7122
104.555
37.715
256.968
31.7372
193.274
106.192
55.7182
37.8077
41.0568
63.3531
113.664
49.215
186.447
45.2598
172.5
71.928
69.8569
225.423
64.2001
53.8279
57.4231
39.6848
40.518
45.7806
44.9929
83.7086
30.838
27.9945
240.067
83.2825
68.0329
29.624
175.569
61.4454
61.3729
58.0083
161.407
135.928
44
51.031
158.148
162.375
145.529
77.1644
107.043
117.78
62.8901
39.7139
152.625
111.376
85.8201
190.516
86.1686
61.2795
43.0206
183.449
96.4491
205.78
239.048
96.311
41.8952
47.6982
27.3302
54.4265
115.309
144.905
50.0518
42.4611
29.8469
59.0914
65.8136
37.4145
66.9512
99.3581
155.888
26.4629
44.1048
83.4791
37.2212
53.0786
186.132
64.8079
204.54
50.9898
92.5943
219.824
95.3372
155.554
110.747
52.8371
32.0861
181.289
80.7405
107.385
48.9245
86.0132
161.787
59.0574
27.3606
63.8288
49.3795
45.5547
95.3076
37.8723
186.562
89.8458
72.4141
26.3753
111.963
96.3247
193.409
42.5252
150.245
27.0461
120.709
29.8812
229.464
95.774
52.1451
137.964
40.4193
124.589
31.5419
129.926
136.634
99.418
28.5023
140.632
106.75
42.6868
52.4777
33.3237
100.172
149.694
113.475
46.9898
76.2162
52.4251
206.36
86.2154
85.9036
84.3856
56.7416
108.561
123.774
35.6608
36.1658
214.959
60.2066
101.983
97.7365
113.266
73.0245
31.9751
43.283
28.7586
188.64
59.6223
113.424
42.789
37.3815
94.4837
104.934
65.4968
33.7905
210.168
42.2308
137.801
108.719
76.7762
106.842
101.478
157.929
203.976
193.446
41.1396
56.0825
188.755
223.133
69.2174
121.902
91.0892
168.57
122.376
45.4046
105.153
76.6247
40.1295
74.7159
160.49
225.543
173.141
120.739
183.989
94.0844
82.8766
27.9194
28.2112
73.0692
68.02
77.9585
45.8125
58.076
104.847
63.3916
56.7591
78.792
59.5728
41.4218
94.7658
38.0407
31.0767
146.62
111.719
181.949
208.078
51.4843
56.0519
100.853
51.7334
53.8982
74.9685
44.8152
49.5555
192.077
86.0687
82.4281
171.804
34.2749
55.4415
29.0437
93.6432
80.8612
43.2317
106.527
174.901
26.5817
216.39
178.481
97.6543
117.659
40.1973
37.1687
65.2545
35.0593
105.09
219.979
61.0849
202.141
71.7839
50.8488
49.4775
36.186
84.0027
36.9268
58.4313
29.7616
85.1384
117.9
36.783
110.445
56.3005
228.05
29.3068
111.118
94.0272
38.8901
46.0991
84.0851
53.0633
33.117
56.4753
52.3055
38.0332
41.2339
140.115
135.255
41.4752
39.9864
28.5077
62.4156
27.8838
58.3581
162.535
234.875
56.6604
56.2968
122.457
110.249
60.408
35.7471
57.2774
102.125
184.331
120.266
115.866
27.0542
39.3084
99.3109
53.215
132.909
43.1691
250.665
71.197
34.3889
238.669
230.537
111.905
88.8165
101.031
41.8024
115.132
114.071
29.6352
40.4794
177.734
49.0778
198.049
40.1265
27.2512
66.1554
74.3608
26.6462
51.2781
62.7934
72.9582
208.568
126.32
64.6046
38.012
49.0066
82.3239
42.5103
105.371
72.9614
225.146
78.2697
46.4093
84.481
137.454
157.121
217.049
37.1096
110.558
161.865
53.3131
53.519
79.4661
57.201
122.545
97.139
205.109
73.0857
85.5263
28.3543
64.8011
38.5275
26.9371
92.4993
41.0155
107.247
59.0202
127.891
49.2257
80.2607
114.322
47.5337
43.2603
140.566
74.7906
134.758
28.8784
126.971
58.1282
41.4803
58.3605
48.8936
70.3081
70.2205
57.0428
62.7583
120.401
72.6723
29.1909
66.291
84.7365
69.0689
162.171
107.025
101.406
39.6053
51.6145
51.6614
29.42
61.2462
98.5179
32.5395
76.4775
99.8957
161.678
155.209
34.1535
85.0791
142.806
139.59
183.335
27.4881
127.385
46.3949
70.251
55.1219
216.625
30.4293
111.754
117.467
52.0724
79.0146
74.1996
76.3296
73.5274
230.281
78.0643
27.6357
79.688
112.48
75.3582
68.6703
157.531
31.6994
42.7208
70.2903
100.148
114.23
40.6509
51.4727
84.1673
68.0489
90.4561
66.4386
220.959
73.1402
90.7435
197.707
26.7341
59.0649
74.4949
33.5281
26.9255
62.5517
173.583
73.0224
46.0208
66.919
100.273
138.295
155.636
55.0223
33.1349
74.1748
65.6083
70.6307
46.5344
61.2536
68.8283
43.5772
203.541
46.7738
66.5728
183.027
47.5275
61.7552
85.3516
143.983
75.0148
86.8561
132.29
45.2458
51.6193
260.915
49.9614
101.116
67.282
108.738
103.916
200.819
27.3843
161.093
36.5601
175.484
100.701
53.8567
103.663
32.4285
52.0829
39.6851
138.651
247.911
101.446
73.3718
152.94
34.8511
123.608
47.7886
143.139
51.6594
153.445
56.9006
30.2832
214.376
29.3509
84.5029
54
91.0743
82.2726
97.6586
29.4675
53.3703
129.929
261.329
41.2356
243.809
182.777
72.0097
49.6853
26.785
38.9594
63.834
112.322
137.385
173.31
93.3276
28.3228
106.193
255.592
100.293
32.9964
29.507
28.5924
35.2262
130.564
52.9393
71.5922
49.2143
36.6189
133.132
103.344
114.535
53.7664
149.777
49.5661
29.9622
60.305
136.753
171.508
113.569
163.134
38.1521
231.74
41.1324
80.3786
99.3946
234.523
86.4365
67.115
156.915
119.138
98.7837
28.1414
81.4703
45.1794
37.2336
87.9622
94.678
148.399
39.0988
29.5917
35.9535
49.3517
69.0968
52.7625
91.8386
153.286
112.822
65.8723
56.1758
164.236
66.2012
86.3684
63.7678
52.0932
85.517
58.8023
170.619
103.003
44.0478
48.8732
53.3928
119.018
44.6918
31.2726
75.12
31.5365
84.8382
149
33.1557
26.6158
93.7594
66.8798
69.6254
35.0874
32.0254
37.7892
68.0489
41.8152
223.771
55.0799
116.243
54.4274
86.4243
99.4892
48.8261
83.4194
215.299
61.4437
67.2347
119.116
44.5844
75.743
140.556
85.6442
58.3097
112.096
92.9272
54.4275
176.831
64.7056
30.1294
194.498
41.6575
77.8077
140.33
33.5838
94.2016
104.617
122.712
96.0799
47.4243
182.856
61.671
44.9829
37.5258
58.8324
40.7205
53.1018
97.2102
27.1489
98.905
37.5614
85.534
53.1717
60.8786
178.538
29.8911
68.7534
111.838
27.4463
61.3487
115.873
208.741
150.626
152.942
59.0495
159.769
122.475
47.5038
111.745
83.2519
32.9891
109.648
187.706
203.999
60.5433
39.1792
164.345
77.3811
34.9976
40.9778
244.689
70.3955
106.088
53.7671
28.5031
41.9443
77.7707
93.1001
144.55
28.7133
74.5568
48.3303
38.5549
43.1839
59.2082
128.511
84.442
41.7131
44.0866
37.7146
48.3273
35.6542
55.4533
28.6739
65.1596
64.0836
180.499
85.1541
96.6863
115.533
54.8959
68.1328
128.249
137.592
45.683
28.1642
42.7794
31.0738
70.3365
59.7702
44.6024
34.9041
75.2464
53.8268
160.584
128.774
63.9954
126.785
130.423
89.6916
49.3654
97.5227
74.9985
223.528
162.163
95.0527
241.073
55.6841
54.8841
44.4041
173.508
247.641
31.8746
56.2369
108.688
46.3017
57.7558
99.7217
123.06
261.197
214.903
65.0369
65.5456
99.0491
115.575
117.001
165.978
71.2013
38.0972
42.189
53.2136
112.143
99.8978
49.3645
81.1237
43.6432
56.8256
64.1305
34.668
79.6355
35.852
163.741
30.2851
103.823
37.876
62.6348
103.146
55.4807
104.669
52.3617
92.7086
55.9333
210.32
236.05
131.446
48.5743
132.814
66.77
69.1784
49.8902
75.5883
31.1026
40.5506
29.5107
28.5377
50.2548
34.3127
182.335
34.0917
102.981
76.8208
45.6326
178.708
70.7618
59.3795
146.608
127.801
53.3818
173.144
76.4971
27.1239
26.7992
121.994
230.853
50.2437
55.4379
87.2119
82.8515
72.241
71.6401
171.278
28.8991
39.4297
91.6253
29.4194
27.5073
155.271
219.172
125.962
84.7533
30.845
132.323
89.3022
100.943
99.427
29.7916
64.0935
37.7889
83.7364
54.8132
71.4953
61.5964
143.892
166.089
48.563
103.502
117.365
31.2019
27.941
136.64
51.144
149.311
62.297
110.953
118.573
49.7184
74.122
90.7425
46.4428
43.4025
53.0895
117.69
93.1525
68.7572
42.7167
79.9022
154.492
59.4935
217.339
32.1745
164.399
77.3247
88.819
60.8493
26.7172
45.7601
30.1
103.808
68.8954
176.013
42.4044
154.524
233.428
104.288
119.31
172.536
78.1655
58.7418
53.9928
118.56
242.689
63.1999
163.006
40.4707
27.1153
197.799
179.685
173.185
143.169
115.771
62.1721
133.495
44.8242
97.0984
102.17
57.6486
78.6286
109.676
34.3031
73.4091
108.225
133.013
133.205
30.2753
122.573
29.8437
180.263
57.3784
113.341
156.006
41.1625
30.6173
203.931
87.5935
68.9089
50.0426
226.504
46.8523
27.3301
64.735
97.0502
174.625
40.1327
49.6455
36.2679
43.3443
75.6996
36.1225
72.7134
56.1376
83.5843
29.7672
66.3036
76.5201
122.35
154.641
81.3797
100.503
226.484
102.041
92.7578
39.7777
207.763
26.8741
174.217
38.7651
234.139
51.6986
180.806
50.5948
44.0417
139.241
33.2335
51.7321
70.229
27.4026
91.0839
29.9651
88.4258
115.63
158.333
149.818
36.0251
46.1537
61.223
108.116
46.2622
78.2746
107.884
48.6854
55.2708
68.0898
88.9045
61.2999
31.9826
86.5585
37.892
199.981
66.3007
77.6575
164.445
205.574
120.974
154.558
144.916
73.7563
35.8445
130.263
145.961
148.021
33.8423
60.06
135.33
221.078
106.386
42.5023
44.6179
128.539
192.01
67.8422
64.3511
42.6376
33.6933
82.4359
85.0968
75.6723
78.3906
56.5922
76.8545
70.9603
31.7889
84.8875
29.0532
186.526
32.8234
61.3291
51.3257
38.9936
107.767
35.1386
116.33
64.0098
33.0471
61.5508
28.4912
80.0577
59.0711
31.8019
29.9351
124.483
95.5836
188.226
28.078
31.9386
151.349
109.047
44.6128
35.7691
41.0765
86.6412
70.7195
61.0323
115.434
26.8317
89.4579
31.8041
29.9359
161.02
69.333
84.8781
69.9038
41.4512
101.853
32.0585
42.648
37.137
52.4872
42.0994
31.8174
120.164
151.315
29.8708
70.9493
41.0774
215.685
26.4279
110.446
178.148
159.037
107.369
61.9852
70.2779
107.979
112.551
65.853
133.081
64.664
113.388
93.5501
161.847
40.0211
104.26
36.5146
107.203
61.9159
234.165
120.492
65.9636
41.1107
138.271
36.1886
109.671
153.862
81.859
32.0609
73.3957
101.985
51.3638
200.751
134.514
84.8488
239.888
32.0765
40.8093
54.1076
36.3809
61.4787
87.031
37.6274
190.642
30.835
250.193
138.347
67.8322
239.49
74.8597
59.4437
35.1501
160.066
66.9012
27.7129
29.0982
146.252
193.745
66.5668
27.8582
109.116
87.3825
64.399
160.066
120.483
84.8599
41.3193
60.7495
58.0648
117.742
137.521
121.916
62.5016
31.9087
29.0263
224.34
92.8447
40.0317
120.677
101.84
55.9673
60.8031
98.9333
161.73
37.2378
46.435
64.2448
59.1712
47.6955
158.735
35.3926
74.6662
53.8514
65.0041
31.5499
63.2712
45.4581
159.602
38.1316
87.2881
164.426
89.8869
107.315
57.7003
88.1662
33.2057
60.5881
28.2343
146.574
242.675
115.392
80.2884
119.17
55.1834
196.088
123.803
65.9266
90.3568
87.6537
42.2106
226.565
189.412
149.287
65.5253
68.3596
29.4177
56.6125
54.3481
102.62
54.0677
32.0161
147.056
30.2478
31.7937
114.828
60.2762
152.387
182.371
192.276
35.1823
149.042
75.6246
134.217
225.848
131.147
48.0288
56.5845
69.127
74.0927
27.5254
223.879
202.405
27.8008
210.378
30.0614
245.984
228.056
186.142
26.6706
246.207
155.135
178.81
91.0193
147.04
50.9241
81.1986
127.965
61.8312
110.235
169.329
27.7257
147.991
59.1958
114.625
209.937
34.0573
80.1473
146.104
104.505
56.1161
45.2738
26.6032
27.0144
40.4122
60.3943
211.388
90.2401
201.62
154.889
219.972
80.3159
170.698
57.1722
205.532
263.56
30.2581
51.7827
213.95
209.131
146.328
35.8623
217.593
41.2532
97.0556
37.6243
150.626
99.125
85.6089
98.2375
160.465
72.4375
205.365
39.8658
115.853
33.5228
40.1701
38.9778
72.2471
88.1072
50.7172
72.9337
79.557
32.3705
64.0043
29.6738
136.571
62.4622
98.6972
26.849
38.5203
114.348
197.268
98.6449
33.685
75.7723
96.435
28.7739
70.4079
39.7501
202.402
102.804
34.4295
46.3311
51.209
64.9117
46.1598
35.548
68.4102
60.9458
50.9929
36.4447
38.2044
40.8604
99.0814
87.2571
167.08
30.4827
172.36
143.66
39.8203
33.9825
134.913
36.8444
89.0352
133.665
63.0475
164.015
214.815
103.927
229.857
53.3469
74.3525
161.625
80.7633
29.4536
34.3858
32.0007
42.5995
262.866
36.3221
35.4043
53.0621
59.3237
76.3217
37.4946
174.415
74.1325
80.0082
30.7416
153.819
184.723
85.7285
51.2318
65.7331
53.8998
101.067
192.911
95.6089
59.6821
27.8178
155.227
106.27
147.587
167.305
88.6412
246.689
83.5535
89.4594
83.1418
160.112
66.2522
167.045
67.0536
49.1773
201.952
162.184
38.8782
256.439
96.0309
96.9172
196.331
57.008
65.8291
189.633
48.142
216.252
114.708
48.6829
99.3468
56.1143
41.6948
51.3318
84.0073
260.678
43.0247
67.7455
33.6969
108.449
77.1176
60.6712
58.4488
137.442
129.426
37.5114
169.692
67.6026
78.4414
67.7008
221.932
109.715
62.0578
179.964
72.0015
190.439
54.2494
36.382
34.1289
97.2354
170.011
102.028
92.0111
72.1318
40.3919
129.307
79.6318
141.948
44.1036
57.1443
48.0772
61.4732
113.443
126.439
56.575
49.4555
44.6804
130.977
39.3839
89.0373
33.2531
41.2612
74.1165
131.146
71.482
51.5757
51.3875
146.061
142.353
32.5304
115.802
118.894
76.1435
51.5495
255.364
38.246
61.7468
28.7125
76.009
26.833
27.4295
101.346
57.0153
222.664
33.1018
70.9683
99.1561
89.5792
71.4296
203.743
94.892
61.6767
88.7706
43.4073
183.152
32.8297
60.5731
44.7447
168.91
125.767
57.5029
154.77
95.5118
35.3296
36.3321
69.0922
229.204
68.0248
108.301
30.0081
71.8304
42.8961
102.599
27.9246
134.182
128.684
40.3442
147.82
188.475
88.0337
85.4097
88.9424
31.6479
200.017
134.499
106.085
65.5987
51.6064
48.2588
185.552
33.7039
55.4691
30.9968
182.049
41.3648
169.815
53.158
84.4021
112.614
214.158
34.1188
63.7907
36.4513
39.8966
37.5024
32.7323
32.1606
29.4309
46.5983
48.1325
28.3137
66.8331
57.5144
34.9896
229.246
65.1446
169.414
83.8893
69.243
40.5878
120.877
37.9983
55.654
100.181
96.8929
215.525
262.431
179.017
37.8319
128.509
55.5609
134.202
164.261
121.581
28.0325
106.019
68.99
27.0614
66.9331
77.2559
83.7924
57.6018
46.3849
123.568
43.5267
70.1744
90.4418
83.9591
31.9018
244.194
94.2915
71.6551
119.374
83.3284
40.5271
79.1011
65.4062
191.581
128.506
69.1537
53.0477
90.698
82.6521
71.2703
82.7992
72.539
82.4221
116.775
127.809
47.8938
215.603
98.2293
83.2041
132.329
79.6288
28.6545
254.907
61.5621
133.731
60.0406
149.521
61.7384
51.6807
76.1508
39.9101
114.382
248.024
55.9513
70.035
74.791
144.433
71.7478
45.9201
122.451
67.5011
42.6387
257.211
77.8285
93.9497
77.7545
107.919
54.8866
52.7017
137.606
49.7817
53.3357
98.218
78.0651
52.9703
62.5869
37.5042
70.1921
206.171
109.357
127.559
164.292
200.214
131.658
35.9629
118.262
150.057
117.064
43.7138
63.1351
100.84
175.822
58.8815
26.4977
99.5192
67.3369
84.3463
116.743
235.135
247.079
76.2795
103.988
75.9779
98.5859
75.9963
140.728
174.143
83.7061
64.1348
46.0395
100.455
82.4447
63.9854
118.172
241.714
63.3704
54.2744
90.8326
115.962
64.9515
56.5226
167.927
80.65
185.944
189.715
188.359
69.2719
99.1918
133.626
36.9213
106.431
92.145
32.4533
60.4144
43.0838
125.005
31.7331
110.826
27.4899
68.5295
130.685
75.2679
31.9558
81.4254
30.4702
108.428
131.71
111.641
142.301
39.5445
80.0139
133.075
72.6207
29.4029
68.3015
44.6465
48.1219
174.331
243.286
75.0776
162.609
182.808
72.4709
85.7221
65.9355
27.3106
103.801
134.409
89.1494
73.9573
40.2954
204.776
38.9973
77.4452
62.8566
200.32
159.295
33.3274
69.7498
110.783
65.6409
96.3673
32.7342
130.717
27.9966
121.414
53.5421
63.8905
61.3052
88.4757
58.6322
172.467
170.092
33.6478
73.4758
174.182
43.1198
225.592
98.126
39.6283
69.2444
262.188
187.667
202.235
28.9964
135.164
120.363
103.818
48.2798
79.8964
60.3935
105.531
77.323
44.7334
82.6117
88.7784
93.7573
91.6827
169.887
61.4556
85.181
30.8726
149.372
37.5776
32.4873
161.673
36.5551
157.343
67.8799
96.4939
182.852
28.5625
135.677
172.068
109.79
40.2304
41.5934
45.4662
95.1044
54.9003
114.141
39.9236
175.083
101.423
61.8529
99.8665
146.702
107.749
226.921
91.3245
32.0422
109.238
196.343
39.0612
146.542
42.1002
63.0093
30.2325
144.804
42.5181
125.201
103.883
46.8091
100.501
69.7113
112.581
133.001
40.6242
64.6144
38.0487
256.425
170.058
58.1162
117.706
55.6407
42.083
76.0784
121.812
79.5746
95.2707
66.0689
31.5329
65.099
175.476
106.172
69.3398
34.6369
42.1582
120.372
111.144
64.631
138.139
216.063
98.7583
99.8373
161.591
50.3933
92.235
82.5327
37.3045
90.9128
70.2343
62.4355
41.8215
88.4448
71.5176
89.6034
76.0642
32.9767
44.393
101.142
191.169
243.213
35.9338
152.56
44.0831
70.7608
190.729
68.2585
31.6248
91.7192
184.141
169.15
85.3356
63.3918
58.333
110.083
240.639
138.221
49.3109
59.8124
125.838
50.6387
135.298
28.4708
83.3254
73.6002
50.1069
65.6502
56.9927
30.285
54.2644
119.739
67.6669
115.238
115.015
51.933
79.7165
221.567
37.6524
146.048
27.8035
28.7323
106.866
82.6667
112.1
31.6625
69.4288
236.052
144.946
209.529
48.7127
242.227
199.355
87.7434
32.3291
39.939
52.5678
30.6615
48.8905
101.625
45.0822
145.072
89.8419
34.5589
129.632
84.3246
101.732
84.8565
76.1766
119.403
78.0472
48.6978
43.4661
118.668
34.2546
53.3298
128.343
73.9169
35.2621
61.8398
68.5035
26.9985
79.4898
78.0098
129.684
107.693
92.0498
46.6893
33.8659
115.997
34.3578
66.6513
247.234
44.2434
43.1387
47.396
53.3254
28.5132
88.458
82.3659
46.7832
73.4848
46.0789
259.68
175.328
35.3428
30.4176
145.369
70.0126
109.197
189.014
87.3194
42.3473
31.4059
152.75
26.6258
36.1755
53.1085
39.8232
30.2497
115.891
63.4461
98.5104
112.221
140.944
75.6475
62.6531
45.0469
129.782
255.26
39.1242
130.385
75.3949
40.2758
66.1979
51.3023
117.425
64.0302
138.461
172.387
28.6214
39.2038
166.132
26.7931
72.3601
47.4962
242.275
32.0277
44.2875
50.5249
36.353
35.8362
90.0614
139.656
121.618
93.9495
260.847
101.058
36.6095
26.9034
254.548
171.386
56.6888
83.1061
54.8656
126.679
134.916
122.346
144.348
83.0319
79.9631
120.138
72.4332
29.2225
34.1581
235.943
110.154
111.274
47.1851
150.085
70.4306
61.0784
243.6
32.8375
36.2546
113.095
160.364
37.3438
43.5507
129.815
49.1491
96.9263
41.2115
47.3957
67.6879
90.4353
40.1121
29.1582
86.7047
29.7853
161.987
27.9277
37.7802
44.6956
81.5008
74.427
137.309
73.3348
85.4183
29.744
38.4592
54.4216
130.542
78.6747
77.7282
146.219
102.021
118.225
212.744
50.2059
212.488
98.85
161.598
45.522
45.5734
68.501
47.9495
38.6144
136.798
47.559
26.6447
119.855
42.6364
84.3424
113.569
105.84
59.407
220.973
161.115
60.1857
57.0826
239.277
32.1784
54.6282
127.173
26.6697
228.395
68.4813
212.923
52.2064
173.085
71.4384
99.3161
124.711
47.6851
50.8073
158.894
87.4762
96.8219
37.5954
60.0598
110.813
41.4521
85.7269
75.8869
41.0051
119.11
78.0918
91.1581
120.998
213.276
27.0294
30.072
37.8572
70.598
26.7268
42.4542
154.578
52.7325
28.2321
64.831
80.9773
249.714
103.263
182.613
230.516
192.276
258.73
81.2406
49.232
34.2045
82.9954
43.3487
92.0711
96.5536
185.651
77.1116
34.1405
110.011
169.853
87.3393
64.8099
182.748
48.6537
211.128
100.652
60.0189
75.5683
40.9579
28.388
39.5089
199.276
97.5416
77.9617
31.3509
80.206
170.263
26.4246
87.5928
43.0405
63.7492
215.99
165.069
76.5493
78.1037
36.3553
54.4648
194.673
45.6575
62.527
135.643
53.1139
59.8357
67.0609
235.094
60.1913
85.6516
46.8874
122.167
52.3858
58.5176
27.5594
48.4565
32.7167
64.6259
46.2873
47.8454
48.0219
62.4611
70.9495
142.821
107.632
69.5582
84.5027
55.2125
34.5916
170.91
65.1987
74.5409
78.3171
35.9945
92.6207
102.411
76.8162
37.7768
151.493
67.8714
42.7609
27.1758
37.0378
140.301
96.4486
168.517
41.7845
88.9924
58.8055
98.7243
41.1467
168.003
152.28
55.0319
60.217
167.192
186.887
50.4943
130.462
51.7024
227.835
119.788
79.1447
240.323
184.357
127.622
27.4694
63.3424
215.983
99.8813
38.4833
70.6847
216.681
103.284
91.9373
31.8165
62.8649
99.122
112.637
74.9398
170.774
255.808
63.9655
76.7544
156.645
116.702
250.727
133.403
181.227
64.1045
58.1368
30.9586
99.0431
49.8701
58.2225
43.0127
30.257
133.799
174.627
98.6999
84.0008
52.6591
112.525
211.613
33.4902
64.5471
99.0919
46.6871
26.958
90.2563
44.417
202.604
115.515
72.3707
46.6511
90.8551
159.052
35.7022
50.1262
63.3134
130.831
88.0159
57.4644
33.8722
111.31
132.405
30.7302
73.3058
106.8
84.852
27.0377
77.0404
135.947
78.6185
40.5133
55.1158
48.7153
48.9816
96.6162
79.0394
175.835
65.2627
37.5712
242.872
76.8794
147.49
47.377
37.5235
174.952
137.694
153.192
94.0262
49.1597
238.89
31.891
143.121
92.5227
50.2147
32.5871
78.11
40.7094
35.697
30.9223
240.27
159.963
45.5392
112.399
96.6292
63.6684
199.894
57.5029
155.608
81.5848
167.142
77.543
61.3791
58.2754
79.4958
26.7552
51.6504
148.391
81.4743
94.1912
152.011
39.0119
72.2974
40.5726
50.8593
78.16
38.2099
34.9895
82.0362
29.2001
32.0106
88.0489
40.9971
62.0453
94.8208
34.4118
103.919
53.9705
101.349
54.9217
38.4883
44.3256
239.601
231.042
218.067
119.411
133.036
89.1454
74.3848
173.882
57.236
55.2974
96.1936
134.128
130.997
28.0564
28.8193
49.9368
127.307
120.498
67.1098
130.148
114.686
97.0629
121.321
181.757
78.9637
150.013
36.2236
133.552
74.7349
125.79
55.1525
70.335
90.7544
83.8425
42.5263
48.2721
41.1668
27.0585
71.5266
78.9123
31.2659
83.8291
80.5441
28.4963
165.597
47.5535
165.593
37.4901
72.9188
96.4835
28.1448
74.0587
164.642
144.377
93.6316
141.64
76.0703
161.853
83.6791
90.2286
49.3086
37.5243
36.3523
94.4402
229.581
146.611
120.944
35.8948
64.1561
199.651
48.3056
33.0049
46.7226
61.0676
57.5525
98.2717
29.3064
153.07
42.18
180.61
45.0694
78.8947
183.66
48.0017
75.19
75.8783
141.369
29.936
39.1043
30.9271
168.672
140.971
29.9568
74.3308
44.8445
40.0306
225.644
157.363
119.958
79.9832
207.925
45.6875
40.5742
69.3103
100.903
73.4413
36.572
86.8259
79.6102
62.03
135.948
76.8789
208.77
128.718
90.458
35.1385
240.166
69.1304
32.9854
93.0607
30.4798
36.643
36.3907
60.7719
38.5249
67.3871
41.5882
144.285
59.7502
27.9496
45.3197
68.997
57.3742
33.3216
86.4424
40.1256
87.1764
197.182
37.4779
37.9969
117.868
103.209
26.9133
107.417
60.8159
70.6202
151.445
47.625
41.0179
154.774
33.0719
59.7661
188.113
88.0484
117.202
61.7769
55.6605
43.1261
30.3111
125.422
70.2404
28.7883
116.75
100.478
67.8027
76.2313
170.308
189.207
26.7945
103.108
34.5287
106.856
68.0794
96.3584
57.387
50.6911
29.1347
196.216
83.5041
239.871
80.7786
126.658
91.1979
97.5912
120.161
67.7863
135.744
122.899
105.285
32.3508
104.004
46.1194
71.8373
35.1016
33.0043
37.3535
160.16
47.4816
215.354
93.1776
44.6192
35.3735
68.6195
29.9775
97.805
59.3835
69.2513
54.4452
35.8206
41.0487
119.047
45.6398
54.1256
112.433
83.558
191.461
160.873
75.3476
63.0532
110.897
62.7979
51.5695
108.683
44.1079
30.5364
75.9804
85.663
195.155
39.3741
210.039
69.0836
41.3186
128.23
52.4442
222.162
145.347
57.2
27.7101
114.694
96.8417
221.69
87.9337
52.7081
171.517
44.1718
164.471
39.7154
34.6394
73.7046
26.8246
151.16
104.555
205.931
116.892
33.8296
31.1184
112.707
97.0129
32.9475
136.649
29.6813
135.669
126.19
43.7461
220.489
163.059
41.6604
84.8303
199.859
50.7142
66.4128
47.8289
82.1143
55.7572
89.4499
28.4302
88.922
70.1844
136.858
33.3206
94.7894
48.3553
67.725
75.9933
28.8231
56.7266
38.3426
27.021
109.449
29.0639
38.4243
30.1104
86.8167
70.9462
70.8601
256.888
119.148
65.8453
126.057
183.545
41.0658
48.7984
186.556
148.753
148.239
70.082
92.3143
43.9934
236.58
80.7508
117
80.1652
142.904
32.3764
29.6335
80.4419
120.734
168.023
68.1054
92.154
104.744
115.646
98.8754
78.2158
35.8873
110.801
30.5792
32.5053
92.0954
100.583
53.9442
188.687
86.3314
58.9298
121.285
66.9384
42.7483
29.6101
137.193
55.1239
240.35
114.804
172.76
35.1439
168.476
63.5545
199.576
97.5017
32.3862
117.271
69.4284
120.761
97.6628
53.722
39.2268
28.7957
34.5262
29.0504
71.5737
66.5338
111.959
82.3688
39.7263
48.6804
59.536
97.8464
102.692
41.5454
97.932
115.712
65.126
55.8652
29.7542
29.5207
92.2659
80.6743
42.2445
115.284
94.7446
87.2549
50.9254
31.7172
154.056
29.4813
56.1776
170.386
27.0365
49.1582
86.02
192.099
87.9598
37.3172
89.6514
59.2233
249.524
175.519
129.453
101.05
120.473
36.591
130.261
241.621
111.377
102.194
126.047
51.1491
130.289
29.0673
254.609
28.3285
59.5518
43.2057
74.7458
66.5049
60.4596
162.314
82.2594
256.646
113.832
221.315
83.5611
71.6118
37.2865
27.8656
57.0365
257.242
166.006
51.5867
71.1869
156.772
46.6822
34.4559
42.0397
159.214
78.8801
82.2517
53.1577
134.71
89.7689
120.629
89.1868
68.0347
36.3457
41.2779
52.1884
194.342
206.336
132.427
48.3464
87.4307
32.5519
94.3774
181.345
37.6636
147.699
128.271
49.822
68.1929
72.4611
141.711
165.129
40.4541
257.895
177.806
99.3613
135.599
67.8263
50.8875
182.138
103.386
45.3139
151.734
150.811
137.886
35.069
34.71
37.9521
148.445
217.752
165.372
141.203
97.4732
54.1613
36.5405
124.223
34.8659
97.2438
95.2782
127.977
55.8685
143.043
34.6608
70.7296
43.2402
56.5614
89.6119
118.402
40.3132
81.6701
39.3068
48.7405
101.055
77.0881
125.368
41.0495
212.093
112.431
40.1629
149.725
41.4004
33.1622
56.6692
195.89
33.5871
38.0269
37.0661
78.3791
145.229
167.002
176.087
34.166
89.9351
34.2852
71.6007
88.107
152.492
202.271
50.8899
150.336
57.0596
108.663
73.3198
71.7362
86.1419
73.2125
50.9786
41.9218
94.6347
47.6758
33.2053
35.0589
29.7251
199.126
71.511
47.6247
177.127
66.706
72.605
141.514
45.3657
116.188
54.9963
41.2312
249.822
88.1898
96.4147
172.82
26.6237
62.6732
217.036
38.9431
32.67
146.874
96.4613
106.561
38.2951
99.8378
55.9378
203.009
236.943
248.558
164.202
39.3618
52.9159
130.827
77.5858
89.7712
53.3488
246.185
92.758
107.67
45.0512
167.132
246.655
84.382
75.8497
83.7768
40.1156
74.0384
229.481
60.7717
78.2017
170.231
128.33
43.8668
45.4652
35.1927
70.7241
200.316
95.1223
60.6865
53.1527
146.704
75.4217
27.4603
91.2257
98.0895
71.7259
118.736
62.1776
83.5612
103.882
91.0952
81.6532
183.228
37.5007
45.0802
58.5629
54.8619
104.995
144.224
74.8163
122.828
45.7712
104.414
171.513
186.979
41.3762
136.572
138.273
225.295
31.6697
171.883
71.6688
179.062
107.193
198.029
54.4399
40.974
116.201
145.131
34.0286
80.9598
86.5031
33.5265
196.983
94.5978
160.651
39.9366
132.073
40.4753
82.7445
35.4397
143.431
84.7826
56.0639
72.4609
125.309
166.417
76.5163
74.0674
61.0337
29.9175
27.0519
114.929
78.0152
154.721
55.6701
71.2807
38.7541
219.193
187.393
45.022
77.6085
33.6646
153.397
93.206
30.658
133.731
54.6585
60.7703
45.822
90.961
38.0604
192.688
61.5018
38.8926
114.663
177.617
171.516
41.9897
30.164
64.8122
79.2093
48.1637
120.238
128.34
32.896
44.2865
37.4867
27.8573
56.7985
81.0275
47.52
36.1457
37.3208
67.4891
81.7598
36.3525
90.5292
63.0731
80.7431
79.599
126.607
83.9192
104.949
145.337
244.352
64.5951
34.5647
98.1787
261.682
95.0756
159.816
56.893
209.17
44.3956
99.4939
95.9785
33.3361
72.6516
71.7277
185.584
100.115
155.905
43.8427
35.075
33.6488
41.6699
29.0062
98.425
31.042
64.6075
54.8933
240.949
230.575
78.7819
210.893
34.3635
30.3891
36.9906
28.1561
194.234
56.7735
69.2064
154.972
73.7357
79.6458
28.6878
41.8161
55.5213
47.2168
31.1774
63.4003
28.4244
230.3
89.1995
102.959
49.0097
91.1169
255.01
247.581
148.84
37.1946
64.9953
65.9434
46.6956
95.4237
88.4549
124.803
51.0586
97.5882
68.8285
134.073
62.2349
69.8935
200.76
44.9922
185.622
94.4232
105.19
92.8701
158.942
93.1336
80.9229
32.8466
101.522
135.081
39.3748
26.6469
54.974
139.851
118.324
28.4826
118.897
78.4725
120.23
125.689
149.351
157.312
139.086
152.929
65.3114
37.669
51.9576
141.704
194.34
38.9488
184.896
48.4974
104.902
44.9775
41.9111
35.147
108.997
98.4748
169.781
109.998
34.1937
49.7537
128.07
31.3421
139.744
102.329
196.103
111.788
56.0879
46.4936
137.047
130.684
41.0252
49.4895
116.58
50.89
45.0728
34.1853
57.0308
43.8301
48.1049
107.693
111.376
102.722
143.122
42.2063
112.776
257.95
41.5056
53.154
86.7839
60.6931
60.8706
28.0342
43.6993
61.9992
208.464
114.563
86.7268
238.818
58.3699
35.4344
84.9345
164.253
116.227
28.0818
28.5305
46.6741
123.165
96.0253
29.3972
83.3324
53.8241
176.387
58.458
82.4314
135.502
191.592
77.4825
37.5345
83.9546
93.1147
67.5388
50.6416
60.0198
49.4126
166.612
40.9762
62.3947
85.2448
31.8335
33.7192
69.6664
123.274
132.36
26.718
132.967
33.2936
98.799
61.9079
74.0344
179.495
215.11
111.94
33.8842
40.1272
101.416
31.7743
228.239
27.6965
137.347
84.4327
51.0327
35.356
115.785
122.919
186.335
173.322
106.397
33.246
60.3744
50.25
87.3145
219.758
38.2563
41.3452
40.8535
67.5952
186.448
37.4258
55.7
56.0908
76.9253
38.7311
70.5976
57.869
232.565
26.8207
37.7516
29.7692
193.451
166.105
150.074
218.718
75.7261
33.9498
28.5287
129.822
95.5933
33.8156
58.4458
139.722
45.168
44.2364
130.501
158.136
180.568
107.506
57.7769
116.086
114.671
192.714
65.5143
47.9792
127.604
88.8442
52.8938
32.2039
71.3512
31.228
27.7118
121.439
32.8718
41.0857
65.9694
132.191
201.118
158.653
60.247
78.6699
52.8272
81.1212
51.8656
76.5084
132.863
47.5068
125.974
30.3062
69.8748
77.0706
195.935
27.1648
113.049
61.7485
156.344
58.6717
49.7705
226.878
44.09
73.8633
234.46
39.2928
69.8488
61.6296
63.8783
47.6791
79.2771
28.0762
182.729
93.3571
38.3717
192.507
81.3132
28.5639
191.499
117.247
37.8232
122.619
75.0346
232.119
108.444
74.0884
208.083
183.095
34.426
41.1803
70.5601
59.3781
86.8992
50.9194
37.9299
151.083
42.7181
127.147
26.9569
178.336
45.5421
88.8469
127.447
150.398
81.5144
33.0163
113.96
127.012
57.0088
84.4089
111.336
109.031
88.4202
55.5779
29.414
70.3917
31.3869
49.7083
86.9761
237.407
244.203
153.274
53.2623
35.5544
140.727
29.6387
123.763
105.392
72.9247
121.17
111.389
138.08
44.8844
83.462
62.243
34.7578
54.5965
55.4191
26.9377
70.0584
33.5863
73.6987
62.3428
60.2912
41.6926
77.5159
70.5173
57.9368
65.796
159.579
123.904
88.7635
63.626
83.5211
99.078
53.1952
176.106
68.1091
163.167
35.0562
151.62
209.816
44.7661
36.0541
37.752
45.394
222.639
68.307
34.9096
78.4782
73.186
225.63
39.4401
52.5865
168.765
112.199
67.4713
135.77
128.978
55.4351
64.2143
133.979
48.1267
44.3812
46.5637
147.148
116.193
49.4781
29
151.121
95.1179
71.0148
59.0976
47.8996
101.514
64.1141
41.912
29.9822
99.4951
123.084
52.1693
55.0483
202.159
102.878
154.922
101.843
31.0497
60.9868
205.792
36.7139
207.007
131.77
106.921
163.208
232.721
71.4122
105.149
79.3524
76.6175
47.2726
38.4998
40.5294
59.6293
241.851
80.8642
209.39
119.957
75.5193
96.514
139.303
204.97
108.003
60.718
50.7623
173.707
27.3303
87.8103
40.7548
55.7156
120.923
43.9356
116.768
33.4748
38.3086
66.3231
128.319
128.477
251.538
158.517
49.269
148.326
140.559
30.3716
28.0185
124.049
253.108
28.6945
150.2
36.9523
31.0897
263.337
37.1718
74.4365
28.3507
39.9075
32.0473
91.5056
29.8877
113.308
185.165
29.5654
88.6609
131.463
76.1592
76.1823
137.359
43.0097
149.889
84.1727
53.2956
40.9934
43.9353
38.3368
30.8171
166.92
27.5997
55.4748
94.1479
43.2957
111.36
43.6666
203.105
147.075
48.1596
94.9004
153.515
66.1426
43.8261
34.3117
31.2662
93.5366
30.7031
219.155
130.487
212.481
164.622
169.934
97.969
68.7333
67.5345
85.509
122.986
148.433
80.6926
122.054
94.7668
69.6318
99.7946
43.9429
126.886
61.4144
158.458
175.035
29.4492
32.8543
182.686
92.877
32.3269
72.927
140.254
97.735
44.8166
29.4691
28.9099
27.4589
65.229
103.07
104.921
261.938
138.831
70.4694
96.5916
40.2349
41.5647
43.9879
166.238
191.544
115.417
83.8075
55.1993
30.521
147.973
92.6528
132.773
32.6537
34.2327
167.685
196.582
97.6793
93.8998
46.1705
113.579
208.246
51.1325
218.537
32.9496
65.3453
29.1139
34.6605
119.368
43.8909
195.92
31.9254
39.3498
44.27
49.8129
115.786
49.0986
101.458
122.859
65.0131
56.4143
102.312
81.5332
50.1094
42.9749
39.9191
34.4978
90.0783
57.3198
82.2278
35.6534
227.439
43.3512
95.5774
39.4384
115.673
62.7581
28.9532
92.502
73.8624
82.9641
112.785
71.9295
57.8734
44.3816
135.828
69.1145
78.5758
53.2163
76.184
68.8863
38.7162
189.244
244.441
108.016
121.753
122.531
38.5053
38.988
50.0422
27.595
33.7937
98.6026
39.3132
260.655
84.6192
108.409
163.465
102.209
72.2144
35.621
102.572
27.7094
213.907
181.01
30.1964
39.6093
32.7914
219.54
179.865
76.239
53.3285
104.412
46.4824
167.2
37.5395
48.3622
33.7873
54.8788
81.0595
74.0612
127.197
43.4616
60.0068
111.024
111.442
158.027
30.8523
118.436
87.5153
39.1826
104.484
61.5931
43.5069
51.5911
98.7587
68.8878
164.478
62.4616
73.1522
143.704
33.3883
116.49
112.082
38.3735
58.4513
149.733
102.127
27.9302
196.218
136.732
107.225
93.1362
64.2136
29.1323
67.7181
43.794
69.2402
55.9562
48.0435
82.2067
51.0016
161.414
157.121
49.3571
189.245
33.9103
150.697
56.6041
69.3926
50.9185
166.107
85.5306
32.4917
91.8252
53.2293
106.678
118.137
27.2147
112.089
37.5846
53.4303
39.7078
35.5121
71.5222
29.9894
101.671
92.1491
44.8182
150.644
199.081
60.3948
150.174
44.3001
190.621
98.9531
179.178
124.717
30.7502
107.582
57.7257
113.427
95.7328
39.9496
58.7983
140.117
109.55
118.007
159.841
75.4676
142.056
55.9449
78.3648
45.4794
27.7327
209.567
48.8805
28.4294
115.449
192.026
33.1352
165.393
64.3233
108.472
179.677
75.9419
65.2922
69.6095
193.114
56.3207
38.9687
109.887
93.0171
194.403
80.8359
53.6809
41.6406
42.7679
40.5895
36.3065
36.6104
27.4211
78.6539
118.769
39.0723
69.008
38.2358
61.4902
66.075
55.2023
40.38
203.221
63.7179
95.7154
151.455
142.338
34.5806
140.083
135.709
95.9742
189.448
28.2264
139.998
71.4692
178.006
130.473
81.1459
41.709
32.6491
33.4657
151.262
48.3106
105.796
131.748
72.1525
76.0454
199.29
72.1659
72.6727
79.8084
29.2927
38.3485
46.4282
35.0122
35.5422
91.4817
47.5572
200.291
77.185
187.739
53.0513
39.9519
48.7766
133.641
124.275
117.828
27.8237
130.749
170.821
153.289
68.9847
47.9086
214.454
68.8333
70.6144
71.615
83.1955
70.2391
197.78
93.1815
52.601
61.5451
61.9226
59.9939
152.263
140.285
59.4988
184.637
27.3764
82.4993
204.086
173.879
53.2188
202.723
235.755
43.9798
169.935
106.764
71.9316
49.7844
42.1184
74.8644
82.6341
224.109
52.1594
143.066
96.6972
130.959
65.5935
135.76
29.9563
72.8287
97.3059
122.468
80.298
45.8321
110.1
93.3393
40.4799
64.3478
83.115
84.6305
113.705
56.1397
92.7836
28.5074
28.6844
154.152
76.0328
117.581
249.858
35.9918
77.4307
110.596
133.367
52.1818
33.918
150.964
67.4752
57.3754
98.8858
91.9386
86.9817
76.3921
164.584
140.095
169.06
109.009
112.471
138.045
56.783
85.8381
33.2429
185.944
96.0479
43.1894
79.4732
60.3345
172.211
92.2408
107.795
113.983
100.662
45.3075
157.879
41.3322
75.8658
144.575
79.1781
65.3769
161.685
38.7844
52.3231
42.1325
141.612
42.4249
37.413
28.6324
36.1535
33.4018
79.5912
40.9694
102.002
69.7633
41.3465
97.9369
261.904
135.007
50.3706
45.3898
123.773
86.8833
100.649
49.0468
120.117
148.33
33.9317
152.501
55.3336
194.265
73.4076
158.819
42.2285
64.5978
96.9068
43.6742
103.901
26.7978
152.936
76.7295
43.9502
126.25
33.2344
201.642
66.9099
74.9286
88.0105
65.4359
37.518
58.3945
47.0054
39.1789
199.706
106.841
57.5075
123.537
129.65
47.201
138.889
27.9962
220.182
42.3516
28.9388
63.2785
63.1838
40.0549
180.568
206.935
232.069
40.2212
54.693
101.003
243.808
239.17
61.2321
171.995
32.4747
230.319
67.7822
83.4189
55.2404
221.63
112.221
181.294
98.5957
31.6864
49.3905
159.645
95.9695
198.722
37.2883
124.389
83.4589
171.874
142.228
115.574
197.693
26.741
221.662
202.01
67.0204
103.495
32.4219
224.796
30.5036
140.961
37.976
41.4586
121.41
69.8431
65.7948
28.9543
171.221
180.254
28.3407
51.4461
206.133
79.1618
55.4334
37.0335
102.631
32.9508
36.4132
50.2631
234.766
129.92
81.7079
36.1838
29.4846
127.085
67.0514
105.336
46.5275
213.824
131.286
60.376
36.747
45.9563
56.1724
100.788
166.165
26.4383
180.483
31.132
55.4549
112.219
73.9604
128.595
43.8039
132.508
63.9949
48.9931
49.1087
50.7711
211.685
32.6942
70.4511
137.891
111.666
96.0793
110.355
48.2184
35.6177
199.193
161.164
218.666
123.478
100.793
123.821
48.3373
81.6069
50.169
207.97
175.029
95.579
110.776
237.13
41.3638
54.2525
57.4359
72.8532
38.2939
76.0861
57.761
62.4984
39.5648
212.119
52.1209
59.9909
121.997
123.658
78.9688
80.4564
185.414
41.2068
190.743
42.0492
28.8964
43.4414
170.699
153.517
63.3339
129.945
121.011
175.438
61.4799
38.8409
29.9182
155.357
77.7685
31.069
31.0535
49.4556
49.5079
91.7263
259.122
48.753
53.2724
164.913
40.1187
91.0379
88.717
135.663
83.8155
35.8492
49.1112
90.0265
28.8006
36.2856
127.596
71.7221
183.397
43.618
40.7699
39.1184
62.1185
50.5193
71.0687
30.599
197.165
88.1443
116.542
153.449
84.6216
40.7766
112.287
123.286
81.455
80.9966
40.0349
178.127
59.1306
86.8319
64.6438
72.991
33.7438
115.908
115.813
46.8187
73.0883
99.8758
121.866
29.3066
87.0704
92.7416
141.247
104.268
161.547
67.7262
67.3441
43.0827
128.492
148.67
63.1427
209.476
39.4919
234.834
132.415
44.2321
74.0368
53.1843
52.0734
171.288
91.0355
79.9599
133.467
50.3853
87.4677
171.495
78.6956
84.0111
41.1928
88.7545
80.6172
71.3791
103.4
143.174
56.8982
151.177
26.6911
83.7644
66.4284
43.8164
86.0042
46.1303
157.98
100.386
56.8394
40.9617
28.3269
125.51
44.9394
131.286
113.635
80.4099
105.47
101.701
130.286
262.331
50.8176
155.076
87.294
139.353
108.838
34.8545
155.039
47.4785
71.3611
61.615
39.7581
59.3513
32.7515
29.8528
82.1156
95.8929
118.648
49.3203
99.7395
65.5453
132.85
63.2832
61.3963
30.2829
34.7234
135.686
136.291
117.242
116.354
34.6262
103.817
102.707
222.977
38.596
177.518
32.2895
59.4548
38.6778
51.1364
216.032
80.3426
208.802
61.6904
32.5256
99.8859
46.9542
44.5449
93.8057
106.808
80.5918
41.3965
33.8294
98.3461
43.3818
171.418
175.359
151.482
177.353
33.9666
97.3237
40.5989
52.7477
49.0036
69.6379
42.567
79.6272
92.6912
113.621
50.4984
133.258
148.165
88.3131
217.502
39.4631
96.8252
45.8638
51.6546
87.1842
55.3277
30.9906
119.755
87.0633
46.2423
36.2401
119.581
65.4469
76.5704
37.9994
34.2907
76.5697
169.076
74.1464
39.4113
42.5469
85.4739
50.6065
95.2212
122.24
68.8728
54.3579
30.8745
90.128
88.4799
131.421
85.4913
169.795
98.3302
91.4273
28.678
35.8291
65.9498
149.025
38.4585
87.8122
79.7052
157.623
68.5299
68.9073
44.642
100.357
38.5388
29.7591
36.7858
136.991
111.162
70.4823
87.7079
28.4521
38.8823
77.4688
200.016
35.0933
30.9138
32.8539
104.847
169.381
50.069
44.4039
181.65
69.5672
114.351
27.2719
80.699
93.6538
41.1981
40.1406
52.071
39.3281
55.8206
50.7035
28.3689
54.184
74.4006
136.259
241.45
34.5645
87.5933
154.433
49.455
89.7198
126.744
213.884
164.331
89.4744
69.2591
35.0256
33.673
66.0475
136.927
165.394
188.31
95.1913
188.943
91.6905
31.8303
98.9657
133.209
92.3232
133.513
117.582
64.2059
192.468
54.0187
51.5475
48.0934
263.513
73.9151
229.362
78.8167
62.2866
85.5711
171.755
26.8724
52.3154
34.5191
167.928
223.483
68.0404
106.937
95.3354
59.4106
200.621
30.1885
80.2273
183.747
234.465
75.3555
76.039
197.614
181.755
126.523
102.592
66.1399
116.793
76.7781
35.3775
107.517
26.7045
61.4755
54.0226
29.258
137.11
31.763
44.605
67.9397
33.727
253.727
71.398
147.557
159.952
50.6932
76.2833
49.1181
29.6846
52.1239
102.616
65.0113
39.8518
102.529
46.1625
131.649
75.5621
40.4263
89.9773
63.3067
179.938
37.9796
77.4034
75.3225
92.5115
72.3502
28.558
201.32
47.4432
65.5481
209.569
64.3888
75.5828
37.1614
184.743
165.725
93.0806
60.9501
44.3115
49.3761
97.3084
84.0973
99.8217
63.7741
71.5071
113.193
43.3525
67.9743
256.616
45.0941
87.7671
107.125
28.6739
46.2203
53.8531
82.7907
63.5308
50.7007
85.7403
82.3283
45.5854
27.529
174.767
198.074
35.2247
107.775
35.8832
133.66
141.534
95.1449
33.6748
194.101
46.5163
104.899
80.9911
86.0236
144.349
249.62
45.0731
39.287
113.568
35.8467
101.541
52.9155
99.0798
38.7346
65.921
109.47
101.634
92.4697
147.38
41.2737
85.6845
92.4297
142.911
121.212
33.0077
43.0719
123.034
41.1043
161.253
53.8379
186.113
254.2
30.5572
65.29
83.8441
126.725
102.496
39.7798
34.5449
58.7751
59.4671
78.1302
249.368
137.89
98.401
41.0469
46.0543
76.3075
221.773
63.1698
79.4987
66.7737
44.6128
188.617
131.434
82.1251
42.7906
54.4134
42.1408
42.4319
42.913
42.6476
248.729
40.1797
52.8086
60.8565
120.451
70.1888
29.2058
100.926
26.3673
208.645
156.896
83.759
157.183
80.4315
40.1652
44.1703
50.7985
108.958
48.4389
115.546
38.0365
256.559
83.1788
247.203
131.887
38.6915
42.7481
102.464
137.726
35.8742
29.7434
97.4953
55.1383
73.7737
59.197
130.998
46.2347
108.452
256.732
121.896
100.569
54.3496
39.1415
93.6739
203.078
193.835
37.2101
125.497
59.5798
74.3306
87.44
92.9898
59.3065
33.37
195.288
213.426
86.1142
63.8414
94.908
107.309
146.169
37.38
47.2075
51.7949
41.034
93.4836
44.0184
87.0288
117.296
206.724
32.4465
47.082
88.5625
111.795
70.4224
46.2999
95.4761
130.944
82.0826
50.8705
29.1292
92.3619
38.3956
32.4169
181.696
219.089
116.186
126.006
188.42
105.072
52.1494
244.732
82.63
66.4728
82.6008
200.119
252.196
95.2323
168.097
91.0633
107.092
178.861
51.9008
83.1223
73.1744
102.109
39.0446
74.1998
74.3654
82.9074
60.2597
126.457
53.0261
108.679
145.588
44.6828
38.3364
103.911
44.6396
78.6139
84.5522
85.5984
45.0546
133.792
135.013
99.4294
151.035
66.1807
64.1819
38.1933
52.2369
38.3124
48.9004
49.2862
66.0911
77.4943
191.86
36.546
60.0649
210.155
48.0798
79.385
147.731
168.561
109.785
221.505
126.206
85.4043
48.7975
66.5224
213.608
69.5593
41.896
46.9675
48.6431
41.8129
126.6
105.221
50.5792
93.3189
35.4753
56.3199
72.7586
64.0684
253.923
135.288
48.4993
68.6876
50.4476
26.9378
65.9305
80.3478
67.111
86.3572
36.1625
149.931
144.442
73.5942
67.2148
27.5308
158.141
223.624
119.696
141.957
44.757
99.3383
31.2971
33.3294
101.281
205.412
82.0674
100.583
58.7689
50.229
33.7322
168.605
87.6671
85.3612
53.9556
61.825
33.8327
53.7429
30.8184
191.961
36.9682
29.325
71.6069
218.229
48.6313
32.9463
42.6248
89.3978
121.83
31.3184
69.1201
143.58
26.8925
43.9736
58.0833
102.831
74.0894
32.7717
101.462
54.9749
51.756
62.0139
37.5568
75.684
91.8929
81.9301
29.2245
38.8579
84.0508
140.147
65.0165
30.5634
178.885
30.4148
57.0877
106.257
135.082
30.1135
28.4708
99.9206
83.4254
167.589
60.4623
91.2304
196.163
147.429
40.6587
113.893
83.6257
63.5706
208.811
79.2711
44.4614
56.4326
49.213
83.724
28.0593
34.2009
53.8362
49.3424
64.986
173.558
30.671
61.2595
35.8114
91.3392
37.4566
125.961
140.263
94.9309
135.379
55.5133
148.954
154.799
92.9171
28.027
38.0079
55.3746
182.676
203.814
108.225
60.4403
113.596
102.147
66.3175
76.9591
152.567
183.482
108.865
78.0973
76.3018
67.5596
41.2224
88.1818
28.6648
55.5898
62.9887
154.142
80.2549
77.8108
154.561
150.598
40.9966
96.6007
220.613
29.3272
34.2701
56.2556
49.0728
61.4509
255.631
116.177
88.8414
33.9675
180.678
72.3864
86.1012
55.2194
108.237
207.467
90.8006
44.1592
33.6281
77.853
77.668
171.381
105.126
115.224
104.108
46.5743
55.6727
99.4449
101.765
45.9121
181.716
29.9879
32.4122
111.189
58.1964
54.0419
46.5132
213.728
35.9877
51.388
33.8021
151.371
186.171
112.109
116.215
84.9884
121.528
58.6435
217.92
37.7045
188.471
65.5238
99.3112
61.4779
36.8945
78.1451
109.293
165.251
115.457
91.9227
36.0468
39.8116
137.705
26.6084
64.5345
85.9079
109.04
101.416
118.457
167.327
47.4575
69.6559
60.922
51.5085
234.96
50.3362
130.366
127.356
159.397
51.3986
191.332
101.159
87.1471
64.8997
39.562
150.483
179.127
50.8543
37.4721
45.0109
130.558
146.34
119.003
95.8451
69.6906
145.308
191.162
155.986
31.161
107.141
51.059
26.7079
142.63
76.5237
28.4037
96.9467
46.8981
68.4629
46.3662
73.3195
40.0141
70.5497
84.2872
100.123
211.303
71.4209
27.5644
85.4491
124.594
42.564
84.6532
124.911
73.5048
122.76
37.2989
57.9953
75.5054
61.6046
77.5807
41.7555
247.303
98.1786
35.7537
52.2548
100.812
70.4409
81.7923
123.595
120.701
136.883
226.57
94.9075
102.107
102.902
103.431
78.6868
51.6566
152.424
164.632
228.858
53.2046
134.291
142.894
121.953
109.062
49.9052
76.8113
36.3564
59.7653
140.066
113.845
35.9598
230.099
49.2436
126.315
112.886
134.71
221.099
222.55
80.2885
79.327
38.1515
124.629
75.0912
34.5496
36.3217
37.5926
35.1153
215.378
53.568
49.0007
112.027
47.2124
107.768
71.6351
41.1534
68.9544
162.166
146.123
83.6086
46.7994
119.061
77.4568
135.86
131.323
124.614
110.243
79.4211
36.771
207.222
110.813
92.7654
41.7666
83.5125
102.744
123.735
169.822
26.8726
42.8701
34.7315
60.0401
85.2888
53.9971
95.0332
113.57
31.1093
56.6837
28.7429
176.795
42.2209
108.943
135.613
52.4721
32.3687
67.6876
85.988
51.3047
47.3358
108.654
144.926
83.061
66.4464
66.8926
235.982
86.4755
65.181
116.256
148.021
110.722
59.0005
236.011
149.931
45.581
44.1306
85.3086
49.833
48.4816
81.8136
226.194
148.314
51.3212
70.6743
107.729
66.1159
70.4526
44.1634
34.5775
48.7148
97.8861
49.9214
31.9686
91.8757
29.7165
164.997
88.3437
79.3681
40.6518
78.0037
38.1288
89.5395
123.949
64.1716
134.112
45.5966
59.8127
58.8207
106.115
58.9566
119.134
72.5296
37.6311
75.631
75.7735
30.2002
60.8463
185.571
170.498
32.358
44.1158
179.003
193.374
124.702
94.6227
158.581
92.0297
35.3612
81.1678
158.768
180.671
34.4033
28.6253
55.1926
60.8782
133.328
112.067
128.192
220.082
28.6804
59.9532
141.932
70.0945
61.7889
52.3832
132.04
61.5455
69.8064
104.834
30.9797
62.9766
69.9076
57.7575
186.539
64.4558
68.9663
74.2695
83.022
193.618
77.2363
143.261
121.554
81.8767
48.6565
70.5373
43.2493
86.5153
33.9392
110.682
61.8298
111.448
75.6061
28.7593
119.927
87.3908
60.5435
41.351
32.8862
130.777
37.451
89.2683
123.011
70.8709
69.8839
61.117
80.3062
91.1944
162.398
53.402
93.9237
126.865
36.0405
118.86
38.9636
98.2773
41.3253
32.8651
68.3304
46.4426
180.681
55.9149
87.2873
46.3981
131.954
79.6533
190.474
80.5917
134.041
139.93
182.368
47.9606
30.3986
53.1198
246.049
120.518
104.782
78.9157
98.0249
87.1076
43.7044
48.0089
174.355
59.3607
71.7994
251.747
93.035
27.7588
114.392
32.6194
104.745
98.5263
46.1846
50.0147
48.4691
59.2104
98.0541
149.393
164.123
220.854
166.769
46.7155
160.415
139.422
26.9912
142.269
68.7036
53.6886
29.3624
104.919
134.583
66.976
148.644
31.3757
39.8019
51.295
39.2211
55.399
65.0838
115.306
75.2344
228.379
54.3235
60.5897
34.7441
119.257
64.0012
245.228
65.4616
134.763
85.763
88.908
49.7435
38.2163
37.2365
159.485
153.71
45.477
168.309
42.0933
44.5648
42.0227
68.2019
76.7939
32.2906
136.446
65.3934
38.4179
79.8572
75.1024
54.2784
57.37
141.764
67.6421
156.965
47.9924
180.437
53.207
97.5247
69.7615
191.85
143.415
153.145
55.4603
95.9158
83.0211
33.9346
104.404
216.383
40.3585
70.1436
78.5407
68.8754
30.219
133.406
70.5228
27.4856
106.662
75.4954
162.682
36.6457
41.9865
147.112
26.5953
175.963
48.368
76.4599
60.6444
65.2216
161.087
51.0418
136.279
95.6556
106.092
73.2386
100.925
120.769
151.304
37.5824
103.48
56.5076
65.7808
96.0741
30.8787
166.531
166.245
81.9768
82.3157
97.3222
135.271
39.2805
34.359
150.735
114.131
126.076
27.8927
147.115
153.309
131.049
55.8533
64.3111
39.4977
48.9383
29.5602
114.019
79.8756
66.6539
58.5107
69.9136
98.9434
46.3226
56.0495
65.4159
62.9353
45.0724
179.709
102.166
70.9801
91.5729
65.8939
67.7927
58.0618
42.7384
65.0912
121.087
111.957
68.7918
257.822
111.883
151.394
97.7977
74.4938
257.05
82.4217
132.591
187.797
84.6636
77.5145
118.527
130.282
197.605
32.7401
32.0238
57.35
62.0812
157.725
118.818
41.4047
34.0302
86.0777
65.4362
103.948
28.7457
41.8301
52.2719
69.8386
47.3527
133.347
96.4877
28.2731
68.2607
86.4455
74.5865
153.334
161.343
145.632
46.0099
26.6286
207.794
135.828
27.5468
108.175
136.932
135.123
48.7867
82.2113
26.4319
218.422
29.2879
36.8449
79.0324
94.0294
129.944
123.4
89.318
83.9582
94.9265
73.5024
139.644
101.773
245.207
44.4396
157.303
38.5254
117.357
44.3641
162.049
68.0117
237.761
44.168
44.2182
46.0523
53.1419
69.6026
71.6934
64.4606
64.3465
156.781
104.742
30.8873
137.068
240.05
102.781
192.346
35.0758
67.9197
54.7055
45.3832
111.109
248.678
141.611
43.3724
48.5664
34.2584
153.044
53.6641
52.2512
28.2148
260.268
102.513
50.777
55.1887
172.541
120.368
120.389
86.0716
121.282
43.0087
100.68
55.2286
72.0118
163.856
41.5399
119.229
67.4057
177.723
67.8432
115.431
169.968
56.1507
33.1235
173.479
235.312
42.7735
70.1326
32.8082
26.9138
194.875
55.2474
38.3042
256.06
76.7701
111.387
247.297
113.954
49.2514
89.371
55.7174
83.8528
178.977
27.3262
225.539
40.0703
35.6707
35.527
58.0986
125.554
196.182
78.7856
70.9645
57.0903
121.224
226.992
160.008
91.8596
44.8195
48.1542
53.6015
95.7063
65.8743
44.924
31.8348
93.9312
227.343
195.751
90.0831
89.4757
248.615
76.5106
131.917
101.685
68.1114
237.027
137.201
36.4943
32.053
71.848
63.7421
34.3079
76.9446
160.624
86.0026
112.006
220.186
85.9118
73.1204
166.47
30.8288
80.0693
28.8063
67.306
46.846
158.108
72.7484
29.0383
102.301
51.3689
30.709
213.316
70.2174
153.776
40.7809
30.7757
47.6968
43.0113
77.7315
77.6893
164.739
40.7704
155.868
94.3836
44.3464
30.697
36.0638
49.2609
183.053
114.005
131.068
67.406
95.3924
33.1951
56.1993
88.5273
27.9058
67.1501
37.5747
122.077
100.245
253.848
211.522
199.113
163.901
102.12
54.9905
51.3837
56.809
67.266
90.1896
139.321
60.6743
108.078
51.6774
72.3444
61.2598
42.1286
182.912
62.0303
94.213
248.33
112.922
60.4028
249.541
50.1787
73.1755
146.152
122.459
64.5782
27.6061
59.9455
189.957
61.6111
150.932
103.083
54.2591
208.979
178.958
50.9788
60.6146
73.3634
95.6223
132.736
71.019
47.0828
82.107
32.5261
40.0855
56.4442
68.2088
152.453
102.27
148.318
58.2933
44.4253
29.85
103.442
73.3273
74.225
102.621
58.6029
145.854
59.0117
107.717
87.3718
50.1169
65.1574
208.312
159.579
52.7943
125.581
37.5425
31.331
110.883
78.4478
40.8139
238.671
227.454
88.1011
49.5841
157.194
38.6138
196.273
31.9682
239.811
40.1175
111.989
31.6335
63.8509
159.13
153.216
77.6631
188.772
90.7851
79.9662
34.9052
145.052
105.692
146.801
84.1299
203.788
121.886
65.8759
79.5893
28.0774
76.1643
226.695
73.3111
107.383
33.9794
177.702
89.3316
53.2813
159.548
162.491
34.9584
49.571
180.111
151.903
209.553
60.8249
135.042
39.6257
110.396
105.048
74.3614
98.619
32.6899
103.759
68.6241
125.871
123.515
65.8125
79.8618
64.5866
120.124
183.13
37.9354
39.1421
49.2956
262.258
32.1396
199.977
60.6186
48.5462
106.794
43.2757
96.2484
65.4326
57.6369
133.669
35.1369
42.7908
101.676
70.5186
84.6757
59.4816
46.7601
214.232
159.626
98.4637
85.0344
132.525
190.577
59.2442
125.696
118.076
82.6874
42.7905
41.2964
161.205
39.691
45.8089
70.0173
96.269
39.9759
37.2271
135.359
75.3973
106.458
67.0101
97.4689
52.6359
84.4342
75.3538
29.6626
41.9676
140.885
40.7951
26.5117
31.5548
98.0298
29.5615
93.1182
239.105
69.6731
133.268
57.5174
27.0194
38.7775
204.659
32.4416
125.328
111.651
28.8203
69.537
57.8761
68.4294
71.0546
29.1342
141.406
72.8203
231.587
61.9691
88.2942
71.4713
205.37
58.8765
188.405
78.9254
36.5205
61.4607
72.6066
34.4123
122.556
161.589
62.3765
57.1222
27.9276
38.8223
53.5329
138.577
49.0084
55.9445
30.6385
43.0934
42.5292
235.825
45.1155
101.516
39.9416
181.338
97.8119
67.7324
49.7996
132.033
58.8685
50.6955
142.207
51.3392
80.8666
44.494
47.4277
90.4525
49.1622
110.394
34.4751
120.161
89.1142
43.7259
64.8527
148.25
154.826
109.131
87.675
34.5039
31.5238
60.6717
28.3258
70.4981
134.494
139.956
66.7361
130.032
61.0454
133.613
118.072
68.5774
33.2734
53.5511
111.835
130.185
60.1763
37.7626
35.5882
89.8401
81.4713
101.272
232.034
89.2406
39.1393
49.5419
35.9575
92.8806
64.3783
139.958
37.2563
70.8709
53.1743
161.025
62.25
49.4599
69.3395
26.3895
158.5
54.9054
97.043
59.6953
108.046
125.711
36.0798
73.7234
54.3516
36.0265
58.5908
37.7252
53.6556
32.4697
81.4574
211.757
142.973
184.63
26.8332
83.3951
34.1424
111.685
65.6483
94.9556
243.58
129.281
88.9837
68.3564
88.2041
61.422
144.54
94.91
52.6386
64.1285
72.6075
93.9723
80.1205
69.4047
97.7779
60.8701
37.0453
73.45
88.2425
37.4532
59.0941
47.3529
41.3883
45.9146
42.283
35.3524
38.4936
201.6
64.1573
99.9041
124.128
81.6539
33.398
141.817
36.2468
27.3521
144.249
101.339
99.7225
241.039
41.6089
73.9247
145.98
30.4546
123.993
29.969
33.2477
246.395
84.759
53.8424
59.0167
34.8078
31.1251
147.117
77.1847
81.7502
28.2224
40.0889
152.334
63.185
123.051
90.1024
140.645
186.799
67.0462
43.0731
55.2195
67.8168
36.7476
172.54
51.2295
66.3262
175.271
32.9286
76.3367
60.6472
53.4529
167.187
83.5038
36.8598
57.3818
250.86
152.568
58.3836
45.5763
95.4108
75.4641
52.8974
49.0066
85.7158
47.4183
47.4241
92.1642
61.3104
197.794
42.7005
62.5109
75.628
31.5154
134.808
33.3614
50.1849
48.6637
124.053
30.0194
44.0495
26.6879
147.246
184.577
222.093
65.6041
53.9929
132.416
106.79
93.1754
46.0704
140.298
63.3187
33.408
88.7334
108.85
107.496
212.964
27.275
125.899
85.6122
164.455
96.9951
50.5976
96.0113
152.7
163.881
53.877
148.489
37.062
247.11
109.056
35.0417
47.8022
58.6577
82.5132
61.2508
100.877
95.0383
87.027
52.1818
62.3325
27.6633
90.2928
109.941
85.7439
37.187
84.7658
31.5714
146.972
37.0527
67.0206
77.7092
71.9784
225.247
79.0528
40.7166
43.7361
41.9727
83.2951
248.008
32.954
73.3081
55.4918
126.134
64.3875
133.235
64.468
27.1394
101.331
126.302
40.9757
49.2958
78.3042
34.5849
156.761
102.8
68.2184
153.47
47.9862
26.8282
94.2743
81.7522
46.1403
44.3155
78.4186
125.463
104.114
90.6518
37.3311
117.114
93.9212
49.5972
113.265
32.8674
110.125
44.2796
57.0496
181.807
46.1822
78.5486
57.9485
62.9771
106.176
43.8891
157.629
67.4423
195.813
85.0527
77.69
180.184
130.94
158.095
92.5079
85.7703
161.86
35.4575
69.8819
48.1472
171.734
46.2031
46.6427
40.2722
94.1335
50.1992
114.404
70.4511
76.2659
64.0725
59.4202
123.264
99.9584
36.6012
51.2408
165.992
93.7716
28.4881
81.0552
37.135
54.1
62.3844
171.539
94.2485
79.613
137.156
70.1465
27.4722
51.269
216.405
234.629
164.042
201.783
32.428
73.6494
62.6685
64.132
111.037
58.4921
32.4581
170.786
109.34
89.1257
117.503
32.5292
100.577
75.2168
36.7454
50.7911
115.04
125.92
181.251
157.123
238.549
169.878
33.7198
121.444
70.3924
68.4706
162.446
28.1618
30.4652
47.5914
47.9048
118.211
45.3599
158.539
70.5484
49.8194
67.8604
54.1596
78.0077
89.5197
70.4599
174.859
80.0475
101.537
45.388
112.354
150.861
29.6375
97.0349
112.326
56.6656
78.3198
54.6993
75.2207
34.8061
226.679
62.5845
29.8807
38.1667
97.3259
82.8799
35.5874
34.7751
137.278
136.498
93.657
73.1744
58.4272
43.0205
60.3063
128.73
45.4154
50.7722
39.8155
233.592
50.0377
153.356
129.915
44.9779
27.1361
81.7666
208.507
77.6212
104.064
68.3007
130.501
96.2206
36.9729
104.877
143.368
153.112
34.2807
221.098
56.9488
190.5
59.5639
40.3639
148.837
119.709
42.2314
140.049
66.0882
38.0552
40.9314
90.8695
220.387
82.047
188.718
45.2867
52.3358
45.1635
79.3361
61.0938
170.81
116.399
80.1935
59.6543
88.2161
42.266
37.4256
33.7876
26.4488
94.9072
123.863
70.2738
53.6504
38.4623
66.3182
34.718
150.827
138.284
255.548
47.3862
56.2956
126.376
235.203
46.4123
47.2699
104.087
119.199
199.139
50.1106
166.616
59.6114
126.519
26.5346
28.8512
66.732
62.5096
64.5366
126.198
166.628
70.722
154.724
110.945
54.244
105.195
36.5258
29.0098
68.7739
249.537
129.737
31.1853
40.5461
32.2548
83.5038
98.3888
41.1278
57.9291
91.5546
89.8547
38.1592
52.5749
80.4638
33.6661
47.95
240.817
83.2707
107.319
206.311
51.5914
113.782
111.081
62.2452
106.962
93.457
62.5868
234.938
29.5578
231.929
35.4611
171.03
47.6822
66.7355
43.9862
135.253
42.5317
76.5327
163.422
33.6035
46.1132
111.61
144.512
126.93
171.134
32.0902
148.404
142.449
148.719
120.741
52.6702
82.8452
49.6859
113.323
76.708
147.514
113.41
94.7768
100.645
73.2226
245.355
129.504
80.2112
79.0351
42.8239
32.5739
51.3277
39.3205
232.97
80.6333
48.5103
66.6013
88.4472
89.916
31.4531
115.202
27.2264
28.2194
30.1395
207.759
82.5665
140.211
137.137
190.533
73.0603
42.8367
136.105
102.508
39.3264
47.3319
56.0225
41.9268
90.209
37.2105
65.16
67.7582
50.0919
178.167
26.7218
111.384
229.588
46.9048
42.1087
147.361
154.163
84.9735
31.1474
34.237
94.9184
93.0436
38.4811
91.0147
68.9768
28.0151
37.7086
68.8517
128.736
59.9032
58.0969
58.3291
42.189
147.217
39.0691
39.1899
158.65
64.2363
111.829
78.1847
44.3097
39.3478
43.9808
36.8353
76.6657
140.196
240.764
81.1431
84.4968
109.278
94.6721
58.0963
44.1051
83.0215
90.384
62.313
81.8264
40.201
36.5455
71.1689
34.1135
35.4388
169.21
40.2118
77.6199
132.192
131.507
190.855
58.6419
93.1432
59.5258
36.895
35.8809
30.2844
72.3006
102.005
26.4554
41.8613
44.3474
45.7796
110.299
163.657
54.0729
53.7262
111.958
32.642
32.5936
64.0145
156.981
227.927
89.4131
59.5268
46.9277
57.4634
61.7138
151.221
131.459
57.5708
32.8507
66.4963
74.8406
95.7072
182.967
43.4575
175.796
52.47
69.4617
104.246
96.6709
108.061
131.064
49.0144
83.1068
56.2361
60.8823
32.155
108.335
110.695
83.7204
104.448
43.4142
43.9273
130.988
55.2087
55.0648
46.8937
255.505
152.143
87.8105
114.333
95.654
78.9938
70.2496
174.001
37.2005
189.587
98.0005
213.79
241.553
29.2842
109.331
30.1
70.5538
49.8162
37.4245
139.069
79.9168
42.7997
34.2391
109.866
160.873
166.936
150.576
46.392
179.994
108.466
107.44
195.814
47.6888
63.8944
156.278
62.6581
167.721
105.699
61.6714
28.1705
60.6788
85.8247
80.0926
37.7911
47.471
50.4176
34.7981
33.0439
69.6787
66.6056
185.081
55.2808
91.8284
77.6772
112.387
235.033
32.4379
27.9574
33.5116
33.1373
114.692
47.9361
33.9816
47.9592
79.9553
91.0305
76.0647
77.6261
139.21
150.172
52.8917
47.6026
58.5205
52.7514
124.107
100.841
36.6173
64.6969
43.6042
34.7217
69.5911
51.3151
228.605
176.55
141.293
59.5917
27.9
30.2163
48.7967
44.1221
217.011
111.201
78.0139
42.0163
239.138
130.836
87.8312
98.8267
123.932
27.1386
185.891
130.84
56.4381
35.1604
27.9085
26.9501
51.0536
32.4245
72.819
52.1035
47.4782
44.0523
166.431
170.003
30.6269
153.4
46.1969
204.908
123.79
154.233
35.4863
92.2284
38.3224
40.0386
253.759
29.6063
33.8079
34.5045
106.148
255.665
222.421
43.8326
39.9064
72.7392
203.006
199.33
36.8156
47.3251
148.44
127.225
112.358
108.414
59.9177
30.9693
92.3898
64.0105
51.2903
106.589
83.4436
40.4657
70.6696
54.4518
130.446
115.883
29.8282
97.9247
33.86
120.939
61.6868
135.123
75.3947
53.2621
110.625
63.8855
71.1584
139.324
32.8451
29.4632
144.716
136.15
171.002
43.8755
76.5506
65.0823
73.403
49.1694
179.544
94.5772
32.4392
34.7666
168.001
43.9406
38.7829
45.5761
159.274
63.1254
52.926
194.902
26.5475
68.8162
181.066
220.838
74.1308
94.5159
105.86
196.618
189.127
72.6236
104.622
243.394
67.5175
52.66
40.1918
107.934
103.071
88.0643
78.867
104.194
38.8538
67.0803
47.7482
45.0549
74.2443
50.9153
70.8774
170.966
31.0642
61.1188
51.4001
44.9114
116.329
58.0148
153.507
101.738
67.3334
185.54
40.4209
37.8849
62.5833
172.997
32.3083
73.1038
89.1131
123.096
247.081
77.9978
91.6246
62.2615
76.1808
65.5742
33.3098
38.1341
40.1645
140.896
69.8111
65.8548
96.4012
146.501
222.772
41.5606
163.027
43.8644
69.0871
157.976
47.1123
46.2478
76.2631
126.817
38.2612
159.971
96.8173
143.32
105.682
29.7942
129.39
212.724
37.715
122.256
116.517
27.258
85.2499
55.6153
258.181
259.967
36.2525
112.575
73.3934
57.3566
59.741
104.148
81.43
133.29
28.4125
42.6737
67.2042
33.2507
195.552
76.4312
26.7366
102.997
59.6439
74.409
74.0896
126.822
35.7414
38.6896
53.5492
32.0914
28.6722
38.1973
238.95
27.8169
112.879
44.4118
31.9571
114.666
157.948
97.9487
120.672
41.9427
44.4403
37.4444
163.096
36.5824
175.928
36.0633
82.8689
66.0836
41.0029
31.5482
26.619
35.743
153.277
181.814
142.058
31.7017
99.4613
116.99
100.917
52.7984
33.596
44.9086
45.783
103.064
29.0151
149.044
53.1638
95.1126
176.231
74.4243
133.442
59.2562
75.4677
131.414
39.6374
172.358
37.2733
90.7756
53.2728
84.7411
79.7606
174.671
186.035
83.1696
207.965
114.362
72.2271
27.9918
40.9349
102.081
79.5932
31.1885
38.6878
90.3571
169.237
32.6799
83.1923
64.6819
111.42
125.128
48.5414
68.3875
103.43
35.1918
52.1986
57.1282
28.0028
76.6207
87.6017
117.313
122.12
165.84
36.0157
44.3319
76.6549
191.765
31.6662
112.75
55.9655
60.1412
163.553
138.056
43.4131
39.0486
42.2617
45.0657
39.781
113.371
49.3598
193.086
43.4368
66.5135
63.8881
95.1588
115.927
198.081
83.901
207.039
112.685
83.1345
68.3336
40.9812
28.0748
58.2916
202.942
113.334
90.614
188.283
29.9764
35.6192
110.125
49.6241
87.5587
121.386
95.0465
125.139
235.811
110.566
61.2022
112.15
139.33
28.4157
41.2783
139.554
186.782
79.0535
64.1298
73.326
75.415
143.252
58.6852
136.59
57.5699
95.4935
84.2947
79.3827
27.2911
127.52
69.8554
61.009
117.896
27.4104
81.7354
49.9633
94.07
196.805
181.947
122.733
53.9556
41.262
214.392
76.6827
71.6059
131.799
31.5723
63.6521
55.077
239.524
42.4004
138.254
134.465
139.256
26.964
35.7412
137.453
198.137
85.0504
35.1041
134.781
40.3497
126.172
147.133
136.795
225.142
118.823
71.0893
78.7713
41.6829
50.7528
98.9437
90.5715
58.9439
151.63
42.2011
26.841
77.4383
86.1542
41.1634
84.95
120.263
82.9763
29.019
46.9893
57.2521
85.6705
57.6764
83.5393
51.8802
42.0951
96.4528
44.1477
34.3305
40.3076
65.3461
49.0192
100.152
57.4116
81.5008
49.4148
47.6998
54.2837
48.5008
100.571
69.1336
260.759
72.4848
30.4875
62.7028
30.0785
139.584
87.7604
53.461
29.108
175.387
112.522
27.257
39.2199
115.087
92.1381
42.9175
58.6054
86.3051
34.3956
155.042
107.321
85.7894
41.8681
66.5536
62.3162
177.508
120.89
126.793
50.6046
61.0838
41.1521
47.2057
185.955
75.5921
46.4134
123.422
92.7331
37.5221
96.2227
58.3254
72.8669
131.483
28.8632
121.582
162.646
29.6312
67.9065
120.422
84.9966
105.914
56.0817
38.4463
105.72
61.5117
101.814
55.0767
71.5748
62.3113
29.075
73.8912
28.9464
56.3186
141.859
48.7222
125.353
147.029
97.5344
159.173
36.8261
72.1425
201.842
44.5425
225.809
40.716
39.4778
71.0942
151.565
208.152
116.604
28.2162
139.824
127.628
170.852
107.875
28.7926
103.119
67.5377
87.8891
178.699
38.3708
80.016
136.286
29.1685
51.7999
35.391
41.6672
61.1282
44.0797
45.6235
45.7382
34.9758
55.4805
84.4221
155.613
131.509
78.0554
245.956
80.9316
77.4295
51.4602
203.312
113.592
85.5992
113.337
68.3757
50.6764
104.77
99.0701
102.504
172.032
79.4586
40.5834
36.8504
53.0343
161.307
208.942
106.598
102.962
78.5258
62.3283
109.301
129.217
38.2463
27.8747
29.4463
106.038
63.7283
99.0607
53.5249
170.908
41.0568
90.0191
57.0372
98.8263
65.8831
47.1168
77.5262
254.421
33.6531
169.84
122.747
47.588
104.252
35.1039
172.117
68.2514
67.3167
56.1311
201.938
245.095
91.6322
67.6633
205.397
29.4543
115.461
54.4377
49.517
29.9038
116.301
72.8695
39.9805
61.7565
59.6196
33.3835
105.941
136.332
64.6362
118.94
152.178
173.93
121.894
28.4696
29.3544
94.0476
74.6895
40.6851
124.084
104.058
37.0051
42.6912
37.8455
42.3277
120.294
137.435
35.5808
122.827
47.7239
145.495
223.754
114.215
57.2148
54.8879
72.1913
120.321
71.848
209.199
194.013
157.094
116.758
115.262
85.2443
51.7452
31.9888
84.2754
113.371
262.332
152.215
36.7371
120.534
36.1941
87.2471
53.5612
98.9771
164.961
96.9203
151.08
59.3932
27.491
40.088
29.9694
190.046
58.7286
134.859
102.301
29.1018
239.344
117.704
55.7346
112.48
38.7658
153.776
147.789
73.4675
62.9713
63.4262
48.5914
261.769
61.0995
136.832
59.2399
37.5424
32.9402
95.4639
80.6073
107.19
42.5867
26.4968
78.3092
232.649
138.033
29.1692
26.5986
195.091
113.84
31.3703
73.1312
29.3978
71.0629
97.641
125.893
54.9183
157.819
212.019
44.9378
141.25
186.37
44.1293
33.9216
176.582
114.204
39.0285
235.288
123.239
99.3899
256.86
30.4399
39.182
41.7368
37.5304
183.407
93.725
57.6274
45.9092
148.465
118.259
28.0224
69.1507
45.794
43.8892
54.3628
186.656
48.1117
234.75
39.5318
54.2307
114.178
34.4305
34.5431
32.9708
113.931
124.76
58.9262
27.5081
101.763
35.5407
101.04
102.439
29.0061
70.8323
229.47
54.3453
63.0814
57.8944
91.4202
96.3854
173.154
62.083
37.6066
112.557
63.365
42.7899
142.107
172.618
229.137
127.6
42.005
174.962
27.2585
35.8012
114.439
182.48
45.5858
176.434
118.438
44.9357
72.8598
68.0022
33.5642
97.147
56.3319
61.93
50.0349
33.759
29.3026
48.5933
50.1811
87.8913
71.6486
68.046
68.2579
43.9803
104.867
121.464
246.372
117.905
35.4558
153.629
164.364
35.7092
70.9441
33.3711
35.9788
66.4279
84.1555
47.5893
66.1759
78.2744
119.599
48.4779
35.9163
197.628
200.761
37.4492
40.081
31.2489
67.8455
49.9886
113.661
182.116
32.8671
41.2477
135.046
75.5003
32.5966
156.929
60.9481
88.4488
93.4476
55.9645
116.312
30.5263
28.8836
119.367
50.3198
43.8925
111.725
156.451
34.182
60.9079
158.513
113.238
29.3854
167.239
83.5738
141.755
230.11
131.904
82.0193
209.578
40.097
173.598
92.9305
100.481
149.809
56.9989
155.813
162.873
191.815
176.265
84.7205
61.9533
34.7687
62.644
109.454
143.307
57.2992
149.32
78.1482
37.3033
56.837
44.4034
63.068
27.4621
43.377
55.4517
172.342
75.7458
62.4634
53.0354
54.3379
54.0788
69.2592
34.1537
68.7925
227.464
83.9331
122.47
34.7706
137.401
139.976
126.125
77.4198
137.822
79.3228
60.0683
70.483
57.0162
55.0925
59.4639
27.1449
177.202
254.778
78.9211
35.1491
138.109
88.5127
87.0713
186.255
80.5966
69.7532
88.5467
73.77
202.336
31.7169
122.402
111.621
47.4013
100.452
46.5328
67.7567
36.9291
120.527
158.91
28.7075
78.1829
53.4447
37.7387
65.3518
104.664
69.5247
55.2996
30.8504
32.3797
109.403
220.245
66.065
40.3765
185.538
88.4852
109.731
42.8584
84.1489
152.664
44.7469
156.834
43.7257
105.321
91.3657
124.019
94.1572
82.5682
99.0973
27.3985
182.455
151.575
175.586
72.4565
59.6038
137.862
210.725
126.352
173.289
36.0863
90.9902
64.1851
177.709
248.806
35.2586
36.1982
64.4371
85.4094
122.585
89.1991
59.0043
28.4609
75.3705
56.7606
136.091
60.7472
64.6121
100.16
32.0715
45.597
64.0149
199.226
35.84
41.7931
59.0345
98.0023
98.9049
102.168
86.1346
49.4915
84.6853
66.7247
30.2301
48.4533
76.0359
64.872
222.077
73.3737
112.005
213.009
75.5009
100.725
62.612
27.547
43.5901
97.4421
32.7692
81.0734
129.227
91.9165
45.4906
41.4859
122.828
34.4283
66.3793
46.7815
87.0338
213.119
132.214
104.944
95.0414
82.59
50.8514
70.931
34.8676
166.472
27.6698
199.81
80.4568
100.955
120.185
103.527
71.6472
56.3918
67.2774
56.712
170.701
33.0896
68.8973
31.2681
119.551
228.401
40.7234
55.9765
192.246
87.2335
27.5239
139.857
47.7162
142.256
62.4501
50.0793
105.665
110.163
80.6544
46.7129
34.8218
137.09
36.8112
52.1359
100.174
95.7047
255.504
83.1743
26.6697
95.5457
111.531
157.969
93.0725
176.794
38.7123
45.2226
52.1604
214.153
104.979
109.959
78.4965
64.7772
174.654
126.612
78.7315
90.8808
71.6691
113.455
57.7635
201.049
69.5646
82.3618
54.8759
157.771
161.485
225.734
55.1253
39.5527
62.5814
157.76
44.2716
75.3763
256.328
64.8996
82.6208
64.9426
217.249
28.8982
66.2297
64.864
65.4995
169.164
76.7054
137.187
103.474
56.3692
81.6843
49.3245
72.7971
32.71
154.402
35.637
26.5258
120.469
26.456
150.549
181.727
80.9991
69.5437
92.081
66.7897
82.4507
31.5193
27.2942
255.759
90.7429
78.3709
118.571
85.0982
80.8597
43.262
44.4704
231.167
107.483
44.4596
32.7594
104.146
39.6679
165.643
194.248
61.8016
110.774
194.668
165.906
194.738
63.4811
32.5291
35.9213
110.323
34.3233
79.8159
91.93
39.1708
71.8543
137.54
44.4427
51.9677
76.442
193.002
142.881
96.1258
107.184
126.964
38.8774
79.4863
117.55
59.4595
133.552
65.9683
54.4833
29.6622
102.926
52.9589
101.802
78.9481
52.6029
57.9194
52.8252
33.844
127.046
136.697
120.849
63.8206
79.165
178.37
95.7793
39.2367
35.3224
32.1354
61.18
81.1201
84.5117
48.5745
53.0149
40.9799
72.3359
77.6887
68.0593
40.4081
35.2116
64.54
200.629
206.951
35.4783
137.844
120.859
31.7123
128.62
29.7629
57.8636
229.709
105.943
36.6052
235.487
190.609
223.064
66.3368
191.569
157.058
33.0595
61.2847
71.969
37.7866
118.829
59.8406
154.065
63.9034
49.4499
251.855
151.942
112.198
83.6727
126.588
38.4629
194.181
53.5126
41.1482
110.636
56.3747
159.94
78.5096
66.8121
93.5357
74.9808
128.121
79.3659
101.29
46.7978
99.7093
128.852
50.0622
35.4343
110.517
81.7984
52.113
129.638
28.8363
75.3021
132.097
94.2346
122.824
92.0903
103.785
109.085
32.791
83.6348
129.1
32.341
151.271
188.495
53.5114
74.2098
108.257
145.233
62.1709
155.506
27.9501
180.112
184.129
49.2802
97.5222
118.194
88.4357
136.095
67.8428
71.2376
168.353
43.9667
45.6996
33.7925
142.883
89.5472
64.2872
118.59
62.0225
58.2472
230.648
78.1014
161.138
70.106
146.625
54.8122
50.6599
116.977
249.083
48.5687
78.7117
124.179
105.319
73.3894
100.762
30.0444
51.9498
58.7503
98.5371
142.091
28.812
144.154
65.2487
36.1358
191.445
91.0754
31.3896
131.267
63.9829
68.3144
149.955
111.264
60.9183
67.9661
101.932
166.27
220.18
28.4847
155.724
128.668
103.394
163.315
41.6193
186.084
109.306
44.5274
177.486
115.884
35.6246
136.592
83.3278
27.0696
128.179
61.9235
34.704
94.224
105.655
62.4488
108.789
37.3153
97.4397
40.5596
36.9213
255.048
78.1695
71.3069
161.143
112.496
45.6277
33.8106
51.0927
45.9851
52.5954
173.716
67.2637
237.005
39.8225
76.1699
81.2512
226.818
48.3648
42.0357
119.09
110.153
160.578
162.836
104.142
75.4158
37.7181
64.6144
104.016
62.8641
86.0852
128.033
59.7828
99.7917
109.197
39.1001
161.092
48.6886
30.5396
52.0356
47.6375
36.5994
38.151
76.1202
77.4901
27.5762
30.5491
110.196
46.9779
77.5657
88.1047
50.3313
126.494
33.4429
187.942
64.1449
210.915
108.649
83.5734
56.453
72.2983
103.037
93.606
44.1816
262.931
69.7063
86.7313
42.2995
84.121
61.8694
81.4386
131.643
168.939
65.1123
70.9596
61.5628
46.7791
41.2366
186.827
38.2442
65.9926
40.4465
50.8381
147.812
139.393
33.9631
173.869
73.4218
37.3077
97.4284
205.486
49.7318
132.837
30.5456
252.131
62.1496
96.3581
54.6535
137.367
79.3617
203.893
106.347
108.193
41.4474
50.15
89.3768
100.105
38.6364
171.158
40.5844
140.684
132.585
71.5506
110.643
237.623
50.1246
128.259
63.689
150.534
114.354
48.3069
89.6134
131.26
100.746
72.5005
169.008
158.168
99.0719
129.701
37.1708
61.3192
133.475
158.052
32.7628
42.7579
26.6813
169.52
69.4084
150.3
105.337
82.4413
108.42
27.5907
29.0215
220.249
41.309
63.1388
73.1189
27.048
60.7124
65.6388
47.2123
52.5093
61.3401
110.336
94.5207
204.318
57.9885
162.926
203.75
92.8871
110.61
90.1106
82.6695
122.219
61.0936
39.11
39.0737
147.723
42.6195
31.6416
124.274
75.361
156.231
139.199
78.8499
88.5971
46.8743
125.225
69.0492
79.2753
109.566
140.32
96.8401
186.406
98.975
78.9346
92.3629
82.344
105.48
92.0749
69.9943
195.805
204.605
26.957
183.798
42.8634
97.2564
206.59
141.816
57.1947
171.401
247.364
42.254
102.2
253.662
145.747
55.5211
118.184
136.469
202.703
70.3648
129.89
142.717
49.7684
88.1143
179.962
226.664
33.9692
56.5486
130.041
29.1001
33.0061
48.2784
78.2626
138.846
175.722
47.4371
232.648
74.6099
32.9867
66.6542
55.0528
46.0116
206.989
41.6436
46.4448
46.5775
181.255
36.9972
45.7479
239.391
158.752
107.173
96.1236
45.7473
32.1219
76.1045
64.0089
50.5707
58.7132
55.4215
62.7593
61.7214
48.5316
243.127
67.6387
200.234
163.366
82.3986
116.765
60.001
60.1209
29.7471
97.5787
29.6042
51.1655
64.9018
92.3802
108.774
52.0963
129.007
89.2251
65.142
106.288
32.653
27.0601
227.612
118.89
37.8136
71.5583
92.5119
30.6597
67.2009
134.739
71.7001
58.2069
82.6099
29.2321
87.6461
35.295
225.99
94.6941
31.3568
60.4606
26.9335
140.035
83.4467
60.6626
119.689
233.229
74.3447
34.5836
86.0772
62.945
81.6432
88.7817
34.6537
48.8622
50.2104
46.9563
81.6786
87.9399
84.9822
52.7871
65.8659
156.381
83.9806
131.237
238.164
137.119
78.698
37.4261
54.6733
52.1459
96.5693
31.7265
68.2412
85.1281
35.5435
89.6828
47.6666
216.124
103.694
102.708
149.297
234.523
81.8863
74.189
179.811
27.3284
242.385
131.29
109.497
62.6026
40.1036
110.657
90.7322
35.5929
113.3
41.1403
52.5987
137.114
75.6472
114.149
87.4271
194.169
194.104
34.0288
63.9864
128.403
139.757
33.5937
29.7579
53.7884
36.9713
34.0604
252.585
181.918
30.25
119.959
112.521
173.726
193.995
166.187
85.4297
219.303
215.815
186.369
119.033
54.5644
118.055
85.4145
164.167
64.622
110.134
214.293
66.2064
77.7736
34.5768
98.2167
52.1124
146.177
38.5601
202.987
42.4437
247.175
26.4482
36.7002
171.848
29.6115
80.1179
175.852
215.017
181.716
54.3352
50.8005
139.801
161.147
51.9382
92.2662
60.1874
223.805
59.8807
82.8841
60.7246
122.807
38.9069
65.8803
108.657
74.6049
64.1908
34.4128
28.2913
91.4608
67.487
80.5681
46.0709
49.8331
61.0277
28.1347
149.747
35.3226
129.1
38.8312
64.4331
118.891
39.4683
95.7643
61.3661
236.439
199.417
112.191
62.2983
134.229
76.8187
169.892
105.978
190.179
155.881
80.4521
46.4126
222.182
58.6712
238.035
37.3104
104.558
174.156
48.5432
220.138
144.426
186.697
52.1939
76.1907
26.7755
254.592
115.365
47.1978
119.285
27.1482
33.1241
62.7748
237.275
58.1716
112.106
163.69
41.2835
58.1784
77.0106
95.5783
213.237
50.3725
56.469
54.4377
154.036
175.968
26.5726
166.895
68.1823
64.7824
99.1715
64.5268
75.1776
58.0339
75.1768
94.4197
202.02
108.031
32.2738
66.2267
126.428
36.4724
33.9763
193.712
106.728
33.1501
43.2766
49.9023
32.2996
29.9311
35.2978
30.0026
52.5912
92.383
194.482
61.6739
51.2008
41.2297
97.0495
243.899
103.097
86.8662
35.2457
197.159
116.838
29.6902
162.561
51.9983
184.053
72.3799
77.2204
31.3413
52.8154
101.615
111.11
117.433
127.74
97.7568
44.2112
56.7409
76.4864
73.5553
176.761
198.841
28.7921
236.095
76.1923
72.1588
143.793
64.1225
31.6238
107.97
53.0829
59.4414
33.3451
74.005
53.915
29.1801
179.098
152.303
145.142
36.6542
47.9461
220.175
50.9651
31.587
49.6354
34.549
144.453
140.083
77.362
216.53
75.3997
50.9634
32.6746
112.588
43.7916
56.9045
121.836
44.6141
235.614
90.5193
27.4463
162.388
196.594
80.2726
47.4681
175.469
104.205
90.3052
37.1227
49.4015
26.376
33.9677
107.895
111.459
135.505
46.0356
35.9633
43.1685
28.1864
151.536
41.5326
132.231
69.8904
73.4081
50.5796
184.194
38.4281
134.29
125.872
155.066
122.213
63.5691
59.325
52.1878
53.5985
41.3554
109.95
97.3098
67.4159
65.5428
68.3472
62.9192
197.519
135.552
46.7939
68.5894
63.5888
64.9625
150.357
139.167
149.373
61.6823
104.993
58.1137
43.8271
26.5924
149.669
58.2466
96.1735
59.0163
68.5588
95.6709
39.7491
76.8771
47.3312
93.3467
75.6226
175.228
59.3759
70.4169
140.902
52.4522
139.2
43.2859
106.024
35.2913
224.82
28.3862
188.028
94.1255
59.1678
77.5202
140.68
107.281
34.6038
65.6652
52.645
32.7618
173.891
42.0568
88.9601
75.5474
242.229
39.7306
84.7866
123.854
47.251
63.428
95.9068
61.2159
87.946
53.1121
52.7477
43.8991
157.273
107.832
106.203
35.8029
72.5143
168.396
65.1106
77.5497
74.0107
76.2431
63.4373
206.516
61.5889
158.861
57.8573
98.1327
74.2154
211.943
92.0961
59.1357
69.4306
89.385
166.706
117.141
83.1974
172.596
52.1457
145.009
104.972
77.5169
101.301
26.7676
160.601
70.1564
116.448
111.355
34.834
128.818
49.1539
27.1081
72.7535
50.6456
132.663
104.164
46.7267
47.9168
129.461
70.1503
101.261
57.364
30.0016
237.16
55.6286
33.0642
59.3911
58.8524
35.9438
39.9715
38.9489
58.2817
52.666
165.009
61.2056
49.6767
179.95
71.1306
84.1068
88.8365
85.5422
40.6178
174.036
141.968
130.172
60.0074
38.3656
135.498
41.327
32.6999
70.8171
213.722
109.164
160.75
69.3477
40.7782
93.8881
222.648
41.1929
86.5755
82.8931
98.5274
121.061
177.147
184.438
44.1616
64.548
55.5699
220.269
142.862
50.8597
29.1513
51.6154
131.733
53.3127
206.73
26.9871
217.942
26.5941
49.0754
98.6968
179.22
161.853
52.7161
159.536
80.2996
31.2636
184.49
42.9041
58.5895
226.913
27.7601
51.3646
182.503
199.818
43.284
256.708
68.3376
77.1091
78.6235
58.1926
147.103
42.9383
256.683
27.2988
34.1596
120.299
30.387
66.5997
42.2548
34.4505
192.083
70.3387
35.9933
55.1602
65.9565
137.396
113.58
87.1876
33.9124
37.28
65.0942
99.3005
74.4928
33.0674
57.0809
33.6113
119.454
132.003
140.665
93.5329
65.7341
29.2375
92.5162
88.1092
108
47.3494
151.677
114.217
68.6024
139.441
248.6
91.6677
26.8193
45.3254
75.3349
52.2164
39.6647
138.225
149.319
75.7642
161.518
124.998
101.566
75.4541
60.6454
111.345
161.754
52.2913
41.1558
91.9607
48.0417
249.853
83.6124
38.2691
76.3904
202.238
57.2793
95.9746
215.749
42.5589
44.5726
34.6401
214.523
27.761
150.955
57.5257
39.1945
140.852
52.2148
79.6667
33.9118
85.56
169.715
85.7917
110.851
41.045
66.4183
171.055
158.331
222.003
39.6224
124.743
87.9753
92.456
67.459
33.264
28.6275
229.631
191.494
86.5839
33.1768
54.0572
46.637
153.713
259.94
32.9159
94.8477
103.493
97.1271
28.4236
58.7287
154.141
50.4458
77.9159
191.179
114.006
62.0509
100.667
34.9935
122.424
44.3482
190.608
142.525
102.336
37.9554
105.209
127.375
91.0814
54.3367
120.421
128.894
61.807
44.6578
27.2397
72.7154
43.7914
113.182
29.9928
126.712
256.583
261.186
57.394
31.494
72.1444
122.717
39.8147
114.244
52.7244
151.315
56.6147
53.373
58.6566
93.2472
148.567
71.9016
81.2954
140.823
33.2582
77.3677
84.0392
193.502
150.053
136.692
95.3532
27.4583
165.478
145.859
84.7499
194.429
38.139
83.2351
107.51
136.204
90.8374
105.487
217.001
66.54
119.677
83.913
89.648
29.2089
57.1889
137.458
60.8976
65.0559
62.7342
237.296
40.0909
79.5508
106.02
80.7626
236.541
68.6495
36.5642
109.017
115.07
158.897
66.6401
136.729
64.6628
93.1704
95.55
37.8704
75.886
31.967
75.7548
85.3621
98.5174
49.7771
38.9813
112.822
86.481
44.8942
50.2725
40.1472
199.174
37.677
33.1151
36.553
47.9826
34.3776
45.0105
75.1508
203.458
31.3332
109.776
35.743
90.0714
208.354
175.18
37.1521
52.3047
55.4347
50.9042
66.9353
31.1224
127.86
37.373
47.0489
50.9147
257.219
124.436
145.485
31.2588
111.417
48.6765
91.2562
139.362
99.7346
68.4807
94.3812
73.5247
37.419
44.1548
28.1639
146.831
63.0133
65.4003
102.28
218.386
180.19
158.924
38.6663
121.591
53.2257
104.729
28.3596
98.9365
130.635
33.565
86.8595
56.367
34.4852
89.9669
28.3349
142.835
132.902
106.127
90.3661
87.5198
103.57
70.2727
92.037
89.1064
56.7277
138.896
56.6348
27.6472
29.0034
62.8795
83.9532
70.9433
117.897
53.5705
47.3647
49.7561
28.7629
87.2682
187.854
89.2062
33.7341
139.425
177.113
51.5621
59.1921
59.8269
184.974
123.567
146.127
181.192
82.809
116.696
85.5911
108.637
92.5567
154.539
53.2544
71.8382
53.7164
73.7523
180.504
28.4403
75.6105
123.006
177.868
71.3357
98.2876
75.029
188.268
75.0711
33.8322
30.7434
50.8335
65.704
36.3988
123.696
173.736
52.5402
45.9093
222.367
30.3342
149.466
125.184
130.095
109.071
51.4235
46.5558
27.8047
73.6621
175.361
41.969
79.4771
244.557
39.5103
149.713
241.979
80.7077
111.126
160.85
129.815
51.8035
95.9855
41.0541
33.7756
131.976
28.7107
38.018
94.749
251.262
236.082
120.969
91.8193
71.0315
128.302
53.4069
38.4343
89.6435
31.7079
186.234
167.391
31.1289
36.312
100.482
48.5012
89.7345
185.579
135.765
116.939
50.2194
175.975
69.8403
167.844
131.268
53.2826
157.157
27.1808
53.6437
150.129
110.62
107.914
92.7934
47.4044
34.6937
127.281
115.714
40.9812
67.7215
55.6003
62.278
147.022
78.6957
76.2388
42.6556
39.4513
194.352
85.4825
47.4137
158.138
186.33
64.1205
94.0793
248.794
52.9774
198.648
34.7367
103.602
59.1638
36.7107
71.4672
43.4949
91.674
28.1968
70.6602
98.6497
83.6101
39.2782
101.629
85.3322
174.497
26.7732
103.278
79.9719
213.088
69.9374
26.5866
63.2665
159.357
120.36
80.8634
40.3197
113.249
43.6021
67.366
41.1308
69.9242
70.728
225.22
47.4021
109.259
59.8238
57.5098
234.272
126.945
41.0478
186.044
82.8185
162.505
40.0404
120.492
31.2564
67.5115
104.105
108.763
128.912
30.1228
40.7818
28.7887
158.173
67.4387
45.0982
180.054
60.4823
66.6577
67.8112
63.2356
50.3118
31.7602
30.6954
114.762
36.5074
83.3575
31.4678
33.1919
114.369
66.6519
63.3355
133.865
152.586
101.349
120.804
102.914
223.228
171.964
90.7653
90.8097
49.5482
148.408
68.8073
44.7062
123.635
103.97
161.074
141.13
91.6071
48.851
114.568
136.581
29.205
152.535
158.278
64.8499
163.08
91.4766
54.2135
95.764
54.6299
78.4165
105.46
27.6217
27.3876
141.318
145.366
60.7492
44.9681
152.317
88.6858
31.1385
71.678
182.967
42.3167
102.607
96.1008
34.1314
182.204
72.9526
30.1437
140.86
28.6373
37.7302
96.2547
126.445
57.8903
53.4127
161.656
148.71
227.117
91.6622
34.3728
77.8446
37.3796
103.128
160.914
41.9029
68.9806
42.7065
81.1404
178.863
96.482
37.3146
92.4587
51.8027
57.6825
105.707
101.486
189.732
41.4097
66.8502
59.5826
56.9688
108.981
91.0561
35.6866
58.2929
35.3622
74.5201
138.176
230.176
36.855
47.1763
121.709
90.5961
51.4378
73.3734
88.8947
108.083
110.132
207.199
107.827
186.727
64.8922
135.852
103.04
54.3697
132.759
155.316
58.7118
226.458
33.3376
62.0504
94.1229
52.0104
82.9919
234.948
95.9001
33.7445
52.3268
36.4544
126.336
198.302
145.576
35.5758
63.5528
76.9464
119.524
256.845
90.5392
83.0765
97.6406
89.3665
63.7489
157.591
80.0885
95.6387
30.7995
202.616
134.631
58.5372
71.2815
82.6345
91.7161
68.6768
104.804
77.3761
73.2998
195.79
27.1685
30.0679
65.6839
32.1869
108.726
77.0392
235.732
26.9319
58.5428
88.4047
124.151
231.651
67.8035
263.827
48.5913
58.3873
29.8882
58.6347
76.1593
77.767
219.519
49.7898
118.521
59.8646
143.533
155.253
71.0719
50.8511
76.2967
223.253
156.416
105.822
45.7834
150.743
58.857
107.86
162.928
89.6243
26.3723
76.3781
109.602
39.1588
34.1379
36.8561
92.536
34.8492
131.581
51.9375
100.462
113.288
62.5458
40.895
35.0236
74.4299
58.0936
135.022
52.4781
63.51
44.1792
40.4657
86.1173
83.8999
191.518
91.5532
27.4655
63.4152
27.8703
26.6987
234.587
86.0852
133.514
108.975
86.2633
100.767
107.052
35.3865
27.8565
36.8444
164.919
68.5519
47.7225
40.3132
51.0764
79.9992
36.222
101.349
50.1058
27.7256
32.2899
79.7468
242.707
72.362
155.706
69.8402
50.3398
42.9703
57.6229
56.8929
30.7053
36.8765
138.968
74.0662
54.5038
77.1615
80.2912
89.0851
94.4021
145.857
180.241
44.2159
48.0844
65.0604
38.3225
118.908
167.576
68.5694
87.0981
188.088
51.8232
67.6593
57.3364
207.43
82.987
55.7209
133.977
49.8159
100.918
94.6121
56.2266
90.2954
79.3381
75.7427
251.626
231.282
35.1427
111.573
186.83
36.4398
36.1494
127.57
67.1592
35.0131
57.5506
39.6531
48.1481
62.9461
109.619
28.6506
78.2625
105.677
58.8258
101.454
35.3805
75.0616
55.2267
71.5792
111.381
44.9547
41.2144
96.2384
152.777
41.492
33.3607
113.99
70.2834
165.973
81.4853
132.431
31.668
74.4431
47.0342
32.6493
53.7376
30.7013
87.8549
32.0287
94.7312
62.1706
155.827
59.5025
54.1557
72.6239
71.3955
30.7339
32.722
168.663
125.326
73.953
83.8039
26.7793
27.0797
40.7086
62.7034
49.2623
150.88
31.2346
27.915
46.2588
53.5915
62.9224
38.6439
177.836
38.985
57.9908
155.671
236.598
99.9243
48.3406
70.7414
54.9414
58.3779
101.469
250.562
41.5468
42.6643
207.365
151.076
47.2884
58.1821
64.6356
35.6743
92.1599
69.7212
75.2313
93.4777
73.9995
57.4129
107.94
66.9883
106.276
35.9051
83.0298
107.471
38.8323
121.534
60.7309
151.989
38.4803
61.7643
177.441
28.0731
149.604
194.396
44.0833
262.283
116.479
46.2422
55.6896
240.662
151.928
58.1443
47.3568
37.7863
42.4235
141.957
161.498
34.8316
97.4366
33.8228
73.8683
80.3591
207.515
96.0691
195.516
249.219
79.8868
95.169
250.332
27.867
114.438
126.992
171.474
94.7245
186.227
141.137
164.484
33.2467
88.3259
97.1734
83.9026
140.642
55.126
229.904
85.6211
42.0332
32.5281
235.356
78.3604
27.018
39.1353
41.0825
104.744
67.2749
38.8529
78.5217
90.7439
83.6299
27.4914
81.0099
76.2748
230.359
52.8617
35.7263
50.6819
131.898
28.2478
90.1055
43.0763
48.2232
29.0991
41.2783
59.7082
69.8756
88.1981
100.27
38.683
160.448
36.3838
50.512
131.895
58.6517
66.3882
36.8952
60.9827
64.54
113.191
106.182
138.138
120.863
47.6951
66.4704
96.7334
56.5713
108.43
61.9184
65.7016
59.6601
66.6401
42.8148
67.5773
33.462
52.8774
85.5153
67.2437
45.9122
44.1721
35.5253
30.7612
115.297
148.875
40.3705
150.252
26.793
208.546
220.697
116.962
104.297
57.4807
51.8085
58.7489
220.975
169.706
40.448
82.7758
112.222
77.7791
207.41
60.5828
78.0229
30.6359
74.1573
67.8809
110.23
57.1953
37.1772
106.823
40.6843
34.3428
111.523
145.262
51.5584
57.717
41.6501
37.6983
97.4314
39.7271
66.2011
65.4827
110.95
52.1499
41.0942
66.6199
155.944
63.3847
43.9765
189.21
57.3449
84.0755
82.5448
65.7084
147.557
71.6183
57.8783
57.5318
26.4459
70.1642
117.798
64.0775
98.2196
68.4349
129.606
32.2857
108.771
60.0768
146.555
52.0579
28.2067
47.5255
50.9471
55.1033
59.5752
37.6063
27.8515
122.182
166.344
41.8386
140.125
42.922
137.011
42.1512
28.6787
89.7726
117.718
68.0752
31.5503
133.808
65.7571
128.452
34.2358
113.511
101.084
28.8432
73.2363
56.5337
116.35
60.4605
246.52
75.3757
69.6488
47.8782
107.173
104.871
102.036
46.2062
86.1525
32.9158
179.329
107.769
44.2523
33.2498
80.5329
30.7968
92.6797
56.2776
55.7401
84.2589
245.833
39.32
123.397
34.4372
90.9068
45.8287
111.062
108.691
81.5829
90.8298
110.72
86.8705
101.501
31.4489
50.2125
34.1406
47.3211
80.0339
60.3935
48.2136
178.308
94.9666
73.3548
73.2458
101.306
54.125
138.422
31.4911
45.868
92.5253
78.716
122.33
58.9945
69.8038
179.928
89.8116
76.7069
66.2251
228.907
57.4735
55.6241
41.3819
26.4518
87.1911
226.75
74.8396
124.129
191.714
106.664
69.2667
72.6521
125.724
172.703
26.9422
36.5303
37.3842
58.434
138.495
70.2442
64.7759
146.265
40.812
117.021
65.1633
166.527
49.2759
45.1656
143.693
73.6878
173.143
34.5928
230.685
61.0252
77.7662
47.1324
36.7388
93.5581
95.8084
58.6633
48.1315
34.5177
71.0078
37.9357
74.8035
28.4216
90.0355
123.754
182.204
241.603
85.1946
46.4305
38.7454
32.5487
65.676
69.9079
127.895
164.164
75.9251
59.3799
57.315
67.0984
130.051
46.7819
117.074
38.3319
37.8166
77.6157
54.7233
60.5446
155.421
139.475
256.551
49.0739
108.028
125.873
130.822
35.993
31.2426
46.1526
202.481
107.037
54.7031
48.6624
28.403
193.678
103.081
98.9576
58.3787
35.5649
50.0339
38.7812
84.7907
86.7694
46.6781
100.451
172.656
58.7207
66.732
46.6327
152.428
53.0545
115.075
29.2352
43.5352
166.502
49.0686
118.06
185.01
44.8085
32.5216
118.126
109.254
48.5034
70.1492
33.4999
234.213
32.2645
66.1596
32.3064
61.2556
45.8269
26.8165
110.984
149.328
140.794
86.4138
149.744
84.0045
75.9919
261.017
146.223
27.1767
36.4902
102.252
29.3231
255.401
57.1366
29.1033
178.665
109.199
49.4202
50.5828
107.304
157.097
151.572
258.788
149.357
137.595
67.3956
35.7558
29.1056
50.6465
49.0212
235.622
49.9892
148.801
32.398
49.6049
87.8323
35.6071
100.723
64.9123
45.963
61.5081
85.2029
120.285
142.394
48.9941
94.7685
28.6971
84.6748
135.524
169.186
99.7617
128.639
62.2412
33.8745
28.536
67.1818
37.4496
30.2104
81.7775
60.2238
138.512
27.0663
31.9051
132.392
42.0658
30.0652
74.0464
59.9335
146.055
230.322
34.4468
88.4141
40.8204
35.237
209.32
35.0017
63.4567
27.4629
187.853
40.9729
73.6259
92.9186
86.4303
58.7579
92.2381
81.5203
56.6738
30.0404
110.301
63.818
157.037
189.977
124.152
103.718
49.7014
36.0833
34.2443
40.4704
52.0105
33.8086
171.423
28.5297
41.3056
48.3851
96.6047
78.7741
104.949
54.0024
30.7943
127.228
29.7266
88.9046
151.538
213.045
188.406
40.3457
44.1191
144.981
30.3703
85.881
155.949
192.263
143.071
183.367
112.526
113.578
85.2472
28.4981
53.1352
158.045
42.9217
237.007
116.638
158
93.7259
34.4746
32.3072
105.733
30.2256
64.5359
78.8875
197.923
123.601
64.2915
61.054
86.3367
184.704
54.9998
29.7882
194.146
92.4872
81.5694
64.5867
46.6287
89.6904
31.2981
65.191
78.3361
131.485
69.2372
88.3512
93.6988
42.667
43.0273
46.5976
96.5268
151.861
116.868
193.713
36.43
62.4913
35.2558
118.695
74.8209
139.997
40.9806
108.956
142.493
161.054
130.366
108.96
40.4565
29.9584
206.149
189.928
67.9612
109.322
33.2477
153.327
72.5587
39.4405
67.141
59.6362
42.1033
182.344
134.648
127.452
71.3674
84.6324
39.1997
242.129
120.725
177.884
94.5627
126.097
109.92
39.0157
82.5288
58.7442
115.507
257.835
47.2345
56.3418
166.654
36.9
122.448
26.933
123.45
45.5716
170.676
37.9069
57.6344
37.7628
110.916
213.578
74.8086
130.9
108.585
58.5198
45.3323
129.543
134.651
38.2616
115.076
118.875
134.529
66.1276
143.252
185.616
80.719
108.714
42.425
231.671
95.9632
40.5139
57.0713
67.1907
209.071
115.506
94.8424
214.968
224.989
36.7161
75.1515
44.4018
30.3953
222.052
68.893
47.1634
87.7073
226.624
78.7404
216.305
65.3532
263.091
238.97
58.8002
166.798
84.6199
230.249
109.06
92.9168
34.9702
45.5549
42.4242
136.196
28.8543
38.0498
73.7967
134.332
194.466
248.739
74.6947
60.4622
52.8285
186.049
39.4795
29.0742
140.768
182.312
60.1916
99.4097
26.7138
181.077
37.9982
142.506
49.1409
70.1466
125.658
121.649
99.7876
106.069
136.886
97.3315
164.172
39.5551
28.8922
36.59
97.7459
112.466
113.511
95.7914
82.653
157.287
114.713
114.374
250.247
79.9602
56.4047
178.45
42.0214
88.9308
78.4265
77.8735
104.773
141.542
103.786
112.048
29.3725
123.082
89.1195
197.279
189.893
78.8733
255.563
138.422
86.2105
103.324
206.098
153.464
74.1765
71.8898
63.9264
93.5094
92.6395
77.5426
130.664
74.4606
46.65
170.756
54.6296
89.7163
151.48
106.457
50.0083
82.6488
75.8593
253.579
69.4664
127.751
153.395
37.9048
34.3232
108.523
57.9354
69.9044
61.7764
129.729
132.833
55.2566
44.4839
148.677
28.9538
228.214
208.028
163.383
92.166
98.4283
111.725
87.6883
90.5937
170.088
33.1489
31.3798
82.8308
63.7465
32.7238
65.7939
60.4251
99.4125
46.4072
43.9428
220.753
41.1183
75.7506
92.7221
192.21
68.7217
61.5762
34.789
123.926
84.3525
134.451
80.1878
39.9236
27.6695
154.879
45.5508
83.8564
37.5035
99.1801
110.683
95.4083
113.946
65.5496
40.561
33.9775
55.12
146.78
26.8665
187.632
50.1984
26.4624
54.5854
231.164
33.6626
182.193
112.445
190.566
101.737
155.345
41.1121
77.5045
42.7201
91.2388
143.923
83.244
39.6739
67.0093
102.696
87.0134
82.0198
58.8025
36.9612
64.127
31.2809
100.097
76.5397
82.1
83.2021
174.887
49.7581
75.337
206.833
47.339
87.8815
141.072
218.915
183.145
33.6721
99.3493
226.248
56.7217
95.3728
125.127
36.9063
34.5082
118.235
53.4154
102.444
77.0805
50.857
101.786
125.771
43.0546
62.1973
59.5239
38.6686
36.4312
54.4256
74.9542
105.417
108.724
44.3025
62.6678
107.31
142.198
139.74
62.7416
79.0931
34.5061
93.1934
49.3262
63.7274
133.647
50.055
45.5572
72.0563
119.441
84.0982
110.65
61.7349
238.423
97.2518
103.733
210.671
62.7474
131.164
98.7469
172.28
192.365
117.357
122.091
59.6386
202.544
56.0582
29.7294
64.2884
46.6463
55.5055
82.7939
100.66
44.6084
127.739
66.1043
40.602
222.362
35.837
171.584
60.9127
31.4091
102.376
87.9944
87.3141
84.4714
47.1875
40.7528
67.1157
110.371
53.7959
36.0293
155.594
29.5631
235.844
81.8606
112.701
114.374
108.718
53.6176
53.3226
171.939
47.3483
102.003
120.352
94.3317
99.6519
50.7594
43.2886
41.7964
200.19
39.5559
92.0428
39.3311
102.248
81.7671
79.0444
55.0842
81.9379
39.6311
53.3639
89.4705
84.5719
109.787
251.836
226.213
41.198
59.8375
97.5556
56.4207
144.306
84.4962
206.027
160.047
55.7338
114.554
42.2731
90.9886
90.5299
46.2161
100.322
48.0982
106.117
50.5399
27.3263
48.9062
183.983
95.0806
38.8258
39.242
60.4219
29.159
166.907
77.1529
88.1212
102.498
40.7622
31.4611
45.986
84.9111
62.3379
61.7172
53.8288
205.306
105.099
38.571
251.527
64.3218
27.9822
76.5095
172.655
224.371
155.064
97.585
37.2128
63.0148
160.248
70.933
94.6277
34.2444
33.6175
75.7518
60.8111
131.135
55.8212
102.858
42.6388
120.172
126.878
36.4472
160.627
65.0973
112.091
76.5397
62.0853
152.001
67.1785
144.31
141.056
114.318
138.864
86.3097
32.2598
66.3522
40.8182
254.61
70.4083
39.4302
121.032
77.0231
62.4539
89.7435
98.3526
59.0445
66.9718
118.354
175.346
43.2501
55.2527
30.971
48.2528
112.41
173.482
83.5157
51.7858
29.7315
91.3815
166.452
41.7902
70.798
31.366
64.7468
66.0606
56.9721
144.488
94.3409
150.667
27.6437
205.54
181.962
40.5054
181.006
139.815
237.064
78.4042
43.5909
96.7601
96.4236
68.2774
42.9406
140.332
73.5529
153.208
108.511
45.4994
59.0253
30.0042
181.694
158.215
104.58
81.7229
69.6108
37.1682
43.4363
81.6252
194.117
143.113
117.821
78.0458
47.8461
41.7061
52.8965
173.223
100.768
85.805
54.3868
245.089
103.547
68.2367
78.0203
57.7384
38.7284
33.1912
47.6517
77.2296
27.5371
203.675
34.0187
31.7123
93.8348
193.246
115.458
64.9095
37.0187
191.888
102.883
189.645
64.6865
128.439
65.3305
35.0304
29.2492
155.233
30.9799
176.617
67.2632
27.4255
45.166
137.23
196.467
215.45
105.098
49.5555
100.405
31.4504
155.763
116.458
49.8155
27.8058
41.7249
97.6404
45.47
39.6468
34.1936
28.7033
178.741
44.8254
65.5792
39.1225
66.3733
177.833
78.5323
55.0375
54.0245
65.8107
116.597
78.1395
123.035
34.0513
195.998
69.4712
39.5446
40.085
123.112
197.261
78.812
102.775
28.5403
64.7701
82.6873
33.2682
89.3917
53.8714
42.4538
109.585
28.9438
37.7304
157.806
36.8072
181.584
26.8603
26.3874
128.294
67.9704
44.6776
154.057
222.942
187.81
63.4122
57.1693
48.5467
81.2895
37.1512
29.9676
39.4574
211.556
35.6721
60.6548
95.0703
49.1718
139.95
31.9962
111.142
117.905
109.713
131.607
138.271
35.325
119.494
33.1519
40.1501
118.849
37.4385
124.576
222.063
60.0771
105.557
42.766
44.2531
64.2365
164.556
157.7
63.9095
152.019
47.1705
134.774
135.002
62.4504
29.6848
169.55
34.1215
82.2091
133.246
61.0936
99.2121
51.4943
70.236
67.0039
159.677
135.538
100.788
171.449
90.5894
100.989
125.169
192.079
103.269
33.6335
152.474
80.598
155.37
173.536
98.5142
92.3682
44.0943
94.2892
82.6735
68.7385
121.337
147.46
74.173
167.637
28.8508
102.927
36.791
62.2482
44.7475
99.3878
95.7464
54.802
27.089
103.013
44.6149
128.382
37.0268
52.1132
42.9249
156.709
140.739
45.905
30.4878
46.7534
122.076
153.125
131.56
36.5644
89.8438
57.3455
52.1052
62.8629
123.281
37.682
144.757
37.6368
57.4882
78.8332
126.038
121.447
61.3687
29.9643
145.339
73.8713
161.858
50.6489
35.3463
47.665
75.1876
102.332
102.181
94.207
142.253
105.727
97.5276
228.534
123.035
44.5944
49.6473
91.5373
48.9277
32.6823
119.312
43.8964
29.376
255.404
233.654
26.4945
62.7512
97.7566
105.559
170.356
102.362
47.473
125.923
151.755
41.313
38.5409
47.5572
47.8901
51.5195
127.896
71.4917
41.6902
34.6452
73.4749
220.17
45.4157
50.7043
46.5773
146.08
128.558
46.0388
76.4299
109.041
236.904
51.07
65.9602
42.9354
31.5932
90.5668
27.2523
81.8548
44.879
34.8871
83.7692
215.759
37.9562
66.5313
56.3807
76.01
71.9357
50.9134
45.1027
46.4999
71.7745
43.7105
55.9713
28.6187
32.1475
67.8569
53.6362
62.303
88.9932
104.756
32.6736
71.7572
26.9715
59.7242
82.4618
106.805
39.3918
94.4068
64.1257
55.5064
94.2029
49.2393
184.109
86.0673
53.4104
85.3972
64.9427
59.0692
26.6753
29.8859
174.201
108.872
37.3536
60.6531
33.9355
52.1482
130.393
27.1699
74.9742
80.0996
30.8399
35.3036
127.493
26.4015
70.7114
102.598
73.1503
30.9525
65.8703
30.4946
87.9402
163.213
56.5098
55.9577
39.5781
88.3511
95.1236
194.285
42.7128
59.3334
44.4597
43.6729
66.7685
46.0821
226.244
62.1236
71.0294
36.8355
58.4797
31.7234
63.0178
55.8883
119.363
82.6232
109.55
99.4262
111.834
55.3212
32.3374
48.1429
172.583
27.7955
44.7305
55.56
97.4086
38.0914
121.037
35.1018
232.405
154.268
237.011
111.637
109.093
48.7773
26.6738
81.5582
40.8415
112.929
53.4193
55.9503
34.308
69.9344
54.1588
134.731
87.0129
194.48
117.689
95.1754
144.875
146.737
175.117
60.4201
100.367
87.1869
81.8768
76.3468
49.69
212.563
30.629
30.4768
63.8851
203.526
148.435
124.286
32.8336
50.6402
36.8653
119.9
40.4658
40.0982
42.6539
57.3164
235.867
67.7044
45.3292
77.7765
28.7297
261.647
66.4729
147.354
85.6521
86.151
30.9059
123.744
92.1438
109.42
92.8665
59.0714
87.0041
67.2389
38.8847
116.709
88.6333
54.2776
69.7113
245.928
49.9474
72.1984
91.7478
94.5625
234.178
56.4672
187.752
256.022
57.3526
105.487
42.3201
102.257
54.6247
29.5186
93.917
195.966
84.8762
36.2219
156.369
58.5637
38.6392
56.5194
63.6563
74.5093
224.625
190.711
54.6994
26.6388
225.536
133.562
82.5181
42.3548
79.7709
132.735
99.3721
140.246
89.4367
82.6456
131.122
46.0695
41.0216
98.6735
258.245
142.538
187.774
83.8474
56.5962
37.6763
35.0745
70.4897
99.9199
71.0677
80.1628
184.008
197.347
218.626
31.0306
109.773
115.305
185.53
27.796
157.359
48.879
37.8745
34.8848
120.583
77.3323
45.8486
177.603
187.04
73.3685
74.5225
161.944
54.6488
96.6318
64.2917
59.889
28.5331
82.0176
57.0862
46.2632
56.168
69.3848
47.5323
100.335
93.4989
191.483
44.983
50.1599
104.959
71.4857
27.3124
31.4966
55.3534
123.483
134.985
196.169
127.869
61.8628
94.2502
53.9903
89.7528
190.543
136.378
31.186
59.4982
82.4649
183.48
83.4048
66.3277
72.856
46.0031
184
50.9172
36.8631
108.097
163.242
49.0568
53.5174
28.9715
208.57
188.724
32.5197
200.037
40.0476
143.995
65.1993
151.007
77.7245
72.1153
126.218
126.158
87.445
58.1382
34.711
101.977
66.5563
102.478
132.141
34.3556
46.607
113.126
191.039
35.0928
179.331
59.0898
54.2699
60.3998
157.825
36.4559
43.3732
29.6714
48.1673
144.859
81.0688
49.6966
45.5485
54.1575
41.3637
42.5721
101.152
38.9968
79.1556
62.5691
168.714
58.3472
52.4598
46.0846
87.5533
48.6317
38.9673
153.133
54.5803
105.145
49.4936
123.268
173.08
208.419
38.7813
78.6507
78.7343
150.193
144.322
79.3498
103.862
37.4511
35.8704
82.8797
114.428
26.4938
87.3094
255.367
60.2032
26.6287
137.238
107.844
167.354
222.428
75.5995
72.9641
147.595
27.8532
51.1082
60.338
115.704
52.418
111.35
179.005
59.6786
38.1608
79.8851
186.665
80.6089
247.943
132.599
123.14
42.4716
116.541
104.662
48.5394
35.9019
64.0255
37.2723
68.4143
31.7563
56.9149
60.6883
202.599
239.588
94.2841
64.3665
78.1927
100.857
142.41
161.495
105.069
32.2169
168.94
81.9713
194.076
33.8549
154.705
146.977
119.877
73.943
39.6904
52.523
37.1718
96.6947
119.798
71.4819
128.222
34.8655
47.3226
52.9113
62.6034
59.6218
44.9021
126.979
68.4687
57.5197
43.185
100.229
94.4881
29.1175
124.119
88.7501
31.1272
101.2
88.78
31.6105
87.8477
71.4627
43.4329
32.8044
33.484
86.1923
39.0579
94.4526
105.382
154.127
152.781
74.9155
112.603
65.4137
85.7529
26.591
204.886
38.8064
161.42
30.7169
48.4638
156.106
33.0663
55.5257
249.724
69.1738
30.1568
26.9735
43.9614
50.7046
47.8843
134.557
32.9626
38.0137
124.399
61.1813
56.0012
159.76
60.187
202.506
95.4113
78.3159
52.1968
149.556
50.0028
71.8354
29.6205
123.3
33.5318
194.77
43.2892
37.9448
70.4018
50.2432
196.638
34.4714
64.161
75.4552
59.057
108.581
60.4651
85.9597
132.077
30.4809
141.47
40.4985
103.376
120.782
169.92
105.063
86.1142
212.132
95.4214
27.504
36.0126
110.089
51.2222
83.3405
215.208
244.057
53.7686
68.6569
35.3661
49.5926
98.4401
254.82
237.724
163.885
129.413
53.0104
33.2636
223.357
65.4861
86.8538
38.4459
240.877
75.9325
137.615
34.9219
120.7
194.103
37.924
92.2958
77.1767
64.1262
83.8973
237.355
44.3484
66.2497
49.2649
59.4379
257.589
42.5096
114.721
84.2739
196.549
28.0721
95.0749
26.9041
73.6702
53.3012
234.429
36.3469
214.279
26.8692
108.962
38.7111
63.2786
51.2898
55.1285
154.39
85.9793
46.6005
85.0142
61.3885
150.485
37.2317
151.068
171.722
57.653
35.0717
59.0047
131.819
145.406
32.9742
46.2065
55.7448
44.2154
103.946
230.075
186.819
181.681
62.6303
262.348
39.1535
115.794
87.4111
52.0633
32.5377
174.05
48.7757
77.4655
176.195
70.7368
84.9912
42.9178
37.7597
152.357
109.741
55.1261
75.9039
96.0351
101.509
51.847
34.154
110.089
130.668
70.073
61.2237
48.08
73.3022
36.3579
161.415
49.2881
122.743
70.0286
103.957
58.0412
32.6812
40.4677
33.4256
96.6397
46.4186
147.104
29.1012
201.489
122.763
236.476
67.9197
131.37
78.8756
39.2504
75.3803
70.405
98.2731
57.5166
125.177
77.6692
43.637
31.191
118.014
46.0469
173.009
51.8626
108.578
173.621
34.218
133.924
189.223
149.324
211.954
66.1471
36.8814
39.5864
31.0776
127.831
46.974
84.2949
125.935
133.62
30.2679
84.0363
116.64
83.9763
34.6444
100.629
54.6537
97.7422
45.1914
128.984
198.32
51.1774
137.758
179.442
84.9156
113.104
27.0572
55.3143
57.7081
219.233
162.648
36.9104
39.7519
91.8908
84.563
137.488
35.0605
87.5942
112.167
94.992
56.0845
81.1539
44.0331
78.9034
78.026
54.4939
182.144
113.238
117.326
38.1322
69.6842
71.8232
98.2094
188.384
66.5558
112.875
103.911
67.0541
49.2962
164.211
49.3163
57.0695
222.101
48.7205
35.6222
109.116
46.6314
117.369
56.7404
77.3414
36.7833
80.0115
28.53
26.8843
69.5083
73.9492
75.9503
46.2457
63.8576
109.546
132.765
50.3027
40.2152
53.9039
118.144
49.5313
40.7995
52.4527
170.636
59.4135
182.915
30.2206
126.078
43.87
83.0011
90.1259
50.6203
180.11
56.124
98.5994
70.5025
128.132
130.855
130.347
197.842
180.307
56.7272
37.9076
176.172
69.6742
111.937
146.061
63.1268
84.3231
72.3032
111.377
139.457
71.3689
137.864
126.094
31.8021
50.4049
82.2728
83.4629
80.7806
175.806
52.0242
53.1174
215.996
30.296
67.0532
79.4063
38.5473
132.084
108.255
133.868
76.0092
63.5532
79.7194
91.643
31.9717
207.703
149.749
52.8468
79.5022
37.5035
239.67
41.4223
124.728
138.136
30.1885
95.6387
163.901
77.8865
144.096
85.7066
37.0781
71.5164
47.7036
101.83
94.2917
48.6936
48.7837
146.811
238.783
224.784
91.9055
32.6978
53.1931
182.78
73.5523
67.2163
72.8317
50.4718
75.9726
71.9453
85.2335
150.917
81.2557
94.0894
144.572
139.013
93.2574
103.557
66.6088
147.025
61.2118
95.5892
105.167
67.8258
67.1232
44.1051
102.875
110.21
81.9328
41.1187
60.169
81.9143
164.818
115.009
68.1419
105.147
190.409
65.2224
108.823
47.47
33.6997
48.1124
64.3126
82.3829
128.45
70.6885
143.913
50.073
82.0382
42.1434
79.8692
44.1008
30.9253
51.0181
168.879
191.227
36.9298
115.137
116.429
54.4252
34.1932
156.531
247.01
182.072
73.6856
247.859
60.2334
199.441
48.8312
27.2736
31.5345
54.8549
71.3203
190.089
102.464
71.2692
42.8787
58.1112
93.0341
123.034
132
73.8478
60.3316
38.0231
74.6859
77.3296
175.479
51.834
66.125
81.811
106.778
40.8889
67.0596
125.812
27.6751
127.555
162.075
50.0192
49.7401
117.176
43.6365
96.1291
107.149
142.57
70.3617
108.153
58.9786
163.65
71.6686
88.5076
100.227
195.734
87.8873
86.3013
175.393
91.2217
58.9158
80.3944
207.806
68.5264
112.589
77.7079
46.6365
98.3316
109.472
65.7084
32.2578
79.2258
241.815
124.424
89.5088
37.8278
185.18
64.4515
126.809
79.2558
40.0142
58.1357
128.184
44.3272
93.9145
110.668
150.751
37.7519
120.81
80.2203
192.749
34.1114
179.694
58.232
76.8808
75.9319
113.799
243.846
87.89
50.23
96.699
161.849
163.085
87.1498
109.995
97.5015
176.995
87.8835
179.738
55.2607
68.3153
108.822
31.9179
175.083
127.353
168.467
27.2794
52.3349
82.9238
103.417
33.5832
81.27
119.29
239.321
92.0886
48.0888
64.8207
143.687
56.5044
39.7887
28.3867
31.5689
113.432
33.3494
100.982
85.6188
38.6307
39.2762
49.7276
115.12
26.4303
103.526
41.3137
61.3935
77.4422
50.6221
145.946
140.451
46.5195
102.345
215.762
152.975
48.4612
51.3753
207.419
216.084
98.7667
31.1371
46.5541
46.1847
100.804
53.6352
150.308
62.2828
51.611
53.5307
163.666
72.9238
176.521
27.2523
147.71
112.126
27.5077
43.1589
97.2469
110.866
129.363
29.1534
77.2109
41.235
67.6337
146.886
43.827
94.1407
156.36
51.0605
28.1577
40.3822
76.5533
108.851
52.5798
215.174
92.1397
85.5399
34.3226
66.4761
40.494
128.065
252.709
114.3
142.535
132.46
40.9829
89.1466
82.3402
58.2109
56.7189
217.259
50.7289
95.5147
108.016
73.6138
189.573
35.8186
117.864
48.9165
89.6876
125.925
119.233
83.4069
42.0999
47.477
121.109
69.4795
105.695
172.703
80.1004
223.571
58.8372
123.67
38.4797
205.259
85.1025
62.0809
49.1612
134.911
81.0479
160.446
68.8785
122.485
43.0819
144.454
120.793
225.652
60.8007
113.73
72.584
120.414
29.8734
195.832
28.094
149.542
80.6031
29.3402
41.4348
179.548
27.9004
57.6523
115.809
224.221
87.1781
40.7431
48.5569
108.755
78.5728
79.1925
59.5993
84.7331
242.752
151.236
67.2275
66.6317
120.961
121.791
79.8965
53.8908
135.379
165.472
65.1693
75.9307
121.242
31.5979
140.995
58.7913
56.2911
52.5429
179.937
43.5851
53.4191
28.8487
27.6254
57.9911
37.7134
34.1281
99.9975
37.0578
150.187
86.7918
66.1481
60.6788
39.0225
70.8437
146.756
105.203
97.5822
88.4543
32.3555
45.0436
83.901
136.012
52.8712
40.6473
55.578
49.5653
198.318
62.1178
71.5744
135.149
199.28
81.4062
40.6262
125.958
71.8657
105.641
43.3806
76.6905
58.6668
226.511
103.049
62.0747
53.0874
44.075
145.96
73.4843
37.1766
148.195
241.298
102.957
146.48
44.1973
34.6251
109.864
61.4649
112.913
75.1576
118.709
27.6061
69.1606
172.954
155.902
37.5383
42.9552
40.4214
84.201
34.233
124.57
144.924
54.8545
143.93
73.0348
84.7481
95.4615
257.466
39.7701
39.6388
40.4425
66.4882
119.581
110.913
209.772
121.679
63.3383
33.7778
49.2486
107.892
47.4533
65.8612
161.417
46.2583
110.051
106.981
252.855
147.726
66.9842
163.878
40.0249
98.589
44.197
100.284
44.8162
62.4246
68.1004
50.8238
27.2271
55.7496
115.125
125.912
52.7398
247.164
89.7611
45.9667
69.5331
52.4093
60.4491
65.8493
70.5163
94.4099
201.178
140.282
181.379
65.7005
44.7567
59.8003
63.5559
33.5865
121.182
54.5739
53.8096
183.612
143.846
34.8084
61.2652
74.6601
31.6828
151.603
146.48
33.7852
59.5278
26.9995
41.5203
81.199
181.338
30.6672
83.5369
39.3469
50.1501
80.1658
193.658
148.263
40.8258
73.0625
34.2596
29.4789
118.409
127.992
59.1982
70.0471
151.194
89.9814
216.346
59.6716
42.4257
173.721
103.936
64.2966
48.7871
171.124
74.8252
47.333
163.172
126.325
26.56
103.761
70.634
37.1637
33.5524
56.0641
99.5673
84.9123
90.2328
41.6856
154.984
138.223
100.036
158.464
113.122
83.4967
64.5198
45.3095
90.508
86.4455
182.834
104.118
49.8087
46.9011
53.4733
79.403
70.5666
233.749
219.534
41.7613
148.175
31.608
136.524
129.989
174.112
33.8316
67.4343
228.385
87.0059
53.1028
197.575
42.5889
123.708
74.5095
105.318
205.514
32.5072
33.4629
104.918
76.7707
160.181
115.047
45.2274
81.5365
87.1771
67.1556
55.8812
42.1328
229.281
75.6963
31.5216
32.1692
42.3226
79.1317
83.5363
129.231
47.0153
120.458
64.4969
84.6817
76.1445
37.7792
31.8088
53.7543
40.2724
157.44
127.473
128.02
46.7332
32.023
84.0926
247.812
33.1555
71.1599
119.66
127.172
28.9553
52.6462
66.6658
46.4712
44.4914
161.062
39.4245
32.1657
79.5065
184.968
123.527
98.7421
46.4247
145.361
73.9126
182.478
59.0712
46.852
78.5444
57.2444
55.8303
36.1677
192.516
163.614
27.3864
202.852
218.814
130.284
30.4615
46.1079
87.0442
49.6713
115.158
64.5633
29.1142
55.5025
51.8914
114.142
221.064
124.453
89.5081
214.947
34.0471
50.0524
44.0834
36.4249
205.911
85.6406
207.216
52.9927
132.802
153.327
36.3384
69.4553
127.939
27.0379
29.9831
106.45
152.421
105.993
62.9588
185.693
58.3692
31.9826
118.072
102.954
73.2192
100.053
123.24
39.6953
124.997
91.044
69.6573
103.46
190.526
61.3979
52.3133
31.1417
55.5015
51.5781
61.0397
161.187
120.91
192.584
100.512
112.334
28.5766
157.649
90.3345
150.535
67.6251
76.8826
67.5473
176.381
35.7047
74.366
137.996
156.094
29.2163
228.663
45.416
72.1784
189.732
43.0025
42.5343
128.789
64.9971
179.568
181.463
222.724
139.199
88.6868
94.3093
79.7138
245.53
107.603
51.7641
45.9282
54.6857
29.9134
63.2844
184.444
140.789
30.9975
145.265
145.384
111.581
128.7
65.0371
128.193
100.808
85.5537
158.353
90.2851
73.7573
193.834
40.4599
63.7664
83.8479
204.017
28.8417
130.834
85.7865
170.708
166.649
42.4036
182.621
84.6542
144.14
119.102
31.6748
221.953
37.8777
64.8032
133.117
58.1886
49.3901
147.128
115.309
101.405
50.9675
131.952
119.232
47.1994
177.273
75.7028
57.1022
44.9469
87.1055
193.853
117.919
143.771
77.4756
149.615
227.413
30.9538
94.3862
122.533
69.5381
79.4594
174.894
28.5371
104.199
36.3096
241.227
63.3045
69.7296
55.1929
180.478
247.182
118.563
30.8389
77.5338
109.38
60.992
27.1065
134.759
85.4795
114.098
75.8564
72.2697
170.795
69.8116
27.8295
145.674
65.1107
27.546
57.577
44.9771
34.8863
72.1799
77.2229
46.2905
44.7392
90.987
52.8574
76.0807
152.77
26.5806
257.488
172.479
36.8172
77.9335
26.5977
37.0452
31.9396
58.217
33.3745
227.972
122.497
37.0774
94.9259
203.025
85.0225
37.098
36.5844
49.5807
81.2959
146.667
179.673
129.409
41.7132
172.457
31.6555
54.3924
84.3882
126.209
70.2896
76.6079
28.2295
89.4664
36.6834
99.8734
50.9561
168.926
32.4573
230.867
245.008
75.1815
54.4734
145.674
134.35
73.9483
221.795
73.823
46.0083
68.9801
30.6745
40.7284
184.878
55.5204
227.12
62.0926
40.5194
98.698
67.2584
32.8466
28.2358
122.602
43.951
77.8273
134.481
37.4512
60.9144
36.8453
43.401
103.916
58.4349
53.5737
59.4689
63.8242
177.087
40.3399
70.7458
199.009
167.032
52.0157
38.7194
45.0612
163.377
66.7792
32.5622
157.992
214.038
193.365
192.69
188.623
61.256
160.254
103.54
124.477
72.5231
182.075
253.355
208.511
110.024
31.7391
65.9619
47.6787
183.237
34.7699
29.5162
122.911
59.1345
64.274
31.2768
103.332
70.6005
85.3051
55.9556
51.3675
159.826
61.6586
166.834
27.1815
88.133
145.206
60.2074
68.9788
135.379
201.158
53.1643
114.303
40.5749
65.3301
49.8934
175.353
33.3373
44.3433
99.7071
40.6767
116.414
30.3364
142.268
74.3169
169.133
112.862
144.049
73.4262
92.5687
55.3549
80.6406
66.2339
49.7077
68.5992
34.615
36.121
94.926
82.3567
126.666
122.332
33.3428
92.8698
107.948
95.0525
34.5798
51.6115
49.7828
189.684
61.227
39.0775
143.772
129.091
64.5078
151.225
60.202
212.655
103.281
87.6983
39.1168
77.4718
44.8176
75.2934
122.265
157.938
44.7164
115.282
122.633
98.902
119.981
97.882
31.4672
33.4646
53.2395
57.0196
81.3544
96.752
105.73
63.4191
228.951
28.0294
131.304
49.5454
77.7017
171.432
143.167
51.278
246.759
188.218
50.2391
89.4535
72.3801
164.917
55.0607
54.8069
48.9954
37.8923
144.784
51.5454
34.5644
30.0245
203.426
233.497
61.926
46.0351
116.198
261.226
238.992
238.038
252.841
41.4074
78.986
166.906
33.4934
234.042
102.736
86.1664
127.265
102.561
32.4263
53.3526
123.369
117.023
192.435
127.05
192.673
150.828
212.175
40.3342
59.027
69.0885
195.301
30.7471
63.1853
46.7773
185.605
57.4792
85.0334
254.414
74.2553
28.8254
58.3425
26.3896
58.1259
79.9435
196.623
39.163
54.2866
106.054
39.1227
104.155
79.0872
73.4137
141.907
105.352
35.3715
144.986
118.893
67.8276
121.963
99.2644
136.342
71.1928
32.4875
66.9189
139.41
57.4294
116.594
90.7808
51.8909
131.382
45.7423
158.367
124.205
175.327
119.552
81.9966
32.4679
75.998
149.273
141.059
163.146
54.3173
116.794
28.9288
38.7197
95.6936
186.861
177.224
135.986
31.4773
220.185
212.685
41.6565
93.6842
42.8789
49.7372
101.373
160.286
77.0538
89.9384
161.567
27.3463
68.1545
39.537
44.4067
87.0874
76.3281
51.9026
37.8559
83.6554
167.226
96.2875
29.3679
70.5772
166.298
85.9769
63.9824
35.1147
182.816
74.8026
51.5074
59.1101
48.1531
171.321
79.3728
74.5673
62.4968
31.4983
105.909
134.782
31.9081
83.1038
48.9063
33.1139
104.655
68.26
65.8617
173.822
138.068
46.327
205.657
93.6292
105.481
121.608
138.318
171.843
46.5341
85.2015
50.2743
85.0121
144.981
119.51
137.929
82.2666
70.2388
129.496
70.4558
68.0011
82.3517
98.3493
42.146
26.8604
68.6106
123.454
66.4042
43.3546
72.6625
32.7328
61.5284
125.043
89.2317
74.2801
115.482
53.7177
216.488
231.143
187.2
88.0936
35.4041
163.184
112.527
123.862
30.4208
31.6435
143.866
34.7744
190.461
165.456
234.495
189.457
147.473
159.381
40.3776
33.4823
101.269
194.332
62.4675
65.846
113.246
58.2993
115.562
157.446
68.7253
95.5667
47.6162
43.9899
84.0326
206.054
251.097
47.8909
107.15
27.1904
80.6062
141.927
68.2325
62.0872
57.8517
103.193
192.664
205.08
62.2183
76.3431
204.92
43.2514
42.576
53.7411
221.904
213.219
68.0485
35.2232
163.814
162.631
49.6581
123.164
50.185
103.44
34.533
50.4482
70.8023
85.6307
27.57
193.797
51.272
88.3463
29.6543
229.835
125.205
32.9915
90.7101
106.769
67.643
63.926
59.0922
155.355
31.8299
52.0771
42.562
28.235
74.1274
204.986
39.8767
67.2731
243.441
173.76
46.828
73.8053
72.3067
78.0047
27.0448
191.012
35.7878
71.163
56.6795
94.177
96.8501
99.7778
67.0344
162.479
111.1
57.7166
78.349
144.601
124.357
92.0199
36.4947
125.746
170.08
29.6606
63.4723
156.253
156.708
71.374
39.8971
73.3442
82.6885
185.077
64.8803
181.501
254.634
62.2056
81.4921
175.562
83.4579
150.593
65.129
89.3106
194.132
45.6243
135.114
118.351
122.221
254.304
37.1745
55.9227
85.0105
103.865
47.747
128.7
73.6106
111.187
127.518
188.705
96.5573
44.3406
36.3277
137.97
90.696
39.5356
45.2809
155.981
123.763
198.439
102.316
92.9011
39.8219
43.8549
162.999
43.8529
212.951
234.123
27.0015
55.8788
34.4885
75.2174
79.1393
48.3195
106.435
86.1404
51.8028
126.733
28.8796
156.228
68.3266
64.0998
99.5098
54.2765
132.503
33.1435
80.6753
61.0121
64.932
61.1569
146.722
35.778
69.3493
86.1002
93.289
54.625
173.917
180.169
86.3016
243.283
56.8497
112.259
30.5712
259.29
109.871
166.92
233.093
45.845
146.479
32.2365
204.525
67.6566
190.679
152.938
118.577
32.6313
98.7449
86.3735
42.2303
49.0514
144.053
216.574
131.87
44.3622
103.793
59.3178
198.58
137.933
103.508
80.4885
40.9771
107.345
188.168
80.9243
53.9368
117.16
170.61
53.23
66.1209
41.6782
204.422
87.9512
58.4744
65.8077
62.816
27.9166
111.354
60.3133
80.6006
98.7416
63.1065
27.6027
69.8175
108.962
124.395
45.4972
70.9004
182.951
181.948
72.6718
31.8578
50.268
36.3096
39.3694
200.683
41.0822
32.3469
54.9229
66.3643
170.459
48.8298
38.2835
131.526
39.5899
82.463
89.3927
38.2813
83.2459
180.568
102.919
71.2195
169.288
54.0421
29.8072
38.8067
240.061
170.293
180.848
158.496
45.0214
166.848
152.442
57.303
39.057
103.835
114.375
102.24
96.3304
105.486
133.461
56.4791
143.682
67.1273
41.9947
29.8997
87.4121
109.56
49.0864
40.7492
32.1542
69.8952
39.7271
196.933
102.164
258.585
98.1723
95.8901
171.996
27.3466
81.7697
202.143
69.4773
47.9875
65.5714
85.644
81.4889
106.496
56.5156
32.9078
90.5105
122.35
42.308
44.9811
31.4165
33.2835
84.7072
131.525
85.1117
129.951
164.037
195.711
123.396
112.388
64.7059
228.813
67.9936
46.7856
27.4298
247.869
88.0179
121.1
83.8662
45.9915
63.2189
86.7143
147.401
101.853
46.9774
35.4836
93.22
136.582
57.3904
174.963
35.2806
86.5895
40.0698
159.291
221.846
253.731
207.087
116.291
61.6549
53.8241
200.123
94.1276
51.3945
124.307
55.7795
60.2148
44.9179
122.284
51.8358
43.0333
75.7896
73.5483
130.32
30.498
78.2748
92.8638
131.829
76.5908
38.5257
73.2418
78.4078
44.3531
53.1835
103.804
42.5099
99.6368
146.289
83.966
54.814
57.2309
128.028
80.8194
28.5549
168.344
41.8944
75.6746
108.306
63.9132
94.5574
42.8997
109.41
39.1679
133.27
72.1389
112.045
44.8498
29.4826
32.7372
30.9497
145.764
33.2363
80.4487
108.087
152.586
37.2098
89.135
100.349
51.0931
57.2787
191.126
53.9476
70.6276
28.4421
120.397
101.629
26.6394
94.4057
109.801
43.7048
114.446
80.019
62.8747
113.962
63.1343
68.0467
60.0835
110.523
35.804
49.0933
30.9302
27.5458
129.356
106.596
33.8435
81.3601
49.2211
45.6401
52.3007
93.2297
94.7351
109.852
167.668
61.5988
130.636
97.9086
47.2776
96.7346
91.3629
73.9352
39.1296
67.681
35.8986
120.296
39.0114
99.7827
47.8656
142.344
203.99
219.224
43.8589
175.775
159.319
61.7552
71.7214
89.3663
79.8372
35.6675
183.748
81.2867
53.1516
31.4541
88.5769
69.4235
199.971
87.9565
74.9349
32.6599
132.114
100.693
99.6613
31.6908
30.4428
122.268
125.049
33.803
82.744
75.636
71.9047
35.1228
200.558
54.1536
35.0375
48.8494
31.9068
104.671
40.1356
46.0296
48.378
31.9251
46.8333
74.891
156.073
39.4421
29.5208
40.7954
103.367
92.1433
111.602
106.394
45.0431
88.7306
29.3078
51.7497
35.1464
45.0474
27.39
108.448
152.181
55.4243
86.7465
62.6111
78.4396
78.1466
165.613
123.427
120.15
27.5679
94.8042
92.495
56.8372
39.2272
236.044
35.4692
52.9189
64.5106
167.066
31.8478
47.0783
113.644
49.5913
42.3805
32.7049
70.9418
108.464
38.479
35.3267
77.7392
61.5522
56.5323
54.866
177.02
115.316
77.4563
50.1726
234.645
74.1103
80.8567
61.0638
123.098
77.6612
200.016
28.4168
49.7825
113.159
130.889
56.6112
70.1428
132.308
35.994
42.2752
89.2197
225.398
144.932
27.3481
108.779
35.2666
108.967
86.5235
66.7848
34.1422
31.2656
185.459
56.1159
72.9719
104.462
40.3057
117.366
222.804
178.641
29.735
189.466
48.8336
113.888
257.179
37.8898
188.387
83.0094
87.6061
103.605
86.1146
55.0504
63.5465
56.1737
77.3728
84.5791
87.5999
50.6432
64.8472
107.438
112.84
77.635
47.9398
40.1159
231.016
29.5953
221.532
35.08
34.1745
133.359
126.514
194.986
68.651
56.2329
86.2619
36.2786
29.5123
80.9627
38.7715
87.6515
89.1398
162.187
153.554
38.3551
71.6432
65.3114
53.2019
91.6691
44.4609
59.854
92.7992
36.7816
43.0947
76.3769
166.854
39.02
35.5856
58.7055
137.237
30.7541
39.0649
45.6498
64.1664
60.2054
30.867
148.144
54.0365
218.145
108.244
93.5599
65.2891
167.425
78.0626
113.777
52.769
35.8787
109.573
85.1458
75.5793
116.182
50.2325
83.7024
73.7105
31.0694
151.561
116.001
79.5936
88.265
142.717
30.5304
48.3527
123.527
186.387
229.82
147.66
54.9441
47.9619
177.728
36.5579
135.951
26.5083
159.628
39.0986
51.1292
80.8983
54.7235
31.6002
77.0262
67.6126
40.3186
29.8598
50.6076
30.9872
63.5774
79.7545
30.1861
134.277
139.83
75.8784
122.656
60.8875
122.964
156.403
60.799
70.3321
195.277
57.2434
30.3766
79.7038
128.184
57.0664
68.7055
76.534
116.267
170.552
37.7572
84.8319
109.394
241.075
80.1504
38.2827
94.6624
154.08
34.9322
62.3731
59.8031
144.232
96.4356
99.5653
48.3339
209.562
52.7882
55.6013
167.105
67.0125
26.586
40.034
195.526
29.88
33.3693
28.8703
44.7132
99.3705
62.841
37.5185
33.1043
126.528
250.963
109.21
71.7884
235.665
44.6241
195.245
38.0774
54.1616
106.36
35.3305
82.825
52.3729
120.874
89.4023
30.2332
52.3391
155.775
123.404
31.7803
121.437
123.849
39.8935
51.53
120.943
99.2902
35.1207
234.834
77.2472
43.1004
68.5339
27.6216
86.0421
153.189
40.4368
128.628
121.181
158.825
59.9016
106.034
124.013
35.9178
86.0373
97.4585
57.9
100.167
26.57
256.667
29.5076
143.41
64.7001
49.2211
76.0102
28.677
110.876
158.831
49.8565
115.12
109.476
114.088
55.4096
70.99
32.3004
38.6049
192.219
207.083
48.833
121.677
57.177
123.615
89.5118
61.9185
239.348
56.3467
82.6437
254.938
110.798
51.3538
79.5891
70.4792
90.8507
59.773
90.3226
54.8207
45.7131
134.612
100.885
115.727
46.991
120.554
68.5371
72.5016
71.9196
60.7995
43.4654
108.567
33.4601
55.7657
96.393
127.039
126.719
60.7397
36.7582
47.5118
143.995
228.077
102.585
90.3315
263.834
94.0656
41.1917
79.0049
52.6162
42.6602
29.2196
97.7546
202.065
61.7212
129.889
55.2268
254.155
110.967
92.2815
46.3524
89.9884
135.728
28.5054
53.9483
169.929
76.3487
137.544
55.5016
52.6113
43.4177
47.6272
181.844
36.4516
26.5588
54.8589
61.1641
77.4896
71.2661
102.558
41.6557
47.9961
52.9617
117.67
63.977
256.951
36.482
41.5198
177.885
80.4693
43.3077
130.982
147.137
140.642
34.1073
100.725
29.1711
80.7099
151.634
130.508
46.1519
31.6093
30.0951
113.637
192.42
38.4938
29.0269
51.2776
84.7572
71.2899
59.4387
125.775
115.855
41.3684
160.589
70.3012
69.9695
113.68
73.7543
73.784
45.5481
64.5898
61.2333
111.029
104.789
148.275
59.7086
158.834
42.1773
32.3591
51.8771
55.1264
251.738
178.207
32.5084
128.583
177.316
160.86
112.782
143.087
39.516
61.281
109.106
75.9823
31.2202
155.718
42.6157
97.1113
31.0514
78.9043
139.709
212.644
132.468
49.5844
79.5739
55.022
35.0938
143.569
159.849
45.7275
40.9781
35.9676
38.8373
31.1144
125.201
73.8535
34.1319
119.605
187.413
184.792
114.837
31.2798
56.2747
28.0868
237.623
52.9043
71.4165
154.709
93.2816
66.6813
36.456
65.2202
37.0174
79.0717
79.6895
37.5316
128.255
136.184
26.646
130.189
165.241
106.345
54.8957
182.187
58.8017
108.977
104.995
29.4996
152.538
69.7089
38.784
62.9372
56.312
27.0916
68.83
122.927
102.417
75.2722
58.5836
70.1137
41.7609
199.796
154.615
87.8933
47.9888
72.1742
46.7353
255.529
33.5122
165.878
84.2404
95.4204
68.5095
40.6349
94.7043
66.7687
107.415
229.829
56.2516
128.414
185.004
81.4463
126.805
105.79
127.032
212.872
54.4973
59.2244
45.3248
32.7406
129.783
89.6692
68.0278
181.869
145.64
40.5342
113.49
96.878
97.8962
28.2479
138.685
191.907
28.8432
55.1452
103.453
125.967
202.91
88.8288
39.4355
189.681
49.5036
56.4838
72.6223
32.4108
96.78
78.9138
224.078
106.88
29.5071
137.674
158.474
31.6387
86.1472
62.9089
50.6914
100.909
220.512
77.4908
58.806
108.326
40.6483
106.071
46.4905
30.1039
72.3609
137.392
245.535
191.491
165.174
140.151
75.5227
73.5089
68.3642
60.5929
59.0043
34.2681
63.9316
48.8084
40.2842
59.86
201.885
105.535
260.255
104.209
209.694
46.7382
95.8488
70.6053
50.8006
134.016
53.0138
164.358
75.3309
48.2731
31.2234
40.0491
34.0296
189.459
52.4566
76.8056
30.6177
31.2242
42.8505
27.4022
124.764
27.8394
31.951
96.8713
223.749
37.1933
175.175
187.746
52.3408
33.5427
77.9598
179.2
27.0824
80.4589
136.59
63.7268
170.587
92.2556
63.5573
57.1783
143.31
161.061
45.1313
205.273
45.2427
65.8589
26.6367
60.4101
96.4346
41.5612
60.8406
169.029
142.818
98.9442
62.5617
251.664
160.178
128.814
53.6341
184.968
206.461
40.7434
41.9969
128.826
81.1318
149.956
36.4236
207.849
114.534
62.0869
30.1281
48.1133
101.518
40.0899
120.2
49.2978
61.4814
45.9595
37.7261
99.783
160.251
55.057
29.2357
41.7203
106.406
43.3297
135.77
57.1881
187.376
88.1601
59.5818
52.1402
32.0517
39.7162
49.3117
53.2302
173.171
116.106
64.6195
40.2948
60.0952
104.241
30.5332
26.518
33.8691
63.1277
42.9682
50.6072
175.771
77.9255
77.6287
131.941
60.9711
60.1594
205.938
98.3148
73.5461
243.232
145.253
223.567
28.7702
37.3704
73.6636
60.4226
30.7591
55.423
186.76
138.978
26.8105
149.022
64.4151
154.076
127.833
153.477
54.1043
200.012
40.5966
175.302
68.383
180.767
137.098
48.5546
35.8573
60.107
50.7586
53.9244
28.3217
222.974
91.3907
51.6103
64.9909
248.357
32.0901
46.9553
115.28
108.679
37.0199
92.3588
152.173
38.191
84.0607
28.8615
28.1036
51.3248
186.339
87.7467
133.503
144.425
168.531
52.0532
112.253
58.9513
98.8086
77.1315
67.4973
86.735
76.69
44.0139
60.6916
86.3537
79.6848
66.6482
70.4121
29.662
65.0412
186.767
165.196
31.8051
37.1362
66.0442
48.9498
39.1579
62.8696
42.3453
141.374
177.194
139.978
73.8352
76.0104
48.6589
140.926
55.1676
42.0412
99.2813
133.437
186.613
116.502
92.0574
46.628
60.8928
151.834
35.8268
73.1069
28.0503
41.872
43.5117
103.724
79.8573
53.3632
82.612
57.4818
39.8038
113.201
202.159
54.9419
51.0171
118.05
75.593
72.3225
224.261
120.452
40.8232
126.929
114.334
78.1573
240.05
37.8246
68.0065
114.119
116.041
120.55
83.787
38.3438
35.4797
39.8817
37.2226
111.191
28.0504
81.8469
32.3117
60.832
169.384
38.0203
135.867
64.2627
113.131
66.6112
152.156
41.7769
60.1937
177.38
244.939
89.6677
57.4817
85.28
36.7424
42.0999
36.7492
41.4264
238.613
261.758
54.704
41.3652
61.6827
139.83
150.059
34.4875
74.7642
87.267
220.651
54.5815
76.185
26.8366
208.083
40.0269
43.8281
91.4056
72.4617
28.3943
153.484
147.278
133.582
77.1049
119.087
76.7243
52.1926
153.387
148.365
65.5543
111.278
141.837
176.403
28.923
75.9795
124.619
178.612
112.438
130.317
49.7443
43.649
93.0103
65.4032
132.512
123.716
172.11
38.0946
259.923
64.9009
79.4174
164.996
159.021
35.2929
79.8135
73.1647
168.752
53.7031
37.8101
81.8675
218.276
62.5455
104.845
30.2885
41.6611
44.0779
156.098
64.3102
184.485
58.9371
157.194
106.619
51.2315
69.8217
29.7089
31.0046
194.265
81.4737
150.218
40.7071
160.33
92.0188
214.179
51.6416
61.8764
42.7779
166.527
27.3442
65.6999
72.9865
54.3817
52.9489
88.2239
73.0951
89.4086
90.7897
141.483
112.424
33.1916
95.5449
165.079
45.073
27.5341
223.25
38.2534
73.6714
80.6031
29.9101
79.8864
78.731
207.557
48.2317
200.051
214.82
197.49
80.4132
71.8171
215.391
230.455
51.2181
44.8918
46.6578
148.607
78.1424
110.864
52.9151
74.3113
40.0756
97.356
165.745
53.1524
29.3793
55.8358
210.494
38.4328
35.3629
146.566
180.007
28.8732
183.905
141.695
47.5158
103.731
65.7353
30.4351
69.959
107.88
149.676
51.1033
40.4921
105.758
63.7797
144.601
121.387
78.9461
181.938
181.546
97.3553
100.306
47.006
58.5611
106.62
83.0933
223.585
72.8633
114.939
53.6497
27.6839
43.3926
41.5947
27.6443
43.1477
36.0707
97.7541
47.5633
154.042
208.417
38.3673
245.757
79.5306
63.6998
130.002
126.161
78.1713
32.8095
41.8038
58.7037
113.508
44.8803
50.5183
35.1407
202.726
80.1213
99.7381
82.6173
65.8763
171.778
80.0799
162.282
147.095
167.19
26.8345
31.4098
107.991
132.036
63.9497
105.795
249.885
104.897
27.2154
77.8291
88.6258
42.7793
155.398
118.045
152.409
59.6642
73.2215
48.9008
67.0943
61.9299
58.8465
164.925
88.2587
56.3832
87.8871
249.914
64.9623
49.4173
39.8278
42.7737
59.0566
67.911
78.2247
69.8506
173.845
52.6107
69.6831
86.095
114.716
71.1686
68.1856
54.1534
60.9121
192.132
98.7525
73.713
70.1739
110.148
105.117
84.0569
32.248
32.7362
31.5963
49.8824
28.468
75.773
36.3442
42.9451
127.854
62.9746
239.278
151.969
89.8018
84.0464
141.981
44.9967
70.5259
69.353
131.969
58.5713
74.0255
212.212
130.745
121.405
27.3272
45.4009
227.095
51.6339
195.743
27.4929
27.0754
52.633
206.719
208.016
262.003
54.9008
63.6012
193.738
30.4991
61.5972
51.9967
28.8137
204.159
79.2605
228.937
222.915
154.165
85.6747
27.75
72.1435
36.7899
28.0326
29.8082
203.722
43.723
237.514
85.3869
115.485
40.2281
169.209
168.908
226.794
76.5799
120.203
112.954
38.9887
69.6201
126.317
167.502
152.355
94.5122
218.886
52.0464
34.6435
69.0259
31.5972
167.242
51.7834
110.049
45.0151
172.566
35.7477
109.835
35.7058
41.9046
193.222
67.7503
138.101
41.7655
148.708
27.2034
89.0707
61.526
48.7211
51.5418
42.2579
56.6129
26.679
136.318
56.3356
37.8885
168.71
44.9262
53.0036
44.9998
187.533
28.2502
90.9332
106.435
166.597
68.6371
195.941
68.6449
104.41
206.929
76.975
27.4822
50.4717
90.0782
49.0214
64.9316
45.6554
156.392
54.8564
53.9234
43.5835
39.3655
75.3063
44.0233
35.6727
44.1354
116.8
106.721
32.0468
100.359
144.774
60.2314
46.2186
57.6885
80.4671
84.0981
32.3536
45.2145
158.461
42.4781
100.481
56.093
100.728
136.165
111.324
43.0447
89.9439
61.9978
38.8626
259.24
32.2678
28.389
101.356
32.4832
66.1319
105.869
42.184
98.2214
116.27
88.5473
39.1783
255.179
75.5194
140.364
92.0597
117.111
64.4199
99.8891
37.865
125.09
103.554
124.143
83.3376
213.415
28.1005
34.918
28.2208
220.235
64.1166
53.5073
67.7487
57.8898
84.7302
55.8456
53.1822
148.332
86.499
97.6864
63.4519
118.253
127.828
84.1276
50.4543
148.793
135.148
109.37
29.8786
38.3985
51.5193
26.5098
127.999
32.9432
57.1405
43.9538
58.394
144.612
197.226
65.1677
92.3163
166.602
79.101
106.202
46.9178
121.546
30.733
37.2257
56.3963
77.0161
38.3426
53.7243
71.0071
46.5886
195.347
70.4487
152.133
96.3041
191.335
28.5881
84.5962
51.0307
65.5893
153.668
200.395
131.262
74.746
110.575
79.8629
46.1415
182.18
55.5816
184.964
49.5778
162.991
134.277
50.8073
51.9307
158.358
44.1251
44.2663
42.2953
81.1826
256.648
39.3815
91.8475
48.1376
92.7097
44.9329
92.0339
151.375
63.2505
221.518
91.7502
61.6864
51.2552
162.121
32.7858
63.2125
92.772
90.9915
83.7731
58.1996
122.77
44.6533
98.0103
44.5489
97.7105
34.9738
26.5546
201.807
80.2728
53.9194
66.3117
38.2301
58.2454
37.1097
61.5969
121.232
37.1349
124.825
100.127
121.132
31.7488
69.0423
53.3661
53.8979
63.4227
73.8263
160.71
35.4459
104.956
43.3549
41.4844
77.7962
200.181
205.943
132.812
58.0734
67.2579
45.4503
52.4521
112.548
47.1223
194.127
66.6287
39.074
75.1599
47.9939
49.6312
73.4107
156.148
28.2015
47.4004
39.2527
27.3782
148.865
145.629
61.9772
139.327
41.6266
69.694
260.418
43.7748
94.138
120.528
38.7595
88.4442
59.9434
137.09
77.1474
191.255
183.539
187.992
78.2893
74.2451
34.9701
111.361
43.6959
218.777
203
27.1154
207.82
86.2753
204.628
111.137
88.1697
209.718
75.9069
44.5621
64.3255
50.9954
30.0578
179.848
133.274
34.3534
64.947
120.391
81.2826
30.2109
203.313
69.1489
55.9564
78.8272
168.357
62.7075
50.0285
254.391
93.4635
59.7062
52.3915
38.025
222.395
31.9475
167.682
55.2318
201.609
109.152
58.5212
99.2048
157.882
153.077
84.8631
96.0718
218.371
141.658
74.0739
26.7061
151.256
198.217
34.8859
115.62
82.3085
81.6035
50.5903
61.2569
174.571
45.1554
117.958
79.6553
48.9613
51.3212
77.72
98.2231
95.9464
118.429
52.5573
189.738
62.074
28.2711
158.516
38.4244
39.3733
38.8983
45.5938
116.102
168.885
115.006
117.589
38.5497
28.4556
43.4806
119.908
36.7059
36.8913
60.0212
168.507
41.4931
132.677
46.1133
97.7071
152.409
179.826
65.5989
52.3743
153.22
45.6572
146.596
208.656
133.362
67.3119
63.6753
40.2891
78.5182
194.466
65.1944
200.784
239.463
48.0096
121.483
100.158
86.1531
55.9557
42.051
76.1556
125.384
89.498
148.232
76.3054
49.4836
33.3031
54.4257
45.428
86.417
39.5344
229.534
84.5364
78.3586
80.8443
176.503
54.2275
40.5304
35.1931
120.653
41.9386
76.7682
77.8889
47.7611
111.446
218.067
30.591
40.4208
131.159
55.1427
39.0254
55.7059
204.258
107.303
180.557
38.7496
127.601
210.996
59.4206
56.5213
132.432
56.9979
53.0397
158.705
78.9904
28.9486
59.255
236.492
46.8277
129.101
38.784
129.482
103.774
161.879
98.8219
31.18
106.384
38.2484
49.3198
67.4806
53.5937
41.3259
88.8197
27.2502
135.582
104.763
76.1372
33.2933
158.974
150.676
118.058
63.9044
32.6521
203.838
131.858
88.8425
63.5861
37.4599
87.9357
68.1138
65.6049
51.9359
39.613
32.1853
27.7974
171.798
142.103
97.8056
34.1375
82.5532
209.195
93.2257
109.136
246.905
72.3092
34.1954
26.7084
65.8997
32.8035
92.9665
89.6515
36.9376
27.6303
119.228
75.4721
32.0123
143.535
49.0761
42.2626
162.02
71.1099
62.5723
99.8979
177.163
29.2755
61.1591
145.49
55.7497
80.238
167.544
68.9385
127.369
113.281
52.4617
96.9431
171.682
130.908
42.2318
56.8791
41.1216
100.055
123.837
44.4485
218.454
88.4021
109.532
105.4
77.4547
51.2497
68.6846
34.4609
107.67
99.6508
76.9682
55.3449
76.7565
72.175
127.486
260.338
76.8655
158.527
183.37
70.7049
221.029
229.525
227.216
75.0942
41.587
157.194
44.2195
112.675
156.209
111.446
60.1201
141.2
35.1913
109.287
84.9134
89.4659
84.1302
55.3166
54.0199
59.1753
47.6219
73.5153
60.0118
79.3976
51.558
31.9348
155.671
39.7416
27.3942
73.831
53.4756
191.036
45.5164
33.2101
90.6037
88.4206
84.1062
38.5876
40.5668
75.3481
28.6448
34.3374
196.812
202.618
34.1601
146.61
95.2019
43.4071
38.2179
151.822
104.325
99.3408
76.9977
231.66
48.0315
56.4313
123.385
175.773
29.4576
31.4293
57.0416
106.368
33.3693
131.232
49.1893
135.607
30.2259
38.4775
164.956
84.8556
103.702
131.069
41.0614
43.9874
36.9227
42.8589
71.2619
186.73
92.8487
156.297
92.2352
97.4227
77.533
70.3772
38.3906
31.3348
140.373
70.5096
30.0468
30.9603
66.4357
73.9189
58.9731
72.9261
27.8669
207.267
43.0438
91.8096
50.7074
199.87
26.4265
26.5801
63.9574
46.6916
50.2151
70.8715
150.922
55.3838
37.282
63.1984
42.8325
235.161
188.387
35.6285
158.963
144.424
160.953
76.1542
99.1334
38.9881
42.6983
214.262
56.2162
49.6756
142.025
206.648
108.235
38.861
99.4839
91.0042
254.156
33.0274
34.0753
45.3239
53.2835
32.2643
59.0617
177.232
29.2702
74.349
74.9848
228.897
59.3647
163.036
41.3918
69.4821
121.955
129.734
51.0984
136.387
72.287
33.4497
29.3766
41.3617
177.272
80.6466
46.9523
70.4576
133.795
78.0747
153.892
45.4261
47.152
260.27
88.3873
37.8877
135.834
202.574
71.4599
120.123
208.422
30.5508
35.6641
115.427
139.174
37.7728
105.083
101.367
35.9637
84.0632
38.1089
226.733
61.4773
64.4199
32.3135
55.9814
50.0102
76.4595
99.9317
33.6452
36.9547
33.6647
46.4671
139.725
68.9803
195.362
96.7026
79.9596
61.2296
59.8279
58.4342
121.174
33.261
65.7395
188.946
78.0448
85.8747
118.136
39.5831
139.539
83.5226
147.667
43.1282
160.256
101.286
172.772
47.1511
67.4216
231.047
59.8674
56.0607
235.537
64.3772
57.0051
42.7029
120.652
112.039
45.2946
73.2597
36.7411
72.1211
88.2803
67.1373
75.8712
103.436
42.8177
229.008
76.1018
47.6163
134.001
30.5268
182.685
114.56
48.8023
42.3153
40.4748
203.986
29.1085
204.389
151.551
128.287
222.47
28.8461
106.889
52.6419
31.1626
105.247
69.8682
133.559
49.8169
29.3724
45.2851
93.2529
51.1159
59.1081
62.9128
54.6264
193.465
93.3931
122.64
38.9557
162.469
174.425
45.8079
188.873
117.981
85.5713
124.802
90.9323
79.5081
191.011
121.557
52.0669
71.011
55.4419
220.358
61.7889
39.1708
101.627
149.97
111.228
205.811
85.6985
46.3089
36.9806
67.3834
31.664
137.61
111.765
122.508
30.368
197.986
170.816
35.3424
31.0261
152.833
53.6884
35.859
30.0028
91.2867
85.1782
41.0199
39.1887
108.49
30.3442
43.8647
41.9319
156.537
72.1367
36.938
27.3994
49.1857
45.8019
58.6617
78.4874
94.5561
93.9113
39.4019
41.6524
164.788
79.7962
154.903
91.6501
100.575
78.629
56.4656
93.8315
87.9846
61.6961
151.006
91.1287
202.302
47.5821
93.3059
29.7033
69.9543
176.182
40.4481
56.3338
43.4302
148.946
110.47
82.6712
159.945
251.979
51.3761
99.8583
54.5175
86.8224
90.7302
55.641
43.5755
36.7923
26.8855
43.9598
76.8044
51.7798
33.7221
213.286
91.6864
64.5367
129.117
64.2339
74.9552
54.9779
166.816
55.9848
260.47
114.602
125.307
64.639
97.616
41.8333
188.951
50.3542
95.413
183.953
50.3117
49.8629
49.0502
48.2547
159.866
53.3628
39.0274
135.533
120.917
116.164
32.4482
78.259
48.564
26.539
180.234
114.837
54.8226
180.742
138.214
75.4003
178.459
45.3661
59.1217
54.7897
112.525
109.378
28.9664
29.2802
107.879
43.4546
80.7521
55.3183
92.6981
61.2471
59.7349
59.6508
36.3734
77.8791
78.3011
48.5765
69.508
37.1379
72.2283
148.007
58.2697
57.1233
92.1116
194.116
66.216
65.3935
105.525
69.5871
80.8782
75.5261
81.7838
57.3856
62.8067
105.758
48.955
54.0248
75.9962
99.5114
37.6321
43.0842
122.366
103.144
256.477
76.9303
68.6101
47.6496
69.1705
161.541
87.6839
49.8433
125.6
69.0051
207.136
119.477
49.5326
41.0983
74.5428
182.538
47.6672
247.094
74.8639
95.0298
195.531
174.093
128.778
51.0539
197.259
87.4039
57.7268
226.431
163.295
63.2433
40.7286
26.6846
216.54
80.1984
95.2484
27.6574
138.3
41.7881
28.2744
85.748
40.0855
82.7191
65.6573
69.0574
88.6139
60.3668
51.9773
105.133
107.208
114.826
46.6206
170.724
129.071
171.697
53.8496
48.6125
36.1605
43.8412
55.7443
103.141
45.4223
88.5121
99.2148
59.7636
36.4064
123.983
41.8541
38.4841
32.3759
68.135
59.0861
47.6752
134.817
26.4688
106.416
155.573
29.9593
85.1801
121.302
203.202
102.729
72.0165
74.2225
206.19
87.1166
31.7549
61.9552
232.592
84.5945
53.9892
175.274
86.8158
62.4762
198.943
178.404
57.0917
63.4466
120.005
114.725
111.15
97.2593
40.5026
129.934
101.105
63.396
42.2762
82.7098
48.4823
77.547
41.0941
38.2754
89.3736
204.048
27.2125
74.7737
47.5783
219.549
88.028
225.213
31.7319
26.3801
40.1998
61.9567
27.2161
256.822
208.833
67.8902
119.304
64.9164
98.1978
123.776
64.19
164.714
83.9537
29.9318
58.9051
236.846
37.7635
32.1359
57.8431
161.493
37.2002
89.3669
31.153
39.7342
63.6561
99.5236
128.765
31.4512
68.5172
30.4903
45.9867
119.921
35.0066
79.7055
123.223
140.498
32.0419
96.5862
41.6853
30.4783
130.816
44.4032
63.7132
41.0717
45.3164
146.24
142.646
79.9153
149.446
60.4085
185.235
32.2821
94.9367
34.8046
99.2724
64.5088
65.7579
30.4436
242.706
64.3941
225.571
121.574
125.958
126.478
116.001
102.165
42.8667
151.253
53.59
115.273
148.742
36.0183
126.585
184.57
150.637
135.62
63.2225
137.466
43.6341
197.581
96.2924
33.5772
66.1848
61.4341
44.0475
50.648
152.417
29.8973
60.5106
132.814
67.9531
77.0121
190.848
151.711
31.6851
87.8595
48.548
66.7424
148.217
41.6648
58.5109
258.379
55.3288
44.5616
31.546
69.3589
114.402
165.242
101.261
32.5212
70.224
58.7432
48.2305
118.129
38.5961
40.0782
62.6509
35.1124
33.6611
59.9946
96.0043
61.8457
69.5224
37.8969
208.999
44.3201
124.04
92.0377
157.191
126.012
54.9441
35.9872
233.623
46.0632
44.2533
115.203
103.403
70.4759
115.361
153.483
190.339
148.886
128.885
76.0128
61.0444
103.122
51.4567
38.5778
62.4718
59.2454
132.062
227.504
85.0838
32.0991
118.343
54.5657
62.7586
94.8493
173.315
50.0209
48.4059
96.8366
71.0412
74.1627
96.0379
46.6273
84.0276
52.0338
40.1477
97.8085
74.2892
59.3819
159.399
118.583
43.3847
201.053
55.3211
111.818
66.9119
46.1849
181.227
248.398
39.1345
128.888
122.46
201.907
80.7188
61.2792
68.9779
98.1554
27.8055
132.714
106.307
173.58
104.425
92.9401
78.1819
156.753
79.6842
103.543
93.7863
142.498
116.527
42.19
51.824
66.3502
39.3295
120.24
58.2244
50.8395
169.629
155.418
80.3323
147.713
35.5832
110.067
127.371
38.5296
59.0789
162.678
124.941
35.9455
53.939
220.064
67.0878
187.077
102.379
58.6573
79.2185
113.421
201.797
93.2311
39.5643
29.4031
154.894
130.348
121.695
79.6283
184.508
70.0674
63.7659
206.31
57.4865
38.4827
61.9318
30.2944
101.609
238.995
34.6267
201.374
46.6434
55.7788
29.248
41.9403
100.077
214.925
63.5493
109.946
30.828
73.5454
55.3028
45.5184
122.087
90.5201
241.172
75.8517
159.123
27.1827
223.189
44.1829
127.7
90.4535
51.3453
96.9737
79.3494
175.211
144.022
41.2219
190.614
240.302
192.08
51.3221
75.8655
38.2202
128.11
134.342
135.601
115.839
68.1301
241.918
44.8421
124.157
174.663
69.0138
107.965
140.13
208.145
93.2273
36.0786
75.4183
38.9586
28.4207
50.8602
161.54
132.533
120.665
82.1829
46.8605
63.9253
33.3874
193.095
180.217
44.8948
27.9561
89.681
66.842
99.0494
121.537
96.7109
38.0057
27.7577
50.1414
47.2686
53.5731
170.843
45.232
85.6455
124.331
31.0543
95.3495
69.9958
31.1086
150.698
62.2078
58.7655
104.712
74.1259
99.6217
68.8688
120.032
36.8864
96.4805
100.064
131.392
40.9427
39.4961
114.491
68.7954
147.88
60.2827
62.13
70.7821
150.605
147.383
240.889
33.2617
73.2389
46.4852
68.2651
70.6155
31.3319
183.518
157.97
51.1962
158.207
189.296
39.6052
61.029
44.5018
154.577
128.763
169.244
80.8542
121.839
129.015
93.4418
119.698
52.4808
64.6308
52.9176
45.4736
75.6569
201.186
53.8777
62.4129
28.0263
40.4171
107.779
27.6232
33.3209
44.9841
50.2093
26.363
93.7496
38.3684
141.517
95.6336
40.0142
59.758
92.7865
193.871
188.768
67.9728
188.989
185.399
182.312
125.291
232.098
40.2253
32.0954
80.7775
55.8371
125.247
80.2943
56.8539
159.265
58.1574
52.564
69.1311
34.6303
38.3077
45.1623
109.428
59.7456
38.4907
114.58
32.3935
221.641
107.123
33.9301
55.8003
116.207
30.429
113.725
41.9459
187.577
112.182
133.049
65.9977
156.139
34.0712
140.078
43.2968
35.5933
36.7399
146.341
50.876
39.3412
52.5149
32.1026
40.8531
34.302
81.571
63.6118
69.5356
85.5962
184.549
125.844
81.4699
121.015
34.446
93.5107
75.496
184.356
45.7262
133.548
91.5319
44.3212
54.6521
87.8132
148.678
112.523
68.073
51.5562
52.1404
90.0762
42.7232
41.6547
37.111
139.618
90.7097
72.6707
28.2135
86.9609
47.2864
31.7343
87.4887
230.326
257.786
43.2231
26.945
48.0497
69.1116
31.7457
255.611
36.965
56.6147
96.3721
122.495
28.3449
60.7481
126.009
80.5343
40.614
69.9518
93.6356
38.4562
30.7506
90.2766
182.191
69.7653
140.13
56.7989
31.8008
67.4284
35.962
108.696
104.945
42.0004
113.413
57.3655
81.0451
111.685
110.485
127.568
205.518
114.368
112.128
86.595
60.6403
69.3572
29.0355
75.0273
138.115
95.8468
85.6381
40.0785
65.9109
46.6305
92.9622
50.5723
91.6003
54.7255
183.004
85.2028
200.379
50.5568
106.81
64.6574
74.7236
110.569
37.6084
26.6137
104.538
108.794
166.705
60.4679
110.631
30.2448
44.6151
129.011
66.3522
78.2658
40.6275
41.4519
147.026
109.663
136.066
42.9509
28.2078
72.1248
26.7633
32.0037
66.1826
135.867
61.9149
49.1725
119.169
206.52
59.4955
43.7322
56.0519
169.59
27.5152
37.1329
170.003
73.8151
36.4464
191.123
101.19
155.984
115.663
55.6855
124.052
58.6334
134.196
205.677
27.3775
37.3107
111.544
34.3072
32.3053
161.562
141.694
64.8266
26.4588
50.0034
227.318
43.6273
67.6778
69.3468
49.5212
45.9842
67.5067
68.1218
72.4203
192.857
138.831
46.8543
122.671
135.022
92.789
60.6782
41.881
37.4914
224.663
29.7155
67.9485
33.7751
81.4456
114.367
49.5611
115.8
69.5375
80.7522
186.191
161.234
37.7016
42.423
40.8211
209.724
91.5528
84.1287
30.0894
51.9335
93.3255
46.1491
118.884
126.181
91.4425
81.747
94.5018
72.5285
155.117
82.5098
56.2445
84.7732
104.728
37.6757
142.349
245.796
54.7201
44.877
116.816
30.5073
99.7706
31.2966
34.2758
64.1672
125.785
142.049
91.0972
180.81
212.532
83.4291
233.464
236.655
90.1055
117.583
126.546
201.65
57.866
43.756
43.9005
114.795
190.034
81.2806
66.1164
131.623
123.087
52.1389
46.7733
248.314
118.314
61.2858
98.6994
169.61
66.2395
47.2703
127.029
104.588
258.075
41.0055
109.115
59.1971
63.222
48.6654
99.0297
59.783
77.7564
238.033
79.732
191.381
56.1521
39.3993
85.5793
35.2931
63.503
33.6195
33.8359
99.8542
127.651
61.8707
190.839
52.0269
64.7446
35.4047
94.222
46.6077
118.064
72.2289
41.4813
82.5486
170.038
41.878
42.248
106.387
36.1381
72.9519
91.6609
26.9165
40.4119
144.174
61.6734
114.499
151.064
52.0418
52.8755
51.4701
107.989
55.4838
64.0952
51.0763
177.984
86.1645
67.4815
85.4184
105.957
95.3077
51.7551
107.812
45.7166
69.6258
93.6536
73.7599
75.9033
98.4797
188.294
30.696
116.482
111.597
226.742
109.606
51.6227
192.09
164.85
70.9311
129.023
28.5183
36.3069
183.296
47.5052
45.6063
91.4974
43.6986
36.1453
45.9322
73.1371
62.8842
205.132
203.056
40.0673
56.097
85.674
29.9761
69.4106
62.8196
124.879
91.5024
43.6651
184.751
52.9328
50.9693
79.6742
204.9
55.6632
37.2898
68.9239
151.553
113.162
39.0457
84.4659
120.137
216.028
184.073
54.2248
38.1813
145.872
65.4115
110.553
104.928
167.684
120.873
39.5619
28.0246
33.9814
95.4976
79.1802
84.5957
95.4348
27.2856
51.9189
61.5321
69.8501
132.486
90.0194
84.9552
114.135
225.888
43.1202
67.0637
38.3762
78.097
168.128
67.5314
67.5856
233.402
50.5668
129.423
46.4171
40.924
91.2749
202.516
32.0607
80.7879
27.8441
79.2
29.3681
28.6261
63.4261
122.467
107.983
157.606
40.1138
219.79
95.6598
51.1906
80.5876
84.561
28.8382
143.105
63.5476
123.976
96.3619
85.5995
99.4464
86.8954
147.511
57.4606
80.5956
51.5114
26.8263
72.5745
48.3547
76.3845
77.0548
33.5933
66.3223
120.784
31.0919
205.871
97.8003
160.41
59.2201
43.1911
28.138
124.48
69.1973
29.8668
138.209
55.8902
181.129
245.811
35.6522
61.7604
54.2531
62.3887
49.5222
228.405
34.4468
41.7425
45.4209
49.9561
72.5113
86.4261
82.1642
70.7066
86.3301
38.1244
55.3499
30.2993
154.339
45.5312
31.8848
46.0106
33.9023
38.5688
172.76
59.6265
75.5508
144.556
27.2014
34.6399
29.8637
75.0949
166.912
235.186
129.302
59.3413
88.9877
119.278
124.583
42.9855
193.896
161.381
117.78
90.5163
41.4718
68.5506
50.4245
64.3572
117.803
46.3368
206.292
49.8501
62.7476
48.7056
73.9703
50.2137
98.7022
58.4876
73.2746
41.8506
132.77
32.844
138.236
131.969
41.9809
73.1818
243.393
145.458
41.6293
238.997
34.8424
245.743
77.136
92.6652
35.3876
33.505
142.445
85.4962
197.693
149.918
79.2862
225.189
49.382
182.503
114.843
255.08
91.9176
34.8149
30.7963
154.671
75.3407
28.7289
126.581
237.501
108.549
28.0771
62.5308
104.569
113.913
73.9266
32.5916
38.0115
192.906
107.86
58.4888
95.7143
67.1904
130.059
32.7777
57.2397
29.7442
52.4496
68.058
224.86
175.78
169.142
40.9567
39.5022
86.5467
83.4208
37.5581
49.7448
95.2742
63.0693
82.8397
68.9361
242.842
69.7916
262.876
131.454
156.008
60.8563
56.4541
119.194
114.898
113.173
125.298
29.6436
91.416
91.1252
35.8192
107.194
46.4011
54.6532
112.967
75.2009
50.6112
41.7771
118.257
30.2843
52.6679
26.6023
152.877
66.6542
51.3603
63.5259
39.1602
114.034
28.9299
30.9987
147.606
47.1122
69.4081
30.6018
44.8635
36.7702
233.549
85.1654
69.327
144.031
58.7874
42.0605
66.2812
199.685
187.641
39.8286
111.565
70.8862
111.471
197.642
124.505
112.382
129.344
116.357
32.7278
103.042
176.244
174.952
147.398
175.544
131.522
97.1228
50.7351
95.2821
48.8298
96.2135
180.897
257.031
115.122
46.7697
88.3306
153.354
216.055
103.109
165.133
130.013
38.4119
31.0604
204.108
40.2377
182.009
63.7
186.501
106.747
176.884
127.854
50.6794
221.817
45.0591
87.6082
49.8142
39.2111
55.4481
254.465
172.126
28.7027
233.348
43.2595
221.799
181.47
33.8048
130.971
37.0265
82.8813
55.5993
71.4346
64.1758
33.2452
27.055
249.263
75.9373
68.2069
43.9842
45.2117
128.361
30.9085
43.867
120.222
46.0443
110.898
108.288
31.7975
40.5419
44.9404
44.5664
124.28
28.1089
60.8022
37.845
133.317
80.2349
123.911
30.9004
56.1194
61.4789
62.6749
104.723
80.9624
185.245
131.468
39.4301
93.2674
118.916
97.0645
133.529
57.7101
49.9652
130.641
97.0977
224.52
112.92
132.829
49.4765
55.5674
67.7313
121.564
184.162
128.581
73.9489
148.37
61.7098
238.912
137.317
104.727
36.952
250.033
119.691
35.3695
111.805
34.9561
173.79
117.679
99.6416
28.2768
38.4688
43.7674
36.5605
147.782
65.1171
29.343
27.297
110.656
127.724
90.5222
142.598
112.708
44.9743
87.3458
59.7718
48.5557
67.4028
214.634
127.625
51.4771
83.6027
36.7409
29.546
38.6815
64.9319
242.653
78.1112
72.4655
112.043
99.0232
168.4
78.9654
39.9768
26.5398
202.61
120.101
58.9655
32.8187
48.8227
131.118
248.877
34.2923
144.794
60.0643
170.752
115.498
76.3515
88.3296
83.2566
63.9582
173.515
60.5681
203.292
39.5486
126.29
35.6929
43.4827
65.3401
60.1495
68.0263
221.022
84.2015
27.5756
50.3052
52.8011
144.592
58.9048
35.6846
165.311
184.154
36.9945
192.946
97.8524
143.859
78.1794
70.6283
31.4848
136.721
99.391
217.706
208.499
101.259
124.998
28.2066
119.133
161.188
26.3746
147.865
215.297
140.308
33.7038
67.8589
134.912
232.521
118.235
41.0137
98.2495
194.856
95.8712
33.3966
49.4772
82.0773
45.2665
171.783
52.8464
60.7942
111.122
80.4922
164.731
116.332
28.0189
153.902
105.889
28.8064
185.681
87.6552
214.695
140.219
89.6391
28.4629
93.7392
87.3836
29.048
70.5211
54.2277
137.646
59.8591
219.324
45.1404
30.0466
152.841
30.6254
49.3861
51.1502
51.5635
87.0834
144.135
44.9093
132.032
76.558
71.4187
70.8133
77.9335
245.115
216.948
43.457
39.7675
120.361
31.3621
37.7578
29.7991
42.0035
33.7404
132.074
157.098
67.7291
46.2214
45.4754
93.1012
44.2754
71.3109
158.791
95.3791
73.1502
71.3758
166.195
55.2608
51.0848
108.149
27.755
34.5875
233.792
40.9983
75.0974
68.7418
68.6278
34.1001
56.9513
84.1197
216.9
50.9308
44.1426
91.7564
186.002
29.4341
59.8637
54.3455
35.9027
113.676
93.8967
35.1195
114.396
72.8531
101.459
107.787
179.054
123.603
177.792
177.644
36.4391
46.2304
132.349
27.7209
43.0427
69.0455
220.11
189.716
40.9083
173.754
156.839
244.861
55.5957
66.7793
95.3377
129.314
84.3343
57.5057
69.0413
42.4828
41.3484
99.5913
32.5876
65.4322
29.0821
29.3437
89.8691
72.6637
44.9191
151.084
185.789
75.6351
57.0498
189.234
38.7143
106.428
71.8063
27.7275
174.796
74.9581
105.923
116.235
144.053
43.3119
101.329
182.851
36.3801
81.4429
36.2153
31.1877
39.514
47.7224
83.8598
53.5771
100.532
129.418
118.326
128.779
62.6552
120.505
97.8492
64.3723
90.6945
59.7183
182.136
223.03
29.4228
132.479
54.7342
191.546
62.1582
99.1651
41.9928
49.2986
122.688
78.7502
62.0774
71.8995
64.0043
68.6166
79.3855
34.7702
40.7492
113.779
250.369
80.8118
38.9642
203.02
31.6242
56.7447
36.4122
103.318
26.4984
108.276
58.7706
47.6013
81.6701
75.2572
52.8994
44.6401
36.1418
51.3074
56.3714
27.531
28.4063
67.1232
100.181
96.1575
72.5161
32.1184
92.0885
57.7155
95.6364
51.2002
232.64
72.887
92.9346
157.237
55.0809
44.7342
79.0353
109.902
84.2721
36.1052
146.501
214.575
154.284
54.0423
27.7165
226.293
123.682
109.778
34.3934
30.0885
106.513
60.1951
64.9394
116.383
173.383
51.0127
43.4276
54.9942
90.1963
45.9992
47.7214
244.895
151.859
33.8434
78.0749
231.189
106.022
34.5187
188.978
31.0838
29.0695
74.7877
116.523
42.9341
167.69
120.402
69.938
35.108
128.036
62.9127
104.355
56.6316
108.42
128.939
142.731
114.103
60.0926
106.158
51.258
94.2903
28.3196
88.4796
161.973
43.3037
147.819
26.6756
38.0474
91.39
164.243
48.9846
144.127
30.1859
26.8329
65.0898
39.762
61.8457
27.2968
56.706
71.7453
26.9222
60.8753
115.435
53.2681
95.0801
61.4597
55.4281
53.8369
41.3254
102.231
149.235
31.539
50.8642
87.5424
52.5759
86.8839
124.852
37.7025
158.101
26.4716
29.7218
74.9534
135.646
213.437
56.2812
101.621
44.7904
55.5937
45.4972
119.496
45.3196
132.636
36.6488
47.0044
30.5935
33.1818
62.8148
235.225
56.7737
64.0735
109.187
145.689
84.3259
60.3748
125.051
105.666
88.9545
210.839
126.03
56.4958
43.6993
164.35
57.1291
119.004
42.5428
74.3651
234.598
189.737
98.0129
36.5234
76.972
30.5284
136.244
27.7057
28.021
59.7293
140.37
106.066
136.85
140.001
77.8269
55.2986
251.456
166.539
63.4501
134.076
159.199
43.6329
49.1689
199.159
62.885
140.888
41.1684
35.9374
101.682
132.294
166.076
133.334
78.054
250.328
151.671
34.8736
141.815
32.409
248.109
52.1325
60.5726
53.2256
78.693
40.6899
93.0391
100.958
88.5357
28.8833
115.152
59.4845
46.588
57.8658
198.229
96.3978
59.4865
78.2992
70.5345
151.09
161.714
250.077
115.09
153.412
86.5791
29.508
93.0031
43.0297
62.9218
105.975
27.3558
139.652
146.836
104.803
50.6075
71.9638
145.693
82.0902
142.435
35.8861
50.6594
35.1362
81.9164
110.492
52.9848
110.644
78.6585
173.083
78.0863
68.1343
26.5455
167.365
76.1206
26.9107
61.0782
92.2143
42.8156
223.29
156.348
45.3652
39.4213
112.558
46.4471
79.4038
215.556
30.2507
27.8577
78.2162
56.8208
244.554
78.0898
64.5926
135.269
94.6469
69.9978
69.1477
169.647
252.244
115.614
105.142
58.582
125.024
41.3088
84.3724
46.9163
83.6398
91.8436
138.387
52.951
103.491
28.1346
34.3487
127.096
44.0867
66.5218
114.449
55.2259
76.6345
63.9978
175.745
84.4267
34.109
32.14
32.0114
214.21
133.026
89.4423
93.2364
38.4749
98.8364
72.3904
55.4444
190.57
140.905
75.1414
75.5525
114.203
84.9945
171.658
122.652
136.672
148.214
67.3149
31.5102
103.843
232.952
51.2393
195.451
70.8004
29.4846
74.8081
115.894
84.197
79.2934
88.0803
90.4923
51.6715
41.6745
26.9167
86.9339
84.1679
55.4129
180.395
30.3352
138.776
77.1681
45.1631
67.1544
85.9402
174.261
162.971
175.157
172.496
144.095
68.1533
56.3359
43.8216
40.9296
161.757
94.927
104.1
73.0237
172.295
45.524
36.7142
30.1075
75.9126
261.499
64.7012
126.213
72.3235
41.4978
74.9602
66.8119
166.872
133.011
54.4265
57.4492
91.4086
181.038
38.0358
70.1846
226.239
125.915
41.6006
33.793
56.1765
38.715
89.5085
89.7096
170.301
145.135
38.0469
108.062
59.1172
85.365
95.2503
195.016
45.0345
31.0786
149.542
61.3262
42.2911
31.075
107.753
244.249
210.776
36.4805
67.4267
91.6282
130.616
113.251
116.366
220.093
204.408
79.49
61.6023
78.6004
65.7008
83.9543
32.7317
89.7471
247.415
126.423
118.652
34.0728
119.964
47.7786
142.759
233.981
116.337
63.8332
189.837
185.214
161.52
98.344
135.419
69.8623
29.8852
224.088
43.1951
86.9316
41.0817
61.9145
168.557
70.6295
111.112
34.0376
65.5866
37.5262
97.9957
34.8143
175.775
81.712
95.0334
155.967
161.415
52.1359
152.468
51.5725
179.414
180.209
194.165
62.8422
142.802
51.5745
60.3886
48.6719
102.554
51.1097
45.1582
75.2349
109.174
63.4166
80.7061
33.0975
76.7229
76.8888
76.7706
39.1159
176.017
217.974
221.259
68.9971
247.279
33.1719
177.614
191.767
117.061
152.74
154.28
29.7343
138.256
50.3608
50.5012
171.874
37.1009
90.5852
75.8802
115.828
54.7546
85.0169
92.6816
45.1824
141.718
36.5214
28.5084
36.6644
38.3101
66.5966
122.06
131.95
100.127
37.6373
51.3571
118.576
66.5855
42.1098
55.7527
117.731
34.6452
28.8897
120.925
42.0412
76.8056
117.744
139.068
36.7958
51.8376
215.875
75.2479
27.925
75.7678
89.9584
32.9261
171.814
33.1808
121.941
97.1106
86.6754
144.873
31.337
86.9332
58.9677
159.51
41.5259
152.749
34.2977
30.7015
126.375
31.1327
242.084
217.774
182.324
35.4731
145.343
103.93
50.0745
133.993
114.728
93.7256
260.731
106.991
165.11
74.4105
31.3411
112.562
200.013
47.5403
146.502
87.1236
27.1145
47.6762
106.408
152.001
36.7384
74.3409
77.1915
109.776
45.9846
138.426
144.699
96.593
34.4416
163.596
140.504
114.138
145.34
164.587
62.9932
51.3097
46.4988
139.534
39.367
64.2492
141.69
196.993
129.577
35.2222
76.2845
68.1481
66.6378
155.003
160.957
63.6981
26.8297
36.6425
50.3782
69.4817
45.0492
94.3632
75.5493
34.9022
40.458
162.441
65.3662
133.156
81.5372
207.677
83.4898
58.6717
110.176
104.933
86.9825
67.9143
131.498
77.5819
78.624
33.5033
27.1571
64.2901
135.275
113.093
52.3595
28.7583
78.8312
137.99
193.694
111.554
118.88
41.9323
60.3992
116.129
98.9867
80.1028
182.709
168.474
35.4013
49.4882
90.4261
36.8043
68.1155
53.802
78.7227
39.4005
27.2026
41.6618
148.353
71.695
53.5194
55.4988
114.669
49.5253
94.8612
183.538
207.011
133.055
65.5206
147.56
210.786
71.4754
106.502
82.1251
128.16
59.249
42.818
81.2178
44.5745
74.8575
183.011
142.341
85.6944
95.9245
58.2335
39.936
46.7242
107.307
43.0618
71.5474
143.334
105.145
74.8995
47.4763
43.8747
40.3868
160.891
55.5469
169.053
148.875
69.1793
32.5977
69.5535
84.2841
150.587
196.04
75.1191
33.3598
137.751
105.443
50.3254
44.6651
61.6769
67.4992
100.967
27.8066
107.575
99.0807
202.439
47.3263
55.831
57.8799
47.0535
75.2517
92.4814
40.9206
147.65
67.2495
114.057
238.558
31.0622
103.005
118.896
171.451
116.085
84.8461
109.674
32.7694
72.968
52.8076
134.882
108.945
145.444
44.8501
151.289
91.6392
30.1173
59.4339
93.6008
105.592
43.9427
176.666
36.4163
110.541
65.7941
167.687
103.303
54.7179
195.34
150.961
58.2155
241.707
65.776
66.115
106.669
33.7998
157.3
96.9838
75.5711
56.691
31.5685
27.3037
76.8363
50.5616
44.9377
42.7018
183.168
183.248
174.205
40.7638
119.256
59.0002
145.643
49.7459
96.9632
189.039
69.481
88.7013
180.197
103.414
55.9365
199.827
79.3186
63.4062
249.843
35.4567
93.3961
136.176
209.743
49.0069
43.3258
33.8988
160.825
37.1402
59.8612
159.339
29.7406
42.8787
258.228
53.8138
44.4231
75.9383
42.6938
73.4768
81.6242
141.608
84.2848
36.3328
58.8851
31.6199
78.6422
46.9571
80.1777
56.7884
80.0207
75.2248
129.081
52.9089
41.0602
51.7712
101.966
67.6242
114.751
101.581
100.874
133.15
50.5019
258.659
128.323
34.7834
114.636
66.0495
125.847
106.478
35.6285
85.0106
27.755
30.7158
33.9792
153.235
38.2132
54.3298
68.1284
111.212
30.6065
114.64
90.711
40.2092
69.5017
39.7744
128.402
77.2451
40.0313
34.0907
29.0478
163.411
46.994
89.4259
41.9605
34.0203
152.637
48.051
56.4918
55.8448
33.671
73.6097
62.0923
34.6265
105.683
43.2197
194.743
104.179
41.098
174.017
40.1312
188.696
92.8255
78.0161
51.304
28.6819
102.46
70.89
48.2627
93.7461
139.738
121.671
29.228
55.06
62.8469
27.7485
73.7062
135.609
76.4196
62.6063
78.4361
120.613
39.6259
49.3768
33.6616
163.264
38.8222
38.8802
162.566
42.535
26.7506
128.822
78.6086
106.46
44.6107
97.389
59.9626
105.91
66.0932
70.3142
34.5861
123.512
93.6793
64.615
85.8829
158.941
138.575
68.1203
167.434
232.387
135.003
60.8736
148.91
140.653
64.5885
41.6781
164.78
54.9336
106.369
78.5379
28.3027
26.3929
66.5861
71.547
40.4207
101.663
80.9676
73.3844
29.52
34.7216
188.718
57.3418
82.8333
44.2394
92.3746
41.4778
234.282
29.2567
37.3141
227.23
130.287
90.2174
241.779
41.7097
62.1132
39.6077
73.9761
155.232
35.5508
38.3446
77.4071
96.3768
74.9347
71.1364
31.2307
223.442
191.057
98.9228
59.0754
78.0297
30.0354
155.039
111.573
45.9705
125.309
35.157
112.426
93.5583
33.2361
37.1846
200.277
96.2382
123.405
40.7724
115.753
122.7
31.9009
48.6309
53.3775
53.8001
30.7428
146.176
201.462
71.1554
36.0042
37.6161
41.1354
97.5898
72.7818
107.82
102.775
202.228
189.616
53.1185
179.961
114.927
94.1878
142.147
50.4077
91.0733
58.0171
82.2872
54.6523
30.0292
77.981
139.537
52.5903
57.5744
48.4288
38.8198
30.0209
44.484
63.875
130.49
199.236
28.7557
29.4308
88.4704
81.1223
46.5568
44.907
102.31
73.4442
69.5348
147.387
60.612
93.9569
87.4886
80.5179
44.4073
76.9291
203.236
70.5724
44.9725
49.8432
254.444
34.9924
28.3315
263.008
42.4812
111.962
199.575
45.6066
81.9697
37.4186
172.653
42.9461
31.3904
77.1089
39.3099
219.215
56.1677
29.8573
172.931
77.0686
199.802
31.7823
131.589
118.935
71.1076
57.5268
50.9724
152.242
73.9499
56.9485
91.9024
85.9008
47.5079
166.561
118.984
98.5995
33.6525
32.3945
65.7645
163.389
61.7795
53.36
47.7367
63.2142
99.9245
62.8788
77.3126
78.7122
96.2354
123.429
38.5014
83.5701
82.4522
70.5182
63.6329
93.4964
39.4169
185.176
147.152
53.8935
77.4873
114.213
42.504
67.5794
29.3104
185.075
198.246
97.1284
97.224
49.9648
29.9508
232.317
60.1355
99.9261
127.599
57.7172
39.995
28.9424
77.5706
60.7832
129.733
81.7472
39.8563
27.427
82.3345
28.9431
179.32
183.373
152.147
55.6211
109.669
51.2536
171.67
170.034
64.5909
94.1337
200.808
187.853
70.8181
29.0954
235.921
214.331
26.4201
31.2413
144.247
81.9353
95.5479
64.809
80.1679
95.7105
36.8904
100.663
43.484
244.301
95.8533
90.1931
30.124
57.818
138.717
28.8272
194.897
112.098
89.6126
29.7207
118.157
181.775
114.169
54.8075
53.0628
181.974
56.0142
35.5258
127.327
51.9423
88.1989
242.405
77.5925
49.9357
41.0233
62.3264
47.0304
29.7834
55.6905
91.9946
160.561
63.1189
172.816
43.8461
191.922
134.878
187.484
59.3397
30.1744
38.7003
154.015
61.6758
39.5591
51.153
81.7533
140.469
53.3738
50.9194
68.4652
101.892
166.711
30.2424
28.8957
109.924
99.0477
32.7674
50.7702
40.8452
56.8753
135.314
27.1091
58.5137
258.47
63.5442
29.4269
43.6539
110.457
71.8941
176.52
129.957
39.1297
71.4703
67.2379
49.0586
148.507
47.9301
42.8111
147.911
92.8858
145.982
171.95
212.536
58.2869
46.1303
35.3063
64.8125
31.0179
135.024
33.8711
53.8575
26.6158
63.7386
34.1955
190.446
218.15
47.616
87.0549
27.1555
36.7739
102.923
61.001
44.6674
38.6078
48.7422
55.9299
77.2243
87.484
56.2561
80.1249
51.4029
44.3759
216.228
148.379
98.0179
33.8646
59.1453
106.116
74.4653
34.646
34.5306
68.7511
155.641
30.3533
57.5928
201.162
208.759
84.1704
118.347
83.5835
73.7874
47.7818
46.3754
233.556
101.147
210.766
74.887
30.293
66.5818
150.635
189.014
56.1127
56.6954
39.3805
119.344
234.098
44.9281
73.3823
45.405
58.2616
112.923
103.536
67.1794
200.158
102.643
71.6841
42.301
205.416
103.777
35.664
87.0782
59.4556
233.38
37.2911
39.4435
118.248
195.317
47.5708
104.379
82.8586
212.568
33.3291
47.2349
72.5821
44.611
46.5261
181.381
103.217
82.1458
41.8297
78.0449
189.642
163.353
44.9983
34.0679
73.85
26.8907
246.79
215.38
63.7316
39.1699
45.0121
124.709
223.582
32.6424
107.222
48.9672
129.337
80.8196
32.2705
167.007
81.3682
49.5693
49.7013
88.1142
80.5406
104.202
133.622
58.0595
29.3158
185.204
74.4265
203.715
152.09
116.739
49.0927
71.8584
154.448
155.792
71.4161
38.8342
81.0508
145.254
123.36
110.637
205.318
108.43
96.2819
49.7126
84.5122
76.3682
123.455
155.886
47.9209
55.9276
44.9788
55.3495
41.9838
158.336
187.031
36.4008
78.3769
193.994
66.712
35.0397
100.061
73.4284
78.2928
208.457
54.7367
182.302
68.815
57.3573
100.729
48.8143
35.036
107.391
49.4188
101.645
178.891
88.5439
35.437
70.4377
116.989
93.6272
152.941
168.255
41.2832
120.166
60.9118
78.7187
79.6476
254.418
55.4753
176.81
119.507
55.6186
89.4527
206.397
108.331
41.1906
27.7663
41.3232
93.5522
38.5192
46.459
164.572
44.5052
177.485
34.1054
102.18
48.8863
96.563
78.3822
246.619
62.8327
30.1496
38.4579
59.5925
27.3591
194.619
40.6137
76.2034
105.329
100.196
49.4007
52.0987
38.4503
78.3294
28.9419
37.38
169.297
70.2448
142.691
115.558
97.271
162.306
228.304
195.611
111.966
242.808
168.055
44.5192
122.567
107.158
179.247
37.6844
52.4888
38.6129
43.9496
49.6603
32.2015
260.137
126.377
50.3142
32.5937
40.727
56.584
33.7205
26.6449
136.897
34.1234
32.1535
82.7069
65.1753
98.8739
141.115
231.582
47.4135
74.7091
92.0531
247.093
28.7923
160.471
106.617
140.533
145.132
44.258
47.0845
114.503
100.069
53.3443
74.9853
158.555
129.343
106.778
229.796
55.2995
91.1782
49.259
44.2293
58.6642
44.918
84.2796
122.425
132.542
95.084
73.9093
72.2604
252.517
44.5048
219.157
40.6993
71.334
40.592
196.502
90.1103
100.556
150.595
45.5209
35.1842
28.4307
84.8943
85.1096
97.5117
88.8643
39.4007
95.9872
51.2442
69.3779
42.6623
156.314
52.1208
61.0285
128.704
136.884
108.02
63.3986
215.389
81.774
32.256
73.9908
92.5261
111.202
105.308
207.619
196.736
151.635
31.3459
84.7636
98.0478
117.152
43.8097
73.5586
84.0899
47.4049
34.3726
70.8994
91.7281
35.5538
137.9
148.146
56.4083
154.866
72.1924
62.9335
73.6886
77.4587
30.527
40.2641
69.0424
161.205
102.579
86.0073
127.997
41.7085
87.3747
107.731
37.2846
65.8053
120.542
52.1981
59.8481
41.1006
64.9928
56.1121
57.4564
65.7243
64.07
43.2518
52.1024
167.891
109.211
91.3746
134.039
86.369
29.5955
149.328
49.0473
135.197
48.8997
173.897
86.2282
75.5425
129.847
183.794
179.392
197.065
59.1682
111.43
43.3029
71.1208
47.7322
152.046
29.9578
51.203
83.0537
36.6042
125.771
36.6173
52.1828
49.5092
55.8127
49.6354
230.739
64.7848
165.021
64.0411
96.2198
67.5424
50.4445
33.6138
61.8236
60.26
149.245
65.5842
47.0799
99.2525
47.198
91.4023
70.1908
228.387
106.616
89.3237
29.2441
104.944
54.6421
97.5821
71.3546
60.6288
82.7805
65.5911
80.6665
126.386
36.3461
153.318
94.485
72.8076
63.0764
34.3183
88.4862
177.234
104.041
63.2086
62.0348
148.648
200.237
153.02
47.4365
99.7352
28.486
63.9125
94.0159
111.326
106.345
52.2553
30.1709
47.0911
49.0681
32.7123
34.2078
74.132
43.4735
49.4551
108.335
143.824
39.6638
96.0597
112.167
60.3655
83.4708
29.4501
28.2446
111.787
29.9474
72.4496
98.9691
42.0604
91.1272
51.3319
125.739
92.9033
253.094
49.7481
146.373
101.875
209.318
191.234
130.376
61.2085
98.2617
74.0686
50.6336
147.23
65.8939
26.6321
114.73
28.0081
210.123
184.466
48.8598
78.3795
178.166
178.803
31.8722
45.4696
79.1938
107.584
57.0088
159.646
51.4601
68.2536
85.8726
96.4723
138.322
95.6173
57.3851
74.4622
231.241
35.1677
62.5705
114.631
55.7275
30.1379
111.5
33.6271
75.2761
33.0244
83.0224
128.376
37.8885
143.991
145.788
27.1601
68.5964
90.9926
61.4355
111.927
211.668
179.56
29.2876
77.4911
91.5536
81.3616
68.1382
54.8461
84.9509
126.596
59.8445
137.97
61.621
144.823
50.5086
56.5543
78.8352
110.375
59.2852
103.138
77.5734
125.165
105.323
50.2953
114.346
145.899
101.749
45.7649
63.1819
84.6646
132.613
78.5555
43.4204
98.3655
57.9652
49.2144
96.0159
59.8493
51.0291
43.6706
51.5688
96.5655
109.223
85.3663
106.584
147.632
166.602
36.242
53.7931
203.639
201.873
48.294
68.5132
44.6927
136.345
83.6164
68.4366
194.793
215.869
61.8265
84.241
169.468
63.612
67.2381
30.6923
203.112
33.8553
74.9468
94.7771
70.4781
168.85
76.1832
33.2666
56.6492
36.3696
90.5895
89.2455
193.12
130.06
92.4208
195.87
144.451
135.781
99.3566
55.3831
73.2508
154.063
116.754
110.396
95.6312
91.379
46.4184
149.135
49.6927
112.664
38.5726
46.3832
26.988
86.0471
57.9246
107.839
73.7256
56.1787
48.012
78.8565
131.38
124.392
191.871
162.495
31.3608
35.7357
65.7194
31.5683
55.735
66.8865
153.359
194.98
119.451
47.5565
38.9365
222.207
83.607
83.9939
83.3226
77.8389
142.575
224.052
40.6381
27.9654
188.271
76.912
31.3857
74.4577
47.9552
36.6934
50.4094
29.8669
97.5822
46.6606
26.9416
95.1481
77.9772
40.0185
49.2645
216.814
131.314
47.3065
90.9677
73.0235
41.0219
102.546
170.273
158.798
68.3154
75.9614
145.619
112.069
49.8454
34.1595
70.3933
30.5697
35.6512
171.053
170.685
52.9321
28.1339
123.067
26.8877
202.741
47.2724
94.7892
238.672
48.1289
214.196
41.5643
127.052
31.5437
83.028
87.4483
58.4776
125.37
83.1693
99.8756
193.064
102.973
59.1915
32.5578
87.5626
60.2163
65.0516
89.8401
44.6761
54.1654
73.6287
76.031
68.2499
180.555
186.633
133.224
141.272
43.095
151.953
53.518
68.0083
40.3712
81.3093
219.806
86.2308
102.736
76.6324
167.495
28.2017
50.091
54.835
33.3317
159.343
128.746
160.999
187.134
52.4464
80.1006
27.8388
94.8253
82.9785
30.4235
42.3659
37.4272
61.6275
33.2341
177.615
53.3073
150.772
152.264
163.78
228.026
228.453
46.887
153.533
134.096
118.612
85.0395
57.9233
52.5689
40.9456
108.919
122.299
125.109
70.1121
78.8145
117.74
214.292
76.2661
30.8772
111.625
56.5593
70.1843
38.8096
61.6221
48.2974
42.3718
40.747
68.2041
33.4468
148.737
153.983
196.697
91.6369
46.565
234.313
41.8972
58.5178
85.6361
104.324
47.4929
152.484
29.2193
142.302
30.6398
172.047
170.53
52.0557
101.422
156.447
43.9245
50.1568
28.5887
40.812
62.3171
140.902
216.518
93.5372
73.4929
39.755
154.456
54.0082
92.6488
202.981
65.3855
43.0979
176.324
104.327
113.489
65.1818
38.2706
34.9599
116.715
33.2252
56.9922
64.2587
187.917
30.5136
92.5696
94.6831
64.3699
27.0007
61.634
92.4225
26.5979
59.4939
149.323
78.7151
57.1546
47.7979
32.4434
85.3097
174.901
52.383
67.0725
79.0244
100.584
74.7223
94.2426
85.9049
30.6948
43.3437
41.2549
123.644
121.487
72.8234
197.842
93.5184
30.0098
49.6139
87.6416
171.083
180.821
184.96
66.3521
172.397
75.7859
86.4965
112.991
75.4052
65.1283
91.7565
81.9927
103.406
54.8252
27.0538
46.4961
132.353
121.154
69.0049
42.0943
61.2348
208.711
60.8208
131.202
81.2574
246.678
66.872
113.713
179.956
65.665
153.401
30.1664
44.433
111.057
91.6706
112.385
143.268
35.367
55.3933
156.373
73.5753
186.003
93.6639
42.9148
65.9759
61.7146
95.0691
97.4329
100.971
103.026
84.3642
43.1208
72.3835
46.9333
49.9422
163.879
47.8431
118.527
135.678
62.4046
93.9352
26.9165
65.4788
35.3712
69.4196
54.7151
46.2286
71.5808
35.5628
30.0402
180.414
39.7308
155.117
54.2166
77.227
75.009
184.657
57.2747
68.7533
56.8383
131.087
29.772
124.509
187.56
119.202
48.3126
79.2747
69.6622
110.182
96.6015
178.256
76.6829
51.6242
36.8432
200.964
40.8609
85.3721
39.4054
165.244
64.5836
162.492
73.6247
135.206
177.361
84.286
33.6312
79.3711
123.092
151.015
175.359
42.1425
32.7398
30.8108
179.304
129.974
29.8764
63.8875
27.5067
197.587
48.2199
50.7734
169.251
32.4238
114.917
152.792
30.1919
39.5305
95.7272
32.1629
121.082
62.5869
88.1393
90.551
47.4015
56.8161
175.001
26.9113
42.7371
143.949
125.429
116.133
144.499
65.1274
60.6715
70.9852
227.715
28.8074
48.2203
27.5743
42.2652
52.3837
232.559
160.68
58.2436
42.5473
97.2812
68.4536
92.9073
63.2087
46.9963
31.7819
204.422
36.8361
212.742
97.6586
101.252
86.127
81.3429
72.1752
72.3401
154.958
67.3334
48.0252
145.139
28.2902
58.9395
123.257
248.725
27.1772
32.9665
33.8974
36.5565
42.5142
110.903
33.9923
210.724
193.594
114.334
38.308
35.1671
28.723
48.8493
81.2929
77.894
190.361
45.3806
119.946
122.133
139.65
154.729
47.6222
116.51
36.4039
35.2394
42.1356
130.664
79.9681
33.7978
59.9175
262.068
107.973
74.8833
74.2211
40.9132
188.094
43.5006
153.103
28.5563
74.6855
39.3258
231.656
52.7477
90.8869
105.266
34.1207
119.626
75.3509
48.4655
256.244
56.4671
86.358
98.4423
35.4636
28.4477
40.2301
52.5309
96.3585
74.2619
121.152
53.4327
76.0603
217.429
85.91
197.061
243.985
41.6922
66.1403
45.0132
68.2531
83.1965
47.5195
70.4312
69.1798
60.815
122.535
53.8949
33.278
97.7226
97.8077
53.1549
77.2804
62.5526
44.1357
27.9808
177.83
62.2264
90.7222
190.333
93.8967
210.973
92.9585
64.0435
116.107
71.8776
105.358
178.871
92.0661
27.9514
60.1484
61.6113
99.1756
107.335
138.047
140.904
50.4336
29.0468
59.7585
30.1718
248.437
81.6323
109.048
91.1913
69.5052
93.9665
40.1835
67.5275
34.4909
97.6373
39.894
74.0704
129.755
91.8415
71.0679
178.576
43.5722
70.6606
87.4308
89.6818
94.1371
137.634
64.6959
45.498
28.6062
157.793
101.25
34.9003
112.129
65.3861
170.289
26.9238
45.913
27.2742
93.4815
57.9292
40.7506
96.633
241.622
119.145
32.7092
184.696
183.905
40.8454
85.7556
72.0235
72.6557
141.259
51.0937
48.182
102.311
61.7317
101.503
151.283
104.196
101.496
87.6731
40.0958
45.6994
104.029
48.4099
34.8481
72.0799
97.0787
82.206
91.433
227.714
118.572
35.1326
107.523
44.9525
42.0682
60.85
40.0547
64.555
58.0286
55.5254
95.696
92.964
63.8177
115.995
64.9712
29.0883
41.1187
136.159
112.516
72.188
137.845
39.4408
54.1031
39.474
132.376
91.1391
92.2128
71.4636
42.1359
169.099
160.553
32.7585
156.594
115.673
90.3324
157.657
105.673
50.5196
55.5439
37.7608
138.532
40.0516
65.6468
98.4142
89.2665
41.289
159.59
78.1635
53.0957
146.029
80.9214
72.9132
29.4138
143.704
213.995
95.5217
141.748
116.217
38.1593
96.4161
28.1895
48.6413
46.2347
39.5006
27.1948
36.0729
114.328
36.3956
67.0366
64.2897
223.905
96.9949
123.393
207.056
57.7226
82.4329
146.284
73.3817
76.5704
55.4117
82.0679
197.035
76.0316
159.894
36.1499
83.1659
70.5136
52.8008
97.4945
136.167
255.638
107.9
29.434
53.2194
29.9511
62.2067
147.402
68.0637
28.8743
74.5505
179.217
72.4365
67.1447
64.5301
62.3807
38.6834
49.0771
48.3754
149.53
54.0934
102.942
36.7361
72.6799
65.5216
47.0109
41.0453
31.4393
71.984
199.038
93.6796
52.3766
53.4455
28.1731
166.639
67.0314
107.342
39.9087
167.34
67.8161
125.045
74.1437
38.4493
74.1093
79.0337
42.8462
62.8946
140.841
29.4269
33.185
38.5396
30.9411
30.0364
46.1318
61.3705
72.7209
122.525
86.0527
153.342
73.5441
122.427
44.3045
82.8594
34.7737
61.0722
91.7679
82.9981
64.9849
62.99
77.5204
30.3639
62.6827
33.6639
75.185
36.6846
202.875
35.7815
69.4828
34.6555
27.5717
59.7492
89.4059
94.9109
67.6439
48.4757
90.6986
50.3991
69.0519
64.448
137.607
60.7626
31.7225
141.318
117.285
45.6927
70.7973
86.8045
53.4151
105.411
77.9698
76.1091
239.321
67.8175
67.5567
31.1076
86.2903
46.2941
113.617
27.1832
123.138
96.5958
32.0582
73.8214
29.0638
183.191
39.7598
106.294
46.619
65.3758
59.8673
122.151
90.1918
64.107
31.9422
91.6292
62.053
37.8451
26.744
111.984
49.3497
97.9829
58.2614
190.083
101.549
43.2073
154.803
58.3222
137.111
106.315
51.2211
57.1565
42.2571
39.9778
49.0528
148.668
116.73
107.94
45.6171
84.0849
93.7144
46.8131
152.019
170.59
120.926
53.8421
59.0808
79.9874
28.2225
88.9828
27.7235
108.011
79.2734
82.259
102.715
69.103
106.452
87.4614
134.302
35.3237
73.4867
59.3872
173.39
115.922
68.2455
87.7092
238.407
35.2609
65.8537
157.839
67.689
41.5517
30.0707
138.606
127.576
40.9792
43.0017
48.1415
50.1981
49.5063
47.1248
166.483
61.2906
74.5317
257.437
38.4661
197.343
60.0817
35.3683
35.8722
36.6912
140.609
138.132
44.7033
83.4344
136.517
58.5057
75.6668
86.6398
181.685
72.2093
158.811
47.1099
79.3814
48.1668
225.472
128.423
33.4138
146.039
233.322
81.2171
63.1731
47.9417
38.8887
196.994
140.107
43.4046
170.561
51.8508
88.2502
100.505
36.8508
71.6514
50.2668
84.134
39.234
34.1763
34.9421
27.9849
34.8467
89.9281
89.9896
128.591
86.6326
54.3105
82.7542
45.1729
157.923
125.21
191.189
70.9445
69.2067
94.9172
52.2269
77.1396
252.703
41.3589
141.033
177.982
122.193
204.058
109.048
62.1708
88.1392
136.723
124.023
186.971
34.5775
187.132
111.583
51.9234
205.285
29.7555
44.2717
39.9649
185.356
81.0683
27.5646
63.7535
36.2765
133.931
98.0254
73.2604
69.0434
123.131
59.2228
100.763
77.6634
157.734
150.814
219.124
92.6085
69.1026
35.847
113.889
168.148
41.6912
65.4188
209.858
42.0716
91.3187
131.078
47.4852
55.455
42.5511
109.545
42.8443
182.665
56.298
54.7925
199.432
124.7
37.4824
76.1673
192.005
70.366
47.412
116.211
172.336
54.5072
56.0593
78.1704
64.6197
46.0853
203.97
91.0607
138.151
88.8464
136.336
81.8889
75.0197
105.504
153.764
210.43
49.5338
81.7304
81.359
39.1763
29.1008
31.8242
213.477
86.0021
93.6659
68.2957
70.4571
26.4355
103.167
54.5579
32.6125
74.3596
85.1532
74.7339
52.9347
40.27
107.959
53.0406
71.4208
28.0758
37.1039
135.117
27.163
51.9803
113.353
97.0126
54.1026
104.453
40.0141
42.2467
43.9234
256.792
59.2719
61.2238
32.32
44.8581
53.7298
131.488
54.0152
162.632
73.308
36.1842
41.2636
65.5197
29.5953
38.9337
29.1602
128.978
42.1844
43.2598
73.2055
78.4291
109.703
54.4947
43.8262
45.8462
65.038
40.1948
83.4244
90.3414
88.6388
44.0486
100.368
124.072
32.1546
27.6421
68.2728
52.131
27.1061
64.2778
80.8761
79.2595
137.978
239.688
92.8526
159.009
60.8973
155.026
65.7007
44.8146
134.728
51.2543
151.562
60.5397
91.4406
52.1382
216.429
27.7993
39.5678
38.1491
29.9791
122.046
54.5952
54.4044
222.241
136.149
34.4916
203.096
54.195
27.5045
30.9131
80.9119
77.3198
28.2035
188.72
36.7455
94.6471
90.8485
61.5166
97.483
35.5809
85.2958
241.205
56.9574
142.726
49.8846
109.301
160.859
93.9327
75.8536
69.8979
43.0171
104.477
40.5479
51.5629
130.474
94.3328
40.4269
88.0435
86.9037
123.939
159.502
61.1102
35.1196
119.194
96.8633
82.2293
44.9647
220.215
40.2054
102.824
125.465
93.5982
92.938
39.7125
76.3824
70.3291
28.4281
26.3615
41.3348
42.1221
125.843
27.2557
126.648
228.419
126.557
199.292
176.048
147.664
49.1893
33.9904
54.8772
49.0821
32.737
29.5424
68.8882
110.074
205.262
252.301
41.345
46.8492
95.7312
35.253
80.8152
44.9182
212.191
111.785
219.096
70.1742
209.011
72.1553
84.4282
60.7999
77.8118
66.4636
86.1088
36.0097
99.1866
82.8037
55.3673
99.6499
172.276
119.623
85.8375
146.874
92.7535
46.8451
32.6675
99.9934
120.113
102.176
215.367
103.6
143.742
155.256
73.1464
122.69
84.8913
49.5433
32.4373
102.186
52.2216
167.223
219.075
68.5664
146.316
45.0038
85.3126
99.6036
193.76
56.905
36.2745
213.376
26.9964
198.599
221.315
69.8507
37.8296
117.814
49.4737
44.3647
127.6
28.8296
108.826
30.9941
167.224
135.455
204.495
60.5363
33.3131
63.939
47.9408
53.9296
75.2413
40.972
42.2151
101.942
154.259
43.7139
158.436
158.207
178.538
46.1761
144.914
149.088
116.138
102.159
54.3112
30.2214
215.404
57.7635
38.6289
67.8453
174.268
65.4594
60.4422
111.392
105.417
205.752
41.4853
190.584
74.7986
63.974
48.8293
52.553
140.92
81.437
227.793
30.6284
147.013
35.7729
39.3799
100.389
109.654
105.982
68.5137
105.27
162.933
81.5235
41.4359
52.3937
101.039
252.084
77.563
39.1584
175.052
62.1858
43.7658
147.66
77.4394
175.558
220.771
49.6073
42.6683
195.714
26.6867
28.5367
106.963
105.758
54.1708
88.851
77.8294
98.7783
129.255
58.7987
49.8195
66.3407
123.252
71.6765
58.0773
44.0881
94.9541
92.0247
103.934
31.3735
126.852
57.6402
53.3563
181.033
201.789
52.1774
45.9665
38.3608
92.732
142.208
76.9817
81.9711
199.126
58.1682
66.204
183.725
78.417
60.5156
184.892
112.557
63.6805
54.4174
27.5693
120.88
120.541
74.3542
240.826
37.3127
40.8942
101.423
34.3407
125.771
43.5375
131.337
158.647
82.6575
87.5597
96.4565
73.2711
100.903
188.892
113.587
29.2465
95.246
153.915
124.119
67.0381
138.418
34.1982
31.4704
136.035
94.4114
74.151
165.192
142.508
59.8684
47.6305
86.6018
152.926
35.9515
144.678
53.6806
154.073
110.695
205.44
118.33
148.052
91.8497
70.9557
221.284
165.585
67.1298
33.1357
28.1087
82.6793
70.9618
61.2316
38.591
36.8396
148.948
218.006
75.9511
146.832
51.5082
113.726
80.727
82.9496
94.0975
214.372
182.206
42.7511
223.396
33.2771
85.5238
51.9497
104.208
98.9988
48.2547
30.6809
118.877
71.0424
33.4892
60.5619
86.5607
81.9518
50.0028
27.2877
64.3113
79.6577
29.8732
188.24
87.0847
54.9689
35.8737
72.3639
30.3591
165.205
37.2048
151.997
79.2383
73.3286
156.201
86.0215
98.3182
135.68
40.9634
84.5792
72.4072
98.9941
114.517
191.01
51.4864
125.783
30.9745
109.047
239.899
66.7478
37.1931
36.9039
58.734
71.0083
75.1467
151.123
95.6142
61.0413
51.0659
46.3028
159.52
52.2192
74.9235
41.5144
42.7834
131.722
110.2
200.759
61.679
48.1243
39.3846
38.3554
127.34
113.42
122.396
75.6961
39.9166
163.465
47.9223
74.418
45.7846
148.946
114.438
55.3853
37.5302
37.3167
38.7196
79.1356
65.6479
149.17
201.859
70.7256
46.9582
172.039
214.425
72.9407
143.192
73.4114
88.3975
196.516
171.412
79.7262
32.0633
58.4599
44.5038
36.814
33.9705
58.3501
75.6639
58.6423
52.5908
68.2116
61.0784
60.9905
45.3055
102.897
102.277
109.978
111.716
54.7774
80.444
32.3733
81.1698
83.744
71.3592
130.748
108.704
52.026
76.3673
50.5229
108.085
214.32
27.2133
115.059
55.502
34.4947
38.8582
184.002
53.9283
172.6
229.94
61.978
40.1584
85.9568
91.8518
32.6993
262.329
80.6625
44.3197
31.4736
51.1779
34.3336
41.2017
31.9187
56.7301
79.0996
47.9578
61.2348
153.971
78.2054
105.988
100.03
194.653
144.036
94.2903
234.993
147.695
81.0736
152.446
78.7788
114.192
97.2173
34.1045
213.9
231.065
40.0637
129.67
39.0253
138.539
88.0711
42.5344
75.5094
60.61
166.979
98.4676
141.131
32.846
30.2816
33.6751
117.489
103.646
97.8098
98.5104
32.1293
49.7793
144.362
120.986
31.1322
68.8408
139.742
167.289
31.9245
26.4885
129.521
55.0814
107.263
217.73
205.118
105.361
124.466
94.2512
93.9862
233.19
80.1273
44.1809
115.923
254.987
158.343
75.6595
82.5485
91.2031
45.1504
51.9036
29.1691
122.153
87.9934
81.4083
108.382
61.5727
237.522
34.877
70.275
68.2061
78.7832
67.8554
83.3454
114.599
50.7292
61.2101
57.2263
94.728
40.1493
201.375
90.7532
93.5967
53.7306
79.0915
49.3279
132.322
159.42
58.7148
219.729
83.2658
182.221
27.8114
209.962
188.604
50.3363
51.4265
208.486
150.602
126.201
27.4156
132.1
104.054
165.426
76.1921
80.6965
26.3656
30.9616
67.1832
49.1321
77.8227
47.3192
33.5145
133.924
223.501
214.844
119.987
215.102
48.754
63.9137
29.6864
42.8469
67.8287
92.7712
102.342
93.2982
100.186
80.462
51.2175
98.2729
113.694
55.2839
160.251
74.4417
52.2742
111.84
57.7328
71.1087
48.9432
29.5311
57.3602
45.0133
102.569
85.1876
31.0337
138.315
27.6485
56.1571
83.4447
141.854
143.23
56.2727
99.595
72.7288
58.817
101.256
173.237
52.3452
53.9448
141.658
53.0057
244.144
47.6383
82.4308
170.604
26.7975
70.4068
87.1286
74.7145
213.059
35.2917
63.1379
99.7061
45.7683
125.763
83.9571
79.9297
110.653
188.722
140.235
69.826
105.319
173.991
93.9559
57.8623
175.828
114.336
57.2761
28.4911
68.5077
86.4794
46.4457
89.6085
34.1656
87.4054
113.614
166.734
228.858
93.8571
120.446
63.1734
104.43
186.007
41.5449
52.1925
247.555
39.1465
196.746
100.035
178.683
29.8628
227.794
31.6382
33.2607
41.3755
125.835
35.3766
48.8259
62.6953
57.7658
220.736
145.45
67.3484
80.6122
193.508
174.503
79.6152
63.1976
39.2304
34.2638
260.722
55.8089
26.8417
105.735
88.8556
57.6219
74.555
141.406
45.3949
147.969
42.2153
176.936
55.2404
199.04
90.744
79.4432
195.758
179.893
113.826
195.215
200.789
46.7203
146.304
176.63
65.6112
37.9838
88.6339
81.786
90.3486
42.3808
51.6059
127.99
67.847
177.127
56.1016
31.1452
52.6898
122.948
143.953
104.39
60.988
170.124
100.509
112.838
115.393
133.391
39.2479
194.451
51.7126
185.325
198.761
94.7775
112.667
36.3862
70.6682
36.517
28.0158
44.0545
55.7632
78.6582
133.794
64.8657
144.615
30.0942
152.336
37.3835
38.3491
81.2609
62.7563
36.4086
78.8366
84.3409
33.3547
193.255
40.2495
43.3853
120.487
115.458
93.71
54.6558
39.2472
156.466
97.3301
35.5089
51.1532
43.7913
39.4831
35.2775
48.4765
131.4
82.7081
106.876
93.266
212.006
42.1104
53.7338
53.1716
203.659
64.2588
63.9344
232.257
79.6038
42.6043
52.2153
162.01
33.7114
28.3355
92.4273
99.0144
49.3336
119.279
198.527
49.6351
54.5981
206.708
34.895
31.8927
124.248
46.3738
113.713
118.098
69.7287
176.266
110.481
214.339
59.0698
67.6058
105.674
76.8277
205.7
67.075
132.898
90.0666
27.758
100.657
174.625
141.129
170.01
114.383
52.8058
40.3938
75.402
180.984
154.393
70.9966
27.6286
123.647
64.1311
33.9478
176.095
101.378
38.669
90.3449
31.4532
101.987
51.1374
47.5355
74.2596
38.8358
93.395
35.5042
50.618
186.009
31.746
33.0959
49.9236
54.7311
66.1901
50.381
41.1034
96.0461
209.858
41.2173
232.072
107.724
132.114
258.379
104.818
74.9575
70.4502
64.4707
28.2732
62.0276
39.9555
56.6697
55.3576
82.0944
78.8552
38.1584
84.4609
231.216
32.2308
144.074
29.3811
37.6102
58.0323
34.1772
41.4799
196.468
38.1765
53.1564
96.6545
214.117
134.116
101.111
48.8766
122.96
35.1103
175.927
116.471
118.739
102.378
34.4619
86.3919
124.089
107.653
70.3802
85.1904
119.05
90.8778
31.3489
133.776
94.0605
139.745
131.66
134.806
145.615
53.1507
109.286
113.981
37.5435
75.0674
103.687
37.4712
66.2377
63.6185
37.4853
154.087
106.505
189.991
50.1561
38.4354
32.369
236.762
116.359
42.9467
83.488
47.2325
98.2758
46.2446
45.4197
138.226
27.5241
26.5865
83.8762
39.2896
39.8622
78.9082
40.4687
181.509
110.25
197.728
59.0202
125.274
62.6955
80.5747
63.6276
242.323
35.8698
46.5795
121.968
70.2552
67.2909
74.9701
48.2772
127.291
40.2119
132.256
52.2996
40.7693
54.7961
104.139
109.579
182.403
99.2501
117.796
59.8129
44.0063
62.3383
59.2025
48.0459
73.8933
66.782
40.6192
59.9223
29.3633
67.6664
58.9362
128.951
54.4544
52.9974
163.145
134.238
39.5591
136.525
47.3133
27.2996
46.4305
69.8206
135.273
129.73
76.3098
223.158
49.819
157.011
35.4354
102.935
161.674
192.568
39.7423
247.44
77.728
67.3411
69.6171
134.11
36.6745
82.288
54.5042
97.6632
119.086
102.42
200.623
77.4032
40.9791
66.4261
38.1181
137.146
143.652
206.537
67.1281
74.891
123.594
26.6823
185.72
49.1731
70.6424
94.965
107.12
167.443
80.1428
158.72
178.67
51.4746
57.5994
92.1385
151.872
171.591
85.0864
52.5133
187.668
50.2154
57.3938
67.9028
30.5085
209.352
34.5773
74.8192
153.135
56.9147
27.0863
197.773
126.081
31.004
80.9826
82.8601
35.0991
36.8925
102.295
134.709
44.3665
33.6653
50.858
158.817
198.101
26.3805
63.6945
203.879
137.031
55.1491
133.282
94.8877
37.2602
74.138
50.9139
42.642
38.3351
67.8221
172.994
88.9569
80.6643
26.5609
65.1353
44.9814
43.6896
52.5109
55.7005
30.9673
52.0239
41.0945
58.7304
40.0187
56.2835
251.021
53.5631
109.894
57.0332
59.8967
43.7448
254.855
28.7387
28.1874
77.204
86.8925
126.174
29.8612
83.4427
81.3937
69.0391
46.2081
26.7185
47.6806
67.2876
37.9036
122.319
133.427
45.1725
56.5837
124.252
66.6035
36.9176
112.456
135.174
141.434
53.4827
72.2377
71.8658
54.37
32.9389
47.3028
181.079
144.702
153.849
105.196
76.3462
63.5965
43.1943
85.8995
58.4755
56.5458
78.5697
114.088
69.2672
58.9537
41.8559
134.87
101.142
126.552
141.887
47.8591
115.03
51.6534
36.8174
35.5057
62.6053
74.9755
133.442
62.3334
45.3394
100.165
38.1064
52.0949
117.92
105.679
40.2275
165.549
41.2414
108.396
101.677
53.3039
49.6396
260.918
115.047
85.6204
162.225
136.719
43.4737
155.968
194.866
172.234
103.318
94.2201
58.3805
51.3003
70.0373
228.826
26.9154
117.449
41.4706
103.874
45.4551
120.519
87.567
60.0753
52.0456
44.9199
55.0257
138.923
65.8538
84.1097
54.3194
27.3388
38.6395
72.8318
157.486
93.6563
143.456
33.6655
50.1143
206.539
182.287
140.828
66.281
168.266
67.1531
31.6693
87.0924
46.7297
33.1265
54.8022
102.17
254.35
182.928
190.032
33.6172
120.842
50.2192
62.5468
47.7783
162.147
42.7126
31.9376
45.9595
155.626
54.5725
84.8667
39.9128
141.235
111.031
176.442
56.336
218.105
97.2251
66.9572
59.19
58.5244
48.7418
40.2238
40.0012
30.1258
109.045
129.279
29.5158
217.063
64.0927
77.9919
35.4218
114.415
124.779
78.3887
169.512
115.37
31.8275
194.581
42.1993
88.8201
66.5343
152.339
42.0321
109.827
94.0124
99.8374
191.511
209.663
43.9347
167.446
84.1603
76.5469
108.098
128.758
68.7597
81.2009
155.489
61.053
31.3747
100.826
108.058
27.6063
27.8777
46.2991
129.179
99.1587
145.48
85.5217
50.5807
60.2895
68.4831
54.6894
56.763
36.6904
88.7291
84.5092
161.571
65.3002
98.3271
169.789
51.217
67.6975
43.7551
106.832
163.958
41.0716
47.9328
154.495
122.459
98.2584
29.5372
37.8894
44.1622
125.188
29.2194
155.464
72.2309
96.7118
56.029
191.653
118.76
128.588
163.006
49.7987
164.061
163.673
90.1423
204.374
68.5949
225.532
49.9957
91.1896
84.6039
72.9945
44.3269
33.0425
77.1695
33.4981
133.024
68.7789
76.2876
47.7675
89.0732
68.6853
30.2387
83.7871
255.299
40.3888
29.5161
200.392
173.71
33.0246
108.613
33.6067
48.4082
64.1344
53.1562
48.578
79.4445
97.7748
173.47
185.865
45.7872
27.0481
28.1639
206.319
93.3966
155.567
40.2303
73.3517
145.288
40.688
44.8952
72.4653
134.532
60.7857
67.751
62.0793
26.8543
73.008
198.033
67.2493
57.1535
33.7692
36.0457
64.353
120.464
35.9218
178.879
112.634
49.5754
210.234
150.324
31.342
82.672
119.184
157.358
57.7304
148.682
139.289
46.4509
87.3638
51.3465
237.664
54.5425
54.0755
74.1641
37.6511
30.9798
86.7492
138.131
42.7551
137.184
258.721
36.4635
76.0415
131.196
210.001
38.1882
34.5066
119.06
47.4632
47.1336
101.262
196.68
59.2037
53.8787
38.7844
36.2761
35.7019
199.987
97.4355
127.638
64.3209
123.291
106.634
117.977
131.953
186.281
217.293
95.1039
117.339
74.6405
66.7414
91.9296
112.078
33.0169
38.6677
139.932
148.756
118.037
91.9126
61.8557
53.1694
84.557
38.263
213.391
72.5735
47.0011
50.1534
133.859
97.1767
43.4578
73.2669
143.99
114.516
155.768
113.432
168.492
47.2658
84.9287
94.8133
62.3581
97.7329
229.686
138.62
33.6387
46.3049
65.1877
115.866
233.807
194.49
62.1056
172.773
88.7718
46.9294
37.9621
178.919
158.669
187.001
64.4906
220.235
187.197
59.0474
41.1266
93.5227
33.3402
41.9794
181.26
53.6857
116.522
82.465
65.3824
35.6284
59.6068
42.7005
57.5036
68.3711
53.2845
31.9688
223.099
30.4224
100.038
71.8271
31.9598
49.5081
48.5474
146.973
118.169
60.6299
154.238
152.072
148.527
143.788
105.806
41.1724
157.143
87.2192
180.065
192.91
165.35
72.5852
261.268
27.766
102.963
84.8136
38.6576
31.4908
77.5245
74.1874
180.642
134.694
68.1852
165.77
63.0988
63.0933
79.991
32.7025
53.468
109.382
163.699
148.927
51.1073
140.614
204.085
83.7254
46.1023
29.8451
210.819
215.603
228.817
54.2894
68.5932
52.9506
72.1044
65.3811
39.7954
27.6825
81.1131
39.1554
203.14
31.7968
34.2219
82.5828
49.8852
94.1305
28.6144
61.6695
98.6084
74.6627
70.9007
72.8423
168.863
195.076
74.5019
122.511
74.3014
105.081
53.829
71.8782
56.0626
45.5321
62.0667
52.5889
27.3714
57.411
46.971
81.9875
34.8198
57.4268
191.669
78.9885
107.971
167.94
65.7076
35.8165
42.3783
95.2594
94.8004
77.5444
93.4984
91.1244
106.279
31.9443
132.367
181.432
61.4427
37.2051
223.413
64.0533
135.63
176.533
96.9681
165.334
34.7404
46.3074
30.1117
111.643
148.945
197.673
37.5733
96.5735
81.4876
39.5605
34.352
189.582
68.5779
37.2885
96.5029
39.1693
82.0775
228.876
74.105
207.32
26.9443
75.8715
148.715
230.645
40.5578
190.467
33.2954
30.1781
34.5234
53.4742
226.214
147.142
97.1984
93.2629
38.221
122.364
91.746
28.0829
30.3878
110.792
253.631
170.189
34.2333
95.4038
158.025
35.1461
108.328
72.5943
82.5037
39.6608
116.336
51.8685
70.8526
37.4802
87.4146
143.009
98.5646
147.657
49.7699
190.746
168.927
149.711
33.3541
44.2915
110.674
39.2168
149.705
145.057
184.018
86.0455
39.733
29.7391
32.1999
50.0036
32.4225
105.158
39.4035
102.052
99.7552
48.5875
42.896
71.8691
59.5335
32.52
66.6544
189.025
54.3578
110.195
46.7688
156.996
50.4929
42.905
41.352
66.1807
76.6418
187.4
234.44
32.0033
73.0477
32.0717
141.11
171.012
26.388
72.4322
174.107
127.826
95.0005
67.6428
45.8646
62.9862
108.654
83.7476
153.606
55.1274
26.7393
83.5123
200.758
33.3081
59.0073
78.2308
76.0767
98.0898
179.372
241.395
79.2524
139.878
82.6392
60.0524
32.6087
82.8803
31.1601
77.3145
105.048
51.9265
88.6481
89.9741
49.0036
72.4523
111.578
44.4587
157.812
77.3908
50.7685
85.6124
153.85
44.3122
154.148
47.1958
71.7763
133.389
141.865
93.5651
157.812
37.9949
30.6201
175.611
163.653
127.812
106.079
127.741
119.121
69.5912
121.885
50.358
45.8151
26.8849
115.245
32.8089
84.0432
135.217
76.3401
74.0011
38.0898
150.264
144.278
134.942
83.6036
28.2889
92.5319
67.5538
113.964
188.022
73.6705
160.898
165.202
47.6582
152.352
49.7376
91.6958
186.587
64.3553
55.7546
52.5991
42.9169
128.796
52.8106
242.68
29.4328
40.3334
36.5189
28.2752
92.5159
102.465
192.624
28.43
185.064
91.1675
114.539
50.7413
110.974
190.505
80.2016
36.472
40.8779
97.5014
71.8621
32.6782
75.2319
107.66
113.034
38.8599
61.2672
99.0674
94.7936
125.675
127.802
106.457
39.3645
121.34
39.7616
87.6378
42.169
57.9218
47.8275
67.0078
85.8331
121.044
27.2486
111.128
28.7751
28.6215
38.6957
95.9863
188.961
27.2535
109.957
71.0717
81.184
145.775
156.044
135.001
90.1026
38.4353
96.7791
50.637
61.7929
52.9011
212.715
74.4274
96.8218
208.785
29.9977
127.71
122.32
195.033
217.428
57.56
43.9097
55.9501
57.6677
79.4814
216.567
106.648
121.244
189.54
44.5286
61.9653
37.2613
168.232
100.879
36.8876
52.2215
69.044
85.2815
97.3524
213.222
173.879
77.1704
67.275
52.7362
69.6528
85.1721
59.7979
76.5022
99.2269
76.2481
130.151
40.111
46.8658
171.183
99.3275
89.2737
32.2031
120.685
32.8251
127.545
36.4774
85.3923
136.544
88.9643
35.443
54.0667
34.0448
69.39
149.675
114.664
192.479
30.4213
94.6742
114.475
107.81
65.2736
26.763
37.8747
60.7915
86.5396
69.6126
60.6995
42.1369
136.107
68.4081
26.8818
46.5625
53.7638
76.4805
53.4015
29.6054
112.903
94.189
49.4443
220.204
110.114
61.052
49.9903
118.379
60.0203
77.1817
44.0299
179.35
75.0697
87.1791
39.1368
83.7187
41.5477
72.0011
60.1192
142.318
58.1044
68.521
65.1137
71.1473
48.5633
112.311
56.9701
29.4773
141.001
164.402
69.356
219.483
189.519
50.1354
44.2849
50.8958
188.645
76.9306
32.9338
58.2629
89.6412
131.239
44.5636
78.4791
99.6929
77.9198
81.0212
55.9308
87.5625
34.3308
173.158
72.6443
149.087
148.115
82.6316
147.285
37.435
77.6054
36.1323
216.227
26.4627
78.5314
36.7082
59.5222
84.2367
39.2749
62.0858
64.2917
92.2387
55.7946
63.8226
41.577
101.494
35.5876
251.566
30.7535
40.6863
113.461
56.5265
37.3266
91.4482
204.336
83.3861
57.4067
79.5066
28.2797
52.4367
32.3345
67.7913
53.6013
134.464
79.2515
125.367
65.8683
99.8466
138.146
43.5005
218.752
29.3763
42.2817
178.613
105.474
143.497
113.093
70.4147
136.251
247.059
62.9842
173.527
119.772
112.403
84.0989
164.153
77.0144
201.202
76.1089
59.3643
195.131
188.162
108.688
111.903
72.0272
126.775
58.3004
61.3447
176.341
63.9318
30.7901
34.5947
148.892
31.0508
244.615
167.156
52.155
79.3123
170.678
26.8992
39.7361
240.014
109.396
59.0592
90.4836
111.652
48.2697
52.5798
102.63
67.1799
83.6798
139.998
108.042
216.727
176.104
106.484
105.044
35.6153
193.57
84.9633
211.427
41.83
82.1141
44.4897
32.7666
173.485
103.832
64.2124
34.7923
105.534
78.0469
33.0094
90.9212
33.973
36.8672
36.2876
80.1326
35.3104
63.2226
34.4801
71.578
243.055
153.751
48.4447
33.2691
50.2138
108.813
246.131
209.552
84.2427
194.304
126.136
57.0018
145.162
34.7249
38.7872
34.5711
39.171
89.2161
39.3633
150.009
57.0361
38.0735
201.228
158.154
69.4273
258.635
176.863
128.046
50.2415
98.5671
95.0727
137.834
129.973
193.326
177.488
36.1699
26.6375
53.4689
227.301
60.6158
112.769
75.4458
50.5088
226.763
112.119
119.832
144.921
45.9135
72.4074
54.6577
102.056
80.1732
133.678
43.8837
40.5388
157.313
39.1424
34.2336
112.48
36.2852
43.5168
80.8854
123.721
68.7339
75.066
43.7478
35.4909
211.98
79.0126
70.5907
101.731
111.2
58.8544
57.0166
61.9774
71.3332
235.483
29.2413
38.4512
54.3897
37.927
88.8773
32.0918
47.9696
86.9514
108.689
122.521
196.891
101.413
60.2201
94.6294
172.896
103.29
138.706
155.298
72.6302
104.125
193.723
65.6124
166.504
193.986
81.3844
60.432
85.9263
61.1463
87.268
162.474
86.9936
31.675
139.371
189.629
123.695
96.1451
84.6376
91.5909
186.012
113.935
27.1681
78.4571
97.8891
28.066
94.601
98.8926
133.057
65.7266
120.282
41.8514
141.477
75.85
95.9985
105.774
79.1063
59.1398
46.0597
28.0442
72.8359
28.2684
79.9479
136.012
237.369
47.7433
42.7483
43.6661
30.5436
57.9559
40.5718
40.3428
157.518
109.765
207.547
212.829
28.4106
160.354
119.061
28.7975
26.4646
176.096
67.1219
168.212
119.284
149.165
45.1088
84.5965
126.149
98.9896
81.0884
37.3916
50.1245
27.0799
94.4263
40.6623
121.728
29.9324
27.788
29.8604
103.452
57.7625
41.4457
134.435
148.91
67.184
158.912
49.8673
38.0948
48.9649
33.1205
30.4954
69.8819
194.006
109.715
62.1996
74.4572
79.3929
57.2131
60.5386
32.6017
88.5532
174.256
111.846
99.3587
94.0929
30.5182
96.9163
69.1672
111.066
109.773
93.1778
61.3616
128.934
96.8033
29.9972
54.5694
54.4264
62.7558
31.763
107.789
170.798
234.334
88.1694
60.0922
52.8724
234.557
52.2977
42.6133
65.1085
30.0438
92.0827
42.1719
170.403
116.059
136.878
164.324
29.2114
178.452
38.8042
29.1358
87.0795
243.513
104.411
52.989
38.1832
135.085
70.4573
87.5326
37.0303
81.5635
109.065
37.0802
40.317
117.856
58.9627
132.875
134.49
30.7247
215.042
58.8982
131.208
43.5708
51.2247
81.5397
32.6642
30.9829
47.1278
49.1729
69.0208
37.8225
53.4506
84.7764
89.8394
47.0202
38.954
188.833
194.652
92.8811
87.1441
209.294
84.6545
89.2214
60.7344
45.4716
155.721
65.5709
142.857
175.666
76.3178
59.9643
35.4769
78.3064
233.112
46.0725
109.5
34.6205
111.464
50.5846
51.2408
130.058
66.7295
168.147
156.044
202.336
110.217
45.0866
100.661
207.559
187.499
129.986
62.7824
36.5314
65.3739
47.2524
124.393
63.039
177.351
131.727
60.3149
149.456
66.3861
182.618
31.7851
40.1661
86.301
30.5705
73.3306
44.3126
90.281
84.6154
64.7067
55.7597
89.5845
48.2037
176.191
63.2317
58
101.525
67.305
118.68
85.0476
95.6929
94.7847
97.4632
137.402
79.3116
61.9287
64.0353
58.6104
55.9023
91.399
30.5376
38.5372
74.4577
67.6617
62.9588
52.5984
153.281
77.4569
45.8693
34.7194
144.294
42.762
120.557
126.27
37.7
92.6835
43.3203
34.5936
46.7587
218.082
39.9046
177.916
104.329
27.7677
35.1515
110.649
220.244
58.573
40.8298
97.8421
62.0265
93.0561
139.205
40.355
260.678
78.7482
43.3148
74.5529
138.857
46.9032
83.5665
41.2255
56.207
120.149
61.7829
80.6834
34.9627
33.6771
69.5104
28.5741
71.2894
31.7544
55.0114
108.668
79.688
79.7304
31.2687
110.729
114.992
38.9276
117.158
96.6379
41.6918
96.2955
126.393
86.2239
33.2246
47.7778
112.01
223.818
105.93
110.164
178.38
76.8427
116.091
64.9408
214.845
218.503
34.6622
220.983
38.3075
137.188
163.08
85.1515
27.7799
73.5373
91.4518
93.4661
213.35
189.038
67.4813
38.8265
37.6741
200.8
56.8596
57.7464
108.155
43.5764
78.8426
33.1722
27.5801
84.6117
90.5158
113.492
175.333
56.555
34.7224
31.6388
114.425
47.0689
120.865
158.762
94.0033
81.7108
86.9947
53.7576
112.434
74.0095
112.217
78.1293
77.0574
263.877
38.4676
55.4279
39.871
145.02
121.136
37.7641
100.841
201.757
107.384
35.3756
186.985
83.5742
229.904
153.655
248.073
31.2792
32.7064
54.8927
39.8609
71.9269
195.442
31.4534
88.6139
28.2352
44.2641
90.6888
56.293
111.554
76.3349
44.8987
121.505
77.8596
53.5514
30.1436
165.252
101.246
150.196
127.323
54.1717
177.999
48.2939
37.0301
118.057
251.002
255.071
104.781
104.796
173
49.2629
94.3806
36.5065
27.0052
169.333
117.171
39.2406
157.881
70.5143
168.382
219.683
34.5764
55.0424
66.9157
48.7066
28.1157
102.227
107.399
62.0534
30.8918
83.7122
73.0998
53.4295
51.8231
41.4228
61.9544
106.776
49.0758
41.7468
40.6096
32.651
72.5128
103.219
33.9977
33.1144
27.6344
62.5232
79.511
43.4094
28.0471
62.8481
26.5235
177.83
156.902
55.7148
230.427
31.3433
262.142
90.5003
113.139
30.5942
60.144
200.312
36.9873
143.281
36.1583
91.4478
116.124
61.9405
42.9384
69.9111
149.249
54.4857
51.4775
238.193
26.9805
66.6936
134.418
62.3328
238.484
87.3857
45.4351
34.132
229.142
51.8332
61.8943
244.173
58.4771
107.482
53.4205
59.9509
176.578
62.1159
115.796
28.9058
39.8792
76.3079
92.1298
71.1244
77.0013
153.315
106.204
58.6206
159.808
146.216
40.0771
50.3022
147.227
127.828
44.543
99.6534
77.2291
88.8343
46.4458
48.0312
150.048
31.6935
88.2441
90.8846
134.6
26.6257
63.9963
98.8629
53.3048
53.4099
34.2566
73.8018
40.1129
73.2916
86.2897
31.3751
30.8632
42.8195
76.4234
111.175
142.053
92.0292
85.3539
39.2073
90.6911
149.453
222.172
112.058
64.6638
77.1397
155.353
94.5566
173.537
36.1004
69.4529
87.7102
103.408
28.2065
88.8456
84.1689
257.139
154.048
83.2672
43.2603
43.2498
96.1029
40.0541
98.4927
109.366
159.076
174.465
79.5871
39.3698
60.4855
38.3432
116.847
126.461
89.2113
100.579
130.177
171.774
87.5837
100.616
39.2038
30.98
108.504
63.8726
83.4193
62.3462
63.4403
114.294
62.1986
49.6097
34.9726
54.9511
136.885
92.4939
131.621
51.8116
176.355
95.8821
83.3458
111.942
53.3988
49.719
46.6925
98.2743
147.115
81.3281
115.197
109.962
174.115
210.907
63.7587
72.584
84.7512
124.372
161.627
50.7144
107.481
105.963
40.2798
95.4022
159.205
123.037
67.4478
238.812
96.8469
64.1583
45.305
130.476
59.4747
140.187
63.3616
105.956
68.6494
86.4821
37.1522
41.8096
101.374
38.2456
202.4
35.1451
248.79
27.9792
175.879
69.1965
64.1938
106.938
68.8158
107.256
75.4002
160.965
51.2874
34.7624
176.825
79.0397
142.357
210.1
198.917
49.1259
96.7094
31.6426
161.846
73.4262
33.4479
41.0315
69.4679
156.753
28.0105
51.0818
28.978
57.4097
248.796
119.926
146.136
127.38
64.2484
30.5389
69.3543
157.195
107.817
27.9931
230.018
67.7732
88.5907
138.547
258.331
120.147
64.5869
48.1095
65.7969
208.356
85.7686
141.708
171.877
115.789
210.545
29.335
39.8503
171.381
74.5462
59.3697
114.037
101.812
158.37
239.548
76.2141
201.038
158.019
221.808
57.7886
28.7865
47.9452
70.1484
108.408
161.455
215.979
76.9976
30.9875
190.33
101.72
70.7645
133.66
78.7499
27.8239
82.0749
107.686
69.9093
245.149
114.978
71.4209
28.9516
30.1216
90.9505
68.7642
42.8208
206.296
36.0253
40.1705
37.3985
101.579
50.778
101.189
149.589
98.4248
40.3823
63.7323
118.644
216.886
111.956
170.012
92.0379
36.3203
86.9404
38.4714
213.746
42.1112
60.3822
60.5899
45.1292
92.4197
65.4014
36.945
70.8603
182.089
218.741
75.711
139.913
126.436
91.3952
60.2092
74.6605
56.1638
140.57
82.1448
93.0037
174.731
28.0709
56.1972
79.6951
42.3009
53.3141
54.0824
83.5619
68.1327
56.1071
42.8293
172.191
69.1635
100.869
40.1251
52.7536
39.6115
87.724
97.7596
143.424
36.9581
39.8766
85.0932
54.0556
49.0499
197.296
34.9602
154.87
110.872
30.7677
36.514
123.392
95.6872
73.3552
109.48
44.5559
67.814
253.669
43.3516
195.235
28.7699
149.745
33.6415
91.3884
67.9534
91.648
90.9241
61.1047
39.4229
234.121
239.051
68.1539
40.4782
27.8088
174.353
62.3914
140.141
115.932
247.808
26.5399
58.7607
117.867
243.776
50.4384
251.448
106.888
45.4752
41.6004
79.3581
62.4244
51.3061
166.195
61.9712
154.999
35.0146
69.9462
61.3552
162.677
95.2471
71.9037
165.836
120.543
48.5383
82.5315
88.1799
209.701
107.877
50.01
222.704
41.7569
34.5218
47.5995
120.024
64.9777
33.622
253.174
79.9445
84.8095
159.665
73.864
92.1062
126.977
28.6283
98.7319
110.184
41.809
144.07
175.657
45.3598
160.851
63.9668
90.0287
229.062
63.6667
135.101
36.9535
145.55
82.5459
78.9552
61.7816
137.945
165.532
95.7763
92.2256
39.9665
90.7065
182.228
47.1311
64.9926
133.647
170.34
29.6999
103.927
119.963
34.4516
52.6789
36.9394
42.2201
92.7441
129.157
110.905
36.7923
113.403
41.3528
64.5269
126.206
42.0473
55.7789
72.7808
96.5313
123.392
101.441
109.006
33.4147
47.2692
106.291
142.857
139.773
31.8954
232.814
70.7492
107.934
44.7298
53.9236
179.833
37.519
56.5119
35.2401
26.5977
87.5658
58.5231
50.784
64.3502
68.603
200.964
94.6183
45.6427
58.5552
107.408
87.0051
74.0971
53.4516
107.668
37.3507
51.2083
30.9392
36.7035
53.2127
123.336
47.8916
262.278
52.7207
84.9104
156.158
214.558
45.7594
165.181
86.3627
126.525
111.548
51.8463
39.2843
51.6749
81.6905
47.0382
49.6864
105.144
62.779
91.1014
203.338
36.9763
36.9326
98.3292
171.572
72.0296
91.8673
47.4298
176.616
39.1248
171.276
200.562
103.13
149.075
90.1355
120.17
36.5492
38.4698
107.686
42.9218
69.3358
67.0902
57.7021
164.854
52.179
82.2735
57.1667
45.3527
37.8438
135.955
262.212
101.836
57.6536
37.3191
63.772
39.7213
117.174
116.779
110.213
72.2262
61.1034
37.6609
42.6138
38.3537
26.3798
154.882
49.2282
69.909
230.059
68.9404
82.5455
185.539
128.955
42.8489
98.9185
45.4927
41.8544
40.2969
85.0582
78.3798
46.3241
33.5222
28.933
86.2486
172.684
170.17
67.0077
47.6083
234.06
105.289
105.492
224.214
95.053
54.356
41.1961
174.26
96.6145
68.4556
50.499
64.8791
38.2506
210.703
66.3754
88.4402
49.9407
119.442
67.5364
55.4113
34.405
97.0349
77.1672
36.1054
53.4592
37.6356
60.1361
44.7816
41.8044
62.8704
62.7316
84.8206
174.712
157.163
111.107
182.229
114.509
71.5898
45.6964
64.1868
88.6866
29.2194
142.237
155.023
56.3481
66.047
72.3713
245.567
30.37
31.229
101.618
157.34
249.595
247.536
58.9183
68.9935
83.6682
83.9765
169.841
86.9492
75.1898
47.3803
43.4839
220.237
55.5999
38.4623
54.6059
64.9961
34.1447
116.5
158.612
40.2027
202.191
126.418
45.3073
26.4201
55.3594
30.8793
167.528
116.261
50.4425
75.9684
28.9538
75.0563
46.2549
38.4764
217.113
61.709
116.905
67.2354
76.2349
28.5606
37.2882
67.2042
47.2648
50.5736
193.361
165.693
31.2607
111.609
37.0433
65.8019
96.9162
67.5366
66.613
82.9159
48.7388
112.394
68.7948
166.217
68.7563
149.141
105.692
91.5298
38.8464
33.1307
29.3318
36.0371
30.3163
48.5397
64.2703
134.829
106.789
99.1566
46.4073
27.8668
109.383
28.0269
40.3302
105.304
34.672
144.484
46.9078
37.0952
62.8297
83.2916
72.9701
32.8546
210.197
80.7886
86.8115
135.232
201.889
105.986
105.479
60.3075
174.817
41.889
76.4965
207.632
57.3662
144.605
37.9516
55.098
85.4136
77.0866
156.329
49.5805
68.0703
110.573
168.043
57.31
40.1369
169.519
88.0568
142.766
103.068
36.8443
31.9652
33.4636
35.142
105.072
114.005
50.6214
68.2802
56.8555
37.9887
88.755
137.415
203.197
187.701
60.9959
39.7691
230.46
89.1404
230.013
41.353
113.127
87.8549
95.0182
78.8332
52.8865
179.853
39.6262
47.9694
47.6174
195.349
27.5201
85.4601
76.096
45.0112
152.586
108.665
171.502
263.491
80.8115
55.8757
89.8162
104.289
71.3186
28.2522
30.1491
68.961
103.269
115.014
72.6781
30.8205
46.4478
29.41
47.5415
133.978
76.4493
101.539
36.2193
118.624
102.51
60.1324
94.9873
76.5365
89.6701
170.62
64.7765
31.8221
30.3026
36.4427
59.7921
97.1052
36.5625
176.762
103.556
27.5118
207.587
70.8883
148.958
61.7209
35.5615
29.3254
53.4454
68.3655
219.107
65.1601
137.325
56.8914
108.838
110.329
199.249
129.982
206.376
30.4092
169.743
221.194
128.218
60.5395
130.726
222.823
133.164
75.6266
154.122
83.5922
170.522
108.631
34.3154
37.0924
86.2827
90.888
38.8217
46.2183
109.343
49.1306
47.9463
84.5088
53.0261
69.3639
137.591
209.704
76.0369
153.939
28.0275
60.217
206.75
162.005
215.382
133.262
175.155
55.169
235.068
32.94
58.8607
73.8492
68.112
51.3836
114.59
56.6871
179.329
42.2558
141.056
106.805
85.1439
30.3237
116.889
41.9134
27.1626
37.9708
35.1817
37.3523
134.674
41.1354
68.6439
56.3956
94.9215
62.0546
145.625
27.7209
229.388
119.884
47.905
35.0292
33.438
105.074
109.54
62.2518
126.606
44.3249
77.119
40.7225
50.6687
211.86
114.554
104.106
69.617
72.3416
48.4219
205.343
176.844
102.978
76.1169
84.4195
176.678
31.346
94.2712
116.737
105.486
44.7288
31.2079
197.288
35.6031
137.933
37.0083
175.42
72.2571
38.2646
48.3999
87.419
113.238
233.234
69.214
27.9011
217.333
68.1603
171.228
96.1159
51.4748
225.35
45.4725
83.0991
96.4446
214.483
51.2095
28.2683
64.4415
56.3478
240.913
194.849
118.249
245.693
99.2913
61.0034
34.9425
94.806
45.435
66.1454
84.8424
38.7685
33.3628
164.325
162.682
92.2739
99.1719
32.7127
31.1895
73.2275
34.6993
163.354
65.8616
152.101
68.2078
45.1665
158.008
106.97
122.344
35.0729
84.7073
165.085
130.168
35.2099
82.6022
116.846
116.812
46.5591
158.782
100.334
98.5921
62.366
205.594
60.0004
44.2108
41.2164
147.002
44.5214
124.848
109.219
94.3479
39.671
42.1106
52.0332
34.4728
102.006
39.8449
73.0457
48.6328
37.2572
44.1929
38.3467
73.5789
36.5095
37.6104
31.2397
204.173
189.87
155.176
50.9376
86.7384
73.5501
33.2666
63.8872
203.292
62.924
38.8967
242.576
75.6272
191.695
54.2171
87.4838
138.328
101.141
30.2546
80.8217
37.1777
90.0204
56.4471
33.0425
132.208
78.0184
92.2258
67.0026
200.341
135.785
107.521
51.3343
41.6087
34.6132
107.958
122.764
102.109
27.6459
34.9526
51.9703
125.085
57.4496
101.672
47.089
109.682
89.4644
71.9947
80.1622
58.1394
43.5087
36.8839
84.487
49.6538
193.963
29.8961
125.689
243.199
88.305
230.235
105.198
83.1532
72.6111
192.885
202.526
231.884
96.8657
114.128
76.4487
41.4676
52.7141
251.621
221.351
77.6989
83.8152
92.5383
69.1789
40.788
52.0054
87.218
37.7301
114.53
92.7699
174.789
63.0993
41.5841
147.774
185.956
51.0777
28.09
144.837
187.841
48.9276
121.013
77.198
85.5241
40.9869
60.2265
127.399
80.4485
49.9081
126.848
42.5111
91.7722
37.2574
91.6159
37.0352
31.6436
28.222
41.3314
74.142
86.6756
59.4982
116.532
32.3085
131.386
100.698
53.278
120.211
182.939
96.0377
28.2171
49.2632
197.898
140.722
92.3876
36.491
94.6966
115.854
108.074
137.098
36.5436
51.143
178.158
88.5471
71.6046
203.757
33.6698
263.378
114.325
162.274
178.014
50.9681
93.1299
50.4886
36.6537
84.0736
31.4979
93.9995
46.5833
69.7637
55.4973
254.207
85.4922
99.0134
106.779
76.2438
144.83
52.0467
51.887
95.0049
64.7939
27.6005
38.2849
60.9027
49.4041
88.9828
88.2937
46.0417
77.3229
106.801
152.635
87.8342
121.068
68.9831
50.1119
31.7902
169.535
106.406
84.3822
28.3761
28.5807
170.965
48.5586
82.508
125.968
32.9095
36.8887
112.103
139.578
26.832
71.1661
122.523
234.283
36.2674
144.816
65.4015
116.841
109.43
93.5653
101.17
36.7495
257.943
33.5867
39.8675
61.3774
175.746
27.3791
49.8844
212.443
109.728
36.2165
87.6809
52.485
193.619
42.8642
83.0297
39.9402
56.7559
30.5089
162.731
98.297
117.489
115.476
52.2541
101.217
49.3
69.417
68.905
198.092
31.3625
76.8442
39.6382
109.203
81.3807
81.1313
77.4511
98.6797
71.4568
77.1581
64.8023
77.0457
185.072
103.067
155.305
122.556
62.0299
33.9776
34.617
39.0119
63.8192
34.1299
65.5983
195.651
51.3224
101.146
133.205
33.8733
37.6627
52.2027
35.2191
56.126
166.655
35.2974
167.851
110.69
183.501
67.5632
139.386
70.4267
83.2346
203.104
28.4284
57.7269
228.628
68.2728
90.1567
52.5579
31.442
49.4804
122.151
42.3737
36.807
68.151
38.0751
102.192
58.7544
116.486
27.4909
59.9125
122.511
184.744
220.663
33.9918
148.73
59.7128
34.6145
46.0861
45.6767
35.2207
88.8888
155.857
41.4736
175.136
235.485
190.062
53.2483
194.488
119.508
143.894
107.335
106.873
205.78
58.2839
118.679
131.902
114.351
106.707
41.6442
38.1043
56.4228
114.768
107.957
151.886
143.85
53.0764
119.842
66.394
89.4035
221.943
135.427
101.977
75.535
90.7309
75.5849
41.7143
29.3786
34.5191
232.355
147.375
130.354
171.159
105.36
37.2418
178.024
91.6885
59.8538
198.181
36.2603
143.342
35.2812
71.683
40.3933
43.0188
65.3748
102.529
81.9736
38.059
214.164
31.9985
135.148
224.927
174.281
37.0876
39.8324
124.315
57.1372
35.3891
213.683
176.414
49.4162
57.4924
88.9022
162.038
107.54
125.328
87.5869
79.9779
159.531
37.2948
59.2017
33.3747
96.5474
38.9664
103.615
128.873
81.5451
29.6354
195.293
125.635
184.071
218.057
75.6946
170.79
32.2422
175.245
164.942
106.254
96.0777
46.4953
64.6426
40.926
55.3631
93.4958
135.731
182.869
127.678
26.8119
39.401
254.366
171.925
41.6757
91.8783
42.6746
45.1332
67.5338
47.2096
215.765
92.3336
61.3706
38.2911
63.7568
119.386
105.885
109.508
46.9012
120.107
42.4201
78.4678
79.3997
100.182
77.7153
80.3045
92.9719
51.728
131.211
233.258
43.7792
154.306
71.9633
125.78
49.5816
99.8767
49.4457
165.892
138.751
67.0011
103.577
210.202
93.2605
154.967
83.8669
70.1804
29.5036
133.304
157.534
32.1879
84.2847
51.9845
28.8154
26.5119
48.9825
31.5585
71.0134
106.278
30.0927
87.8036
79.4512
35.6583
160.919
99.8104
73.2857
157.044
46.0453
87.6118
95.4809
53.2564
175.159
92.2848
87.848
242.216
139.211
56.572
112.043
62.566
65.0541
41.8671
236.137
106.007
165.017
87.1588
35.5839
49.1906
94.7592
48.7566
57.7337
97.8875
82.2413
35.8908
127.065
91.7603
32.7081
113.841
67.556
37.0877
113.772
75.8064
41.9957
95.2234
28.1099
51.6023
113.586
187.162
99.6797
229.948
33.2636
30.37
53.3542
37.7007
50.0847
37.0879
187.309
62.5563
76.4672
27.4277
230.217
26.4708
29.1778
109.919
32.6092
36.6826
136.52
35.1499
105.553
119.51
27.2303
56.7473
31.7888
67.0744
88.6841
60.0786
36.0908
172.82
114.653
221.248
36.2443
105.641
129.98
95.8859
44.2908
69.9451
122.107
47.4872
36.4389
64.941
225.2
87.9643
35.3846
132.254
127.159
94.9424
77.9538
106.294
71.0388
51.0474
34.0031
82.6841
251.154
48.0289
62.9142
32.1122
37.2197
61.0934
73.8018
73.6848
98.6779
141.938
45.2213
27.1145
65.1632
105.155
124.994
263.858
52.8013
98.6379
102.735
129.169
180.777
75.0259
160.906
66.9092
133.117
134.412
117.61
65.9283
82.0922
82.6488
64.1085
148.973
31.9456
117.813
55.497
34.224
51.0165
162.093
49.9354
50.1985
44.5031
127.668
185.544
77.403
100.094
80.2736
78.9786
130.261
67.8453
27.8261
186.4
175.582
30.2907
46.8616
106.543
48.4808
88.3868
28.0963
121.755
148.359
57.2411
159.057
197.532
42.7754
30.6386
132.842
92.957
198.623
28.6334
94.6828
164.337
69.2985
50.9877
42.2548
45.6021
61.818
73.138
91.2229
67.9958
50.5408
138.948
186.533
54.3541
199.82
49.754
46.7602
79.7037
60.4653
32.3703
167.967
46.6159
53.6018
150.026
120.555
231.855
32.9064
88.8298
103.329
69.371
149.461
109.95
89.3194
33.8668
227.482
53.3057
93.021
33.845
134.702
110.587
53.1589
69.7674
73.771
37.7014
142.07
142.244
52.1252
63.8364
31.4158
35.9162
164.667
94.7493
71.6407
143.538
35.0904
113.203
30.1699
106.981
147.744
38.5612
74.9196
66.8098
147.196
138.298
143.952
81.5106
53.2247
159.657
221.772
87.9603
137.937
123.499
143.914
32.6716
26.7336
73.4617
47.5771
62.6519
79.2545
28.7764
99.2877
36.2039
121.738
91.4297
91.6288
68.1649
54.0985
45.534
147.123
68.9744
37.3063
33.8711
46.812
124.004
49.604
53.3645
76.8957
83.1869
36.8749
118.943
49.1636
39.7088
89.9287
148.529
75.4091
186.9
110.412
53.1044
170.453
43.9018
89.7257
35.7024
215.05
193.615
121.416
37.5554
122.528
45.1092
38.1364
173.272
30.1789
28.5984
182.558
70.5808
94.2041
197.425
154.032
86.7953
84.018
49.6584
39.8449
48.7456
68.5061
114.956
49.8766
95.3872
35.5653
121.181
70.0031
73.1562
111.891
82.151
203.083
44.1999
40.7759
49.6427
97.0092
217.48
164.111
26.7588
166.138
183.45
27.2698
33.6199
40.1014
54.1442
37.4865
113.94
61.7559
82.8217
80.5261
51.4082
71.8124
218.455
97.4328
31.1046
135.09
84.8317
154.293
102.297
89.3269
110.113
30.7034
87.0218
29.2926
27.2277
57.4929
30.7744
98.996
33.9699
103.124
132.162
54.7625
69.7265
34.2344
76.246
126.643
30.5459
42.1391
38.1085
66.9673
69.1166
73.4447
67.247
57.5845
74.1331
28.1015
94.3432
54.8056
79.3498
61.9598
70.6837
120.051
63.7953
39.5725
120.995
51.6717
35.442
47.8673
231.06
124.305
125.71
42.3591
130.803
55.9149
64.0192
36.2275
59.6148
36.7748
44.7824
103.315
112.829
63.9404
113.568
40.3345
58.7936
71.6344
83.974
28.0961
29.7376
88.3323
26.6475
61.0692
66.6967
64.7576
71.0192
104.232
77.3569
93.0372
246.631
35.6467
53.5418
127.666
203.589
122.432
106.521
79.7559
79.1787
81.4515
116.792
248.934
57.167
147.031
79.1872
96.7417
51.1026
29.6887
164.752
46.7261
29.1154
239.408
169.293
85.871
212.777
82.4171
28.1787
34.1441
34.25
190.85
101.033
59.989
155
146.072
36.937
51.7955
123.63
125.772
50.4038
238.527
135.164
44.8379
89.1579
239.208
34.7784
40.7043
213.689
61.9748
46.2476
253.727
112.312
134.113
33.8138
54.7239
195.687
58.6288
158.779
135.015
43.7944
38.2603
177.319
128.447
54.1816
142.96
226.002
218.537
71.1839
27.7325
72.0097
58.2093
44.6418
64.1796
156.187
250.015
36.95
74.048
26.7118
27.7629
38.4159
29.2295
67.6703
194.524
68.7818
35.824
89.5146
51.4603
47.0399
27.9075
142.472
35.9122
45.5768
232.643
200.069
89.0287
43.7261
46.6378
72.3537
100.584
184.588
61.8269
83.7202
62.5553
189.669
131.831
173.544
211.533
93.4862
150.702
101.881
232.303
169.873
53.2416
73.7904
151.288
46.3601
174.269
77.3635
30.1446
26.7962
29.9181
144.343
141.196
46.6166
28.1835
78.7028
114.812
46.8288
81.3971
74.8798
100.278
192.601
78.5643
28.2207
52.2108
44.3521
67.2366
107.337
42.0506
182.987
139.232
107.203
148.796
125.116
75.1805
102.02
156.802
102.884
47.0852
117.69
93.5869
39.978
151.467
176.916
88.5898
175.923
28.7239
69.9776
36.3299
193.518
252.191
58.9694
159.043
238.904
26.7314
198.958
137.052
37.7656
32.6262
36.3377
99.7148
112.378
93.6641
97.9063
144.431
58.0725
37.3828
194.504
38.3644
32.5807
39.2031
78.2815
81.4481
177.396
152.851
76.0887
228.164
149.663
30.2043
80.2749
229.425
237.806
164.741
64.859
145.135
143.548
67.9092
30.6277
159.801
85.6222
87.9173
34.6906
87.6949
136.445
80.8286
124.632
127.958
171.679
142.997
51.3609
96.165
78.9699
49.3028
58.6889
86.7475
119.657
30.2409
58.5958
47.6653
27.3726
47.1337
72.8465
32.4031
186.875
115.845
27.9195
131.79
109.505
66.5174
47.9878
175.423
45.6518
89.3489
43.5517
60.3012
172.775
43.9085
41.4876
32.5575
80.4766
37.4092
27.7482
220.808
156.066
117.852
93.7843
101.602
119.271
111.137
50.8773
31.78
121.803
122.813
184.015
129.639
38.1186
207.696
35.6146
63.598
28.9236
32.0585
111.826
236.133
41.6488
99.8372
131.528
26.8282
147.649
156.338
76.8522
63.7679
46.1035
69.3854
132.774
54.7779
34.0159
80.6057
44.7871
127.965
82.853
74.4682
36.4222
160.822
93.9115
79.4721
52.3139
49.9616
212.509
54.7792
91.6656
219.487
35.6585
47.0867
130.006
187.055
70.0535
98.8303
219.818
71.7901
44.7388
42.5468
194.364
86.0233
245.807
167.373
49.5488
87.6881
167.209
225.214
46.4095
41.4745
30.9826
149.252
113.592
168.344
53.1297
90.5227
60.5813
166.456
95.7748
234.074
257.991
155.513
43.0209
50.5796
204.018
140.471
117.659
44.536
205.68
66.1685
43.4519
34.2141
54.8868
70.4233
69.6916
83.3665
38.7342
29.9122
44.5089
80.1066
188.992
110.981
33.7268
26.931
240.333
121.111
108.113
165.482
125.338
120.068
28.9201
99.5244
107.554
223.343
115.203
98.644
101.838
74.2056
84.3561
49.7284
195.769
43.9885
65.0403
33.9142
52.117
55.2833
32.0039
122.546
65.3003
30.6239
42.5993
116.892
40.7721
28.5006
34.2146
199.454
53.4447
77.2105
79.0214
135.534
86.4256
42.0587
59.6411
29.4134
94.2223
50.2354
35.039
62.7909
38.2196
80.6048
45.1345
106.356
77.2048
101.872
93.7854
47.8342
96.0315
83.1571
64.8638
87.3415
41.9417
58.6376
260.582
88.4792
163.077
211.527
33.4805
113.516
36.822
189.394
53.7766
42.4852
80.6838
69.3549
124.663
37.9547
39.6793
149.177
34.5435
68.6642
206.874
80.3162
66.6823
47.137
28.2948
152.005
94.9735
32.1645
161.501
116.195
101.379
66.683
92.4808
97.7768
112.918
101.511
117.842
116.681
68.5264
233.41
181.179
30.3902
151.661
148.828
82.384
69.8716
51.6529
37.0814
58.1479
34.5712
53.4988
229.271
84.8477
81.6974
41.6513
95.8112
42.9876
210.117
92.0147
39.6329
56.6535
51.4606
39.9991
66.0367
83.7005
29.1845
123.909
213.552
43.1638
170.089
49.5156
119.999
58.2338
177.588
124.182
42.7422
113.87
139.324
57.62
60.4156
58.4804
249.15
202.272
201.621
129.386
35.2427
64.9954
90.7138
154.095
83.5888
71.1725
85.286
67.6123
160.272
38.7763
223.781
93.3427
29.6416
72.8676
104.892
131.985
27.5859
76.7688
60.4819
58.91
77.1034
179.843
109.684
249.944
27.0801
49.7992
27.0401
105.893
33.4302
39.5128
41.1997
106.853
66.1425
40.7604
30.1581
36.5467
94.2609
96.662
80.4176
203.148
43.4809
100.876
56.1962
58.7425
48.3331
42.4838
53.1782
156.512
45.0496
111.221
34.3278
100.841
103.423
64.2339
145.975
116.982
41.4386
35.3773
193.58
170.437
40.3872
85.8302
33.4082
88.5363
59.2652
50.8023
213.766
79.335
129.193
97.3246
151.128
99.2283
96.3781
105.877
41.7045
57.4198
50.9645
181.441
61.6456
113.215
30.8384
35.9945
36.4283
71.625
66.051
52.7274
38.188
125.86
153.751
97.2837
66.5713
66.3597
53.7553
45.8829
47.6457
34.1395
152.882
223.272
50.7617
95.9079
147.543
102.43
157.662
67.567
32.186
96.3196
49.4559
41.2672
64.4646
60.8003
232.64
136.409
37.9828
42.2776
234.546
211.958
166.587
85.1564
42.8228
143.52
53.0146
132.341
150.871
172.34
94.6852
34.4008
172.235
32.6006
64.5762
65.834
253.979
33.1212
42.7368
39.731
80.7813
161.29
163.545
131.263
26.9604
84.2507
30.739
93.5503
184.938
53.9065
28.5542
38.4231
63.7419
62.5032
55.4633
121.813
240.25
143.698
77.883
158.772
157.726
115.284
37.9182
70.7768
44.4499
69.3082
57.474
34.9529
180.779
84.2446
61.8116
58.7891
54.9968
153.547
115.293
101.997
110.835
50.9795
55.032
79.626
206.112
86.9163
139.913
31.0418
64.3006
176.055
70.1474
38.8319
36.0503
39.5773
58.7295
65.4305
28.1407
41.7055
33.0958
28.6905
107.524
69.8753
54.5507
47.951
67.4779
83.9138
94.5295
41.2531
84.4059
166.135
41.726
46.4364
60.8026
41.2334
74.3497
190.343
226.509
47.0313
116.486
174.97
45.0762
86.8849
161.861
63.3029
59.5208
192.209
94.0663
113.243
45.6675
87.0916
100.207
60.2936
105.408
77.9246
183.92
94.6611
76.2432
50.0629
106.27
131.875
33.4732
29.5702
115.988
116.986
79.6475
36.5842
78.591
41.387
129.303
173.081
60.0378
46.6488
60.6375
57.6077
90.2351
42.4196
57.5936
45.9568
45.3138
50.6606
56.3218
222.076
77.4248
142.501
65.8236
76.6285
30.392
103
74.8712
204.152
45.7211
75.6246
48.7361
94.7067
52.3766
64.7697
97.9062
53.6697
95.7977
27.0105
136.563
51.2637
34.4934
89.6559
55.4672
95.1627
32.5832
29.313
35.6638
37.0661
37.4996
103.275
40.4566
180.053
26.9969
111.942
57.3032
116.431
48.7701
123.297
82.8437
144.279
139.587
97.241
56.1745
31.1021
66.7818
96.9243
141.469
165.784
233.188
54.5173
181.667
182.929
134.754
84.6536
64.3636
72.6585
92.9392
119.619
36.4739
59.0147
82.7691
43.5519
26.625
71.8978
31.3062
121.496
199.18
58.4524
47.9653
46.6664
120.292
46.1108
26.4799
232.103
84.878
216.495
180.533
29.9328
67.7917
198.47
136.577
71.1762
163.854
29.982
34.6061
51.9088
44.8824
156.516
41.738
125.963
66.3903
97.6574
119.027
30.6516
150.074
33.9935
120.915
68.6222
64.3588
110.719
99.0216
51.3673
130.531
230.393
109.341
34.9839
90.4222
40.7537
99.3381
44.5587
162.995
134.202
119.195
59.2863
86.2527
126.238
162.869
142.67
41.9648
161.838
231.052
42.4009
108.818
34.1208
61.735
75.3308
153.993
103.155
243.93
52.9244
80.6802
86.3847
42.6786
51.1778
53.5106
177.628
95.0758
75.6325
84.1677
72.636
67.6479
110.657
31.043
181.468
113.173
215.656
32.5227
140.06
174.362
51.2826
39.4185
69.9585
202.222
218.983
29.5202
31.5889
116.27
161.785
56.2978
42.8534
29.4026
43.5407
44.5963
62.2649
171.896
89.627
31.2851
81.3667
108.093
27.7043
76.8172
146.798
55.7892
38.2707
74.3063
115.105
59.2336
30.2333
108.587
62.7726
66.9286
59.4321
53.1274
137.609
69.0911
69.4799
28.4556
45.9647
67.9107
196.975
119.44
78.6805
57.0528
84.0675
49.2885
118.239
36.1383
82.643
99.0194
83.2873
46.9696
88.0677
100.321
175.169
192.672
34.575
117.413
85.1243
133.573
124.024
95.6103
93.8793
147.793
34.1752
106.681
36.4767
61.4787
248.805
38.7036
65.3314
36.3788
93.456
196.195
192.555
40.2324
117.667
119.025
112.768
54.2813
105.473
165.886
106.729
79.8465
170.681
71.6538
77.4882
26.8261
127.003
37.9002
69.3865
31.3045
77.4331
202.424
76.156
134.426
26.4268
256.012
113.278
199.708
163.815
65.4701
141.318
58.4563
34.8172
48.691
81.97
34.0911
46.5995
64.8677
162.364
73.9034
58.2709
250.797
70.2209
113.764
93.2099
160.078
71.9096
132.233
44.9251
109.108
59.8164
89.6085
106.403
258.07
116.321
76.3021
96.4531
204.664
79.8755
78.5655
43.0204
41.8446
46.5473
69.5457
81.312
186.25
34.8802
79.1796
43.7843
91.5644
93.988
63.088
36.0091
85.6024
164.056
104.145
112.314
49.9922
86.0424
164.257
116.531
51.6535
180.971
88.7456
119.99
84.7708
124.902
38.9535
176.574
95.5856
65.5037
38.4196
37.5428
94.7138
76.7941
120.708
78.3547
84.3979
123.324
63.0388
168.642
143.572
53.6951
95.7319
43.0967
34.5836
31.0679
95.7645
187.191
61.901
57.3588
50.7479
231.684
94.3196
46.2496
114.258
81.9155
38.2592
109.798
53.101
71.0474
118.799
255.636
99.9391
33.6644
81.924
40.378
155.069
79.8562
55.1395
215.312
68.2814
33.8248
83.4497
39.2453
167.349
55.6761
155.299
101.802
165.359
94.8952
100.816
114.537
124.52
26.6036
58.8102
108.579
149.507
83.0971
78.7768
78.0825
47.923
107.902
171.167
171.061
100.29
126.808
50.1176
69.2547
75.2278
73.6994
26.644
54.5899
110.081
90.0901
119.567
27.6038
259.902
62.7911
54.7256
119.248
43.0351
97.8929
89.3384
237.43
153.029
211.175
93.3526
125.308
83.7552
206.203
43.5572
85.9418
71.1864
107.288
81.4738
54.2242
57.4122
49.3773
46.2332
61.661
36.1618
34.3847
52.7025
70.2998
108.191
43.5448
63.6369
103.8
46.5078
60.2941
66.9304
110.491
55.1814
67.093
66.9088
99.7994
170.454
88.5742
29.3957
109.155
206.346
216.533
101.843
118.803
105.31
81.5461
50.0082
67.782
84.5773
141.573
227.077
65.5423
105.885
61.8483
199.352
79.87
55.2816
39.917
35.0486
112.792
91.8405
36.5446
117.785
70.9105
54.6235
96.6135
234.831
84.453
86.9
158.216
130.482
161.755
49.0356
57.4633
42.5664
84.0122
38.6332
75.9806
31.4206
56.8041
29.7793
26.7365
120.68
116.869
28.3207
61.4545
153.139
35.7381
35.8089
72.3155
39.1485
47.9343
57.9771
71.8425
32.2129
41.1873
72.6594
112.458
32.831
137.015
45.717
37.557
43.6485
61.2639
117.615
67.4581
104.228
193.357
193.006
31.0337
29.0509
65.9443
60.6803
188.977
117.027
29.7865
147.238
145.171
256.325
69.819
108.24
87.2714
45.904
59.581
139.12
42.6795
91.4791
115.905
215.472
152.401
222.385
81.9894
34.7033
28.7512
141.752
43.9587
47.1077
62.4597
106.341
254.648
92.0397
27.8927
43.9432
104.431
83.2097
102.926
113.748
52.2132
31.2859
53.9066
123.414
81.6303
92.4542
26.9077
81.3837
39.8803
212.395
111.821
42.0031
107.608
75.1891
85.7203
74.2458
88.5165
32.0981
109.155
146.043
88.6006
76.7655
34.3942
80.0712
60.5465
88.0779
88.4623
167.749
27.5215
101.33
80.176
40.1232
92.8695
124.645
27.8256
48.7954
59.1704
98.8081
180.93
70.349
52.6913
28.6138
94.773
93.7645
35.1562
111.097
118.199
53.7597
27.3852
124.01
150.151
230.929
64.5147
168.667
209.362
46.8589
46.7303
70.7281
57.7286
135.32
65.4661
43.7055
83.614
99.9191
55.9999
93.9805
102.664
67.4852
74.6334
196.88
161.946
62.5579
32.6261
85.4511
27.908
157.775
244.687
97.4578
170.89
54.6815
126.923
148.94
55.5964
74.0842
71.9321
162.839
65.3954
56.5884
47.2805
28.4587
109.293
36.7323
95.5876
82.5633
51.4542
44.9675
106.665
26.5266
185.762
126.934
109.76
29.9613
29.8802
49.3846
65.1987
153.845
33.927
125.435
70.598
90.3726
131.473
188.411
180.06
115.7
61.4321
130.622
49.7687
92.9548
63.3589
83.0304
44.9666
175.593
155.428
35.9887
30.2289
82.2127
173.516
99.9435
227.634
163.942
68.7946
176.224
204.618
101.674
34.3315
36.4139
55.0372
97.6784
142.487
91.9245
41.3118
123.296
131.331
63.8498
115.277
39.1655
39.2885
114.663
118.382
92.1514
95.4916
106.031
53.2892
176.272
111.205
141.309
151.232
73.7716
86.1364
109.363
150.551
36.1602
258.706
31.2324
88.0393
36.998
245.178
89.5776
83.2655
70.444
44.9635
115.543
46.4506
88.1081
231.417
78.6822
38.4258
26.4586
104.055
68.1617
171.724
113.413
50.8499
30.6073
104.684
210.547
38.4639
37.8004
88.0224
94.3996
48.887
254.488
58.3457
52.078
46.8284
51.0262
89.4699
45.6781
96.0418
181.972
102.485
114.227
65.2835
121.405
47.8824
46.7069
43.5025
117.225
36.5848
102.239
143.277
91.4896
154.6
28.9224
170.535
31.2525
74.3871
50.8437
48.3842
62.4533
219.461
28.9438
44.4321
60.0691
46.0885
57.9425
95.1724
117.298
54.8629
116.769
47.0606
40.7593
35.6057
57.7047
33.3972
101.739
55.4436
41.171
111.463
111.319
64.7057
74.9407
55.0043
55.3299
56.2552
216.305
70.3155
41.4324
78.9141
181.456
156.791
35.3444
185.62
222.071
111.445
128.587
54.0621
92.3726
90.9252
29.7126
122.106
34.3754
208.579
100.843
43.4485
99.2931
71.8824
93.7944
122.919
35.2831
163.432
157.081
151.417
189.012
99.939
56.6241
65.9922
80.8865
146.712
41.2238
126.283
196.653
140.74
26.5808
38.056
50.0535
60.1179
47.8734
112.251
28.2278
65.3147
54.2703
43.8651
116.834
61.1642
83.0263
122.716
225.288
73.4164
108.32
48.4614
179.742
28.7405
44.3695
37.45
51.1087
131.658
41.5405
138.966
93.2921
42.5586
48.1854
29.67
130.591
28.1858
224.878
66.9346
45.3407
168.048
42.0581
49.062
256.981
51.5977
37.6921
42.6004
106.143
33.2704
69.4553
56.6308
45.1029
34.9943
130.858
52.4187
79.7172
32.7012
46.3054
58.349
95.8893
107.259
46.4312
61.7925
56.7067
162.551
125.886
64.4815
111.448
243.233
29.2115
40.2597
58.3206
69.0227
76.1988
50.054
44.7211
101.043
33.679
79.2188
76.0573
63.8364
98.5458
29.7938
91.8659
180.334
64.0544
72.2946
107.152
83.2037
200.559
69.3861
134.948
96.5919
82.8399
59.873
134.494
67.0122
99.8601
33.2071
139.512
161.317
139.707
28.9775
181.291
231.323
124.157
33.2256
69.6229
57.8157
137.684
46.2956
46.3201
96.7386
138.464
36.505
56.5192
52.9569
77.0344
222.035
65.2478
47.0669
41.0483
36.546
164.653
69.2498
130.585
45.4297
53.853
57.0312
43.5778
126.911
103.536
124.82
39.7746
41.7249
98.9341
150.199
67.9788
86.9729
51.0558
116.582
30.8544
59.0975
83.8594
61.8644
52.379
44.9302
89.042
220.094
102.784
39.3979
71.6641
170.687
71.4609
198.345
126.265
63.7578
64.5388
162.784
168.568
155.486
91.0709
27.5053
73.8559
104.765
76.841
166.593
130.494
62.2286
170.048
90.963
118.074
87.8554
47.5559
38.6008
53.9561
77.6112
76.9084
56.3162
32.5064
27.439
86.7252
216.095
63.4747
55.7133
38.2783
43.5674
45.0044
64.5523
33.0302
120.987
225.73
98.9983
66.3504
44.2886
39.414
91.696
77.5696
86.7981
200.513
85.5184
112.41
67.5184
31.5433
191.476
87.6371
83.2767
26.6982
144.38
45.0764
51.1972
91.6358
151.729
74.5213
177.739
81.2379
33.9154
29.3255
46.1348
48.6064
106.86
72.9169
68.5099
97.1874
32.6538
38.0304
29.1574
89.9707
132.239
47.5417
205.638
50.1658
33.2266
49.3115
26.4208
207.444
51.0427
49.6814
42.6805
198.39
153.351
43.2846
171.407
162.389
73.2557
123.409
140.767
131.066
42.6604
60.1762
187.71
38.3087
57.7539
55.3024
34.5183
36.9443
26.6006
72.0045
32.1249
117.541
165.476
102.387
39.0109
124.541
203.912
28.9243
117.403
224.454
40.6272
31.9324
46.0743
54.6019
239.375
52.4021
39.3459
62.7297
57.3837
71.9549
31.9131
39.7336
111.718
107.313
141.665
97.6569
119.435
196.538
83.2155
29.8225
257.81
156.805
48.383
132.846
52.2452
78.1384
56.4984
109.958
124.472
47.3548
115.269
88.1853
118.5
53.7566
36.8315
41.7902
107.11
75.3358
68.4834
63.88
48.8809
36.6289
68.9823
102.677
161.535
33.4377
117.994
62.4671
133.238
39.581
64.3078
55.2254
140.98
81.3825
50.3942
204.87
44.2742
55.1876
35.0261
115.114
36.4825
148.247
131.133
238.008
129.011
203.765
165.963
165.198
164.172
125.896
64.6087
151.414
206.257
72.8301
56.9111
88.0782
179.418
184.195
104.066
108.943
55.6031
90.6888
71.534
42.0814
78.1882
195.615
38.9669
72.7561
109.023
41.9728
30.1182
126.701
136.37
67.5623
33.1706
71.5936
79.6928
173.754
64.8469
27.6836
96.9422
135.245
65.1594
125.005
36.301
128.544
85.4347
29.0797
38.0698
48.1808
135.031
40.3728
31.5561
184.634
68.4966
37.8296
222.09
120.801
54.2899
46.2797
27.1382
143.589
48.1456
116.044
117.379
65.2211
146.438
188.626
89.0687
48.4585
186.704
113.769
240.075
50.0044
53.6347
104.007
31.1449
65.6104
105.234
124.313
179.027
94.7372
67.1489
46.8699
210.852
63.5183
81.9148
90.8083
81.2034
142.644
38.0766
105.866
94.9741
28.5856
155.733
33.9658
214.764
84.1041
175.748
149.044
139.269
88.4482
83.6299
123.913
155.848
138.25
182.247
51.3272
77.3516
27.5905
54.8052
154.139
107.874
79.0228
28.1855
156.527
191.99
73.6501
29.4885
53.625
155.41
71.411
47.4706
96.6513
33.0914
40.3953
60.8599
28.8695
59.0971
123.326
195.52
139.005
94.1549
79.8477
34.8011
67.0205
126.356
38.4894
84.4073
55.5785
172.137
50.5217
32.9749
168.051
45.5052
73.2589
202.785
69.74
34.563
91.6198
91.2958
133.175
87.5702
75.6612
54.7169
68.2581
167.899
118.981
86.3884
31.1207
151.47
164.894
33.0318
46.672
172.031
38.3744
92.8146
176.28
110.374
37.8219
35.5922
37.0619
111.684
48.7623
39.2343
140.719
68.661
61.9446
90.3281
72.4798
54.9805
210.226
33.1978
116.228
110.884
74.7379
137.13
37.5057
30.9063
71.3605
190.148
46.3967
90.0794
33.3177
30.6491
122.885
93.2425
146.46
36.0366
34.4247
37.9594
50.0207
65.932
61.6388
79.1938
105.999
52.9005
87.9467
58.0582
66.9538
33.8463
193.283
58.3971
42.787
51.3631
41.5127
92.4312
74.8775
31.7507
34.8857
158.04
57.6797
58.1049
130.539
47.2091
213.747
33.6959
168.682
234.79
147.907
35.2075
81.2249
173.948
63.9464
93.5488
39.1173
147.832
41.8864
174.5
66.5638
92.3673
56.226
68.0914
95.4113
28.8172
98.2744
30.5549
134.883
33.2469
74.5571
114.789
98.2606
42.134
48.1905
94.4748
43.6173
32.4392
195.946
140.018
39.0239
86.4973
34.2665
88.721
125.11
56.997
47.0093
26.6351
87.6918
78.6835
55.7147
85.7938
109.366
41.1851
156.356
132.868
73.7431
133.775
92.9056
47.1881
153.331
111.463
179.075
131.261
124.841
94.2221
164.76
46.0891
35.7919
56.7103
69.9083
38.6113
34.23
216.365
94.6701
42.1687
28.4192
90.6702
141.868
102.654
123.088
111.183
30.1978
161.506
38.6424
92.1103
48.597
111.952
122.697
76.0627
98.571
37.6831
35.418
67.2125
39.0154
55.8669
64.2042
54.212
56.0846
101.103
36.829
184.642
43.8391
35.9197
47.6126
104.47
48.2239
77.6084
93.4072
200.642
37.4423
133.993
44.2423
40.0892
122.89
56.8955
45.8075
209.531
49.9007
28.2068
108.914
221.255
28.1554
135.812
127.402
36.5293
53.3689
153.48
70.9269
219.648
83.5502
253.085
87.7981
56.2088
48.774
35.1676
139.198
26.5795
148.525
143.486
109.913
260.444
173.501
86.9823
94.7909
56.283
91.5981
65.3449
43.175
33.4842
65.6868
260.308
165.736
234.813
44.9862
31.8474
46.0268
44.1001
68.126
93.49
126.221
87.6032
137.992
95.3688
27.693
49.4213
39.8896
99.2602
106.841
100.493
237.676
124.891
45.9422
41.9789
54.2247
120.593
166.143
51.86
34.1032
66.4929
31.6397
40.8443
33.8176
104.503
74.4694
32.1328
38.1051
79.9914
61.7624
82.5532
66.6059
83.2282
70.965
193.396
87.0162
82.2175
45.0332
133.742
30.0598
33.499
30.9056
56.3621
83.1465
59.0811
118.947
72.9519
127.488
102.137
68.5325
178.276
34.1524
36.0779
44.3531
38.712
83.5
40.4487
82.0807
244.614
228.304
83.0709
48.913
126.759
40.7588
65.9959
137.487
119.318
28.2138
75.1764
61.1568
44.1627
198.173
58.9297
28.9198
99.1132
52.6387
117.408
58.1545
227.114
97.9796
36.9057
34.4461
170.084
29.6482
81.7304
67.0645
66.6402
40.6734
40.2873
57.0267
184.535
237.507
86.3858
69.9603
156.995
124.893
116.217
58.815
140.597
53.7278
90.2214
37.7429
195.89
107.121
138.237
66.9416
44.6246
98.392
150.06
81.0708
31.3319
62.0713
113.334
40.2844
45.2234
50.5866
162.343
135.652
109.313
103.748
53.2525
101.297
152.595
68.6493
65.0513
154.881
203.651
224.548
113.498
26.9562
89.3983
126.774
78.6136
102.762
245.334
96.872
29.6298
187.318
112.859
53.0695
145.945
26.8531
57.8538
128.02
76.3223
230.395
153.268
49.1457
29.0747
132.573
124.335
50.628
62.7395
66.6276
27.4207
50.3005
89.2005
230.002
48.9786
176.419
122.342
34.2153
39.6887
131.56
153.928
67.9959
190.178
50.4582
82.382
51.458
62.5216
74.7699
120.152
228.132
74.0327
224.879
32.4372
115.062
29.8593
64.8728
37.179
27.2336
160.779
140.578
90.2524
92.2662
58.6079
104.93
61.1429
85.2927
170.536
28.288
86.717
195.227
69.0962
37.7354
79.952
48.554
98.899
138.104
119.425
108.346
46.0471
78.408
121.404
80.2129
64.1617
77.0199
109.583
109.871
96.3902
118.154
96.4169
45.5865
157.368
31.4658
205.048
95.5907
155.087
36.2418
28.3387
124.762
230.815
143.351
203.382
64.3753
77.1767
220.513
51.6102
41.0889
58.107
45.6959
80.6835
187.493
35.7317
47.6661
85.3826
69.674
70.7786
158.752
28.3165
26.7252
61.2064
111.795
72.2383
49.5072
40.8218
105.876
149.875
161.158
102.278
138.26
122.453
87.6683
149.908
241.268
206.719
185.318
91.1397
66.8956
37.8587
77.8205
45.6647
141.796
51.5602
63.9217
49.2782
30.058
90.0949
64.2364
34.6869
38.994
116.001
66.3926
157.791
27.6509
57.7843
121.147
219.316
59.7395
240.606
40.2905
28.335
225.807
89.5085
107.354
63.9968
71.7767
150.339
137.478
152.127
81.9135
254.514
38.6644
94.9515
32.1833
263.495
31.8865
46.5282
109.114
107.074
191.467
28.7859
27.4407
77.1926
48.0829
162.681
35.9535
87.7481
75.9936
64.2109
199.176
32.835
101.368
53.932
122.388
140.61
130.107
95.6642
51.0453
52.4153
72.6839
37.1943
89.8108
104.729
48.288
35.4083
41.0294
91.8341
53.1237
57.9449
70.4885
58.4249
63.2744
193.232
29.7968
118.866
132.812
63.1819
179.713
109.143
61.7984
32.2315
26.7687
42.1302
39.4076
184.629
166.848
48.8104
177.268
50.5535
95.8518
168.816
160.9
55.2117
153.33
97.372
249.348
26.3796
261.472
161.98
125.523
73.0466
58.5575
76.7498
55.6774
28.8185
72.8519
75.1896
87.9056
73.2703
31.0388
179.763
35.136
192.864
36.2766
163.077
29.5621
37.2687
80.0074
114.799
59.9033
40.3769
80.0737
239.949
82.1057
169.504
123.363
38.0949
142.648
249.316
49.9906
30.6489
149.474
37.0373
107.159
196.134
27.0896
182.27
75.1007
91.9507
106.636
141.317
52.4386
56.0865
189.908
35.4422
240.94
56.525
32.1673
106.218
70.3366
105.992
99.2942
31.3154
194.28
92.0344
247.048
138.763
72.0766
35.2838
51.3997
33.7083
244.359
120.102
41.5498
166.11
123.37
62.4269
50.6829
33.0625
42.8491
54.5388
69.8373
79.6203
46.7491
51.0914
142.339
37.2578
31.8275
118.367
196.767
38.3235
76.2336
261.507
64.0273
45.0989
33.1135
40.1896
38.5062
39.3044
46.1609
174.892
182.368
30.489
53.5377
87.5464
118.857
90.8296
149.583
174.014
31.6822
41.2971
143.492
235.644
263.502
105.218
35.7659
135.583
96.7886
231.582
40.2
172.215
47.9559
66.5458
50.4736
55.412
130.072
224.851
151.445
65.5352
96.4378
31.821
123.181
61.8821
114.463
124.652
110.466
58.4832
97.3527
49.4521
175.049
47.5877
122.366
150.076
69.5876
99.1214
51.9625
128.79
31.6524
188.387
28.6652
74.5183
47.6009
102.18
38.6985
181.125
256.958
128.633
69.2392
104.354
141.622
171.696
98.4761
76.4705
54.1308
175.245
131.587
136.621
34.6632
55.4809
45.7222
196.349
52.1113
246.935
76.1515
30.9639
88.5798
65.6482
35.7433
32.371
97.5142
49.3406
168.672
139.782
54.8184
27.7766
117.073
41.2866
30.0522
45.7261
36.9357
141.339
46.4771
186.221
41.5496
178.616
50.9452
38.4907
125.497
106.364
40.0214
56.4875
63.2555
60.0923
69.3233
35.0883
248.213
72.7917
47.7137
79.2412
35.3279
45.2558
159.38
83.4459
91.9928
103.581
35.0843
109.629
51.7627
126.345
183.211
43.5944
135.415
51.2882
70.9938
112.585
67.7845
59.6087
49.0851
57.6418
44.8556
28.3814
68.5985
84.7185
126.598
74.4892
31.0242
68.9305
31.1522
45.3483
114.212
30.7038
44.522
87.4512
149.803
27.8087
33.7401
37.8544
48.2428
52.0758
40.1326
57.1498
71.1252
129.964
47.3546
88.194
35.5018
118.803
200.704
146.508
72.858
251.178
37.3105
74.6952
118.608
37.7686
27.298
89.8643
66.1092
217.299
49.7307
26.8582
66.4957
115.63
27.5908
154.256
188.726
163.062
61.7194
34.2366
164.808
172.561
70.9009
88.0389
77.8385
60.842
84.4894
48.896
146.265
61.122
48.2825
72.8568
48.5051
88.174
75.5328
75.6038
150.17
43.9074
31.0724
83.4064
171.688
77.886
159.969
32.9395
125.136
71.2343
100.677
144.947
86.636
231.543
178.982
137.73
32.1913
170.188
47.6119
127.818
249.928
42.5511
64.9622
66.3165
185.27
29.0018
112.475
47.5533
28.9363
138.241
91.3566
169.481
58.9626
28.2968
52.2547
62.8277
171.733
73.0703
27.698
67.1236
31.1411
57.3352
80.2222
41.207
95.4665
52.9627
120.569
67.7421
82.8242
63.1353
176.525
34.4368
86.25
35.8164
188.851
29.071
48.7354
61.1146
64.374
75.6777
82.0783
90.4133
182.493
36.8043
35.3021
170.638
80.0285
116.193
162.893
140.459
150.369
91.3082
37.3004
97.9287
223.621
255.653
149.72
119.466
41.5319
102.386
26.7187
45.4609
110.266
38.0108
45.7777
198.463
150.94
49.7707
34.5023
38.1353
50.4547
44.7142
59.9036
40.8106
40.431
71.8664
34.0225
30.8839
45.134
35.7957
80.914
32.273
198.356
90.4159
57.6252
33.8871
64.8059
133.443
222.057
70.6897
83.276
32.3041
36.3683
151.369
46.6541
64.3203
162.333
106.975
114.044
211.114
103.847
64.1605
117.32
190.608
123.797
94.381
75.9247
53.6817
174.821
148.667
138.279
28.2619
53.3623
45.7922
77.8233
49.0532
153.733
77.5518
45.1939
35.9758
95.6076
54.7655
128.202
46.333
77.2941
170.598
83.0902
74.5108
148.749
85.2738
119.813
28.3617
35.4433
116.704
33.6196
53.2658
146.936
43.2268
172.384
85.1047
145.314
28.8849
223.989
26.7767
153.447
183.23
75.7851
48.5747
71.8237
42.0857
53.0098
60.3941
179.791
27.5314
40.3452
176.59
143.575
37.8469
76.6568
95.6001
43.6152
27.4383
65.0903
100.31
233.984
39.3046
110.611
139.53
84.9293
35.5913
61.8064
54.3934
131.735
42.771
34.7119
65.5972
95.4259
26.3846
37.4459
26.8922
27.91
187.535
92.7644
107.987
49.0985
50.1718
47.5544
165.326
107.862
42.2586
99.0712
150.63
187.894
47.8978
59.2718
59.7615
45.5318
46.3095
82.7935
38.0457
54.3879
26.997
57.6117
62.5751
112.097
205.761
145.741
44.3052
221.368
86.956
53.0508
91.1547
60.8117
78.6759
98.6341
138.494
82.0718
36.6897
48.406
69.8088
233.26
31.0195
96.7467
65.9789
136.466
41.9933
82.3608
34.3232
56.7482
84.7824
85.569
30.3428
119.525
44.5041
157.427
65.7738
41.264
75.7835
36.7181
28.5298
200.816
110.373
89.3782
61.0866
31.5105
142.888
90.594
48.7537
76.7115
105.603
99.9699
180.482
27.9851
29.5356
27.4457
98.0654
41.8034
240.805
60.5863
81.2683
121.862
67.8507
146.597
149.189
209.969
30.0668
149.537
84.7735
70.4047
170.938
147.868
192.419
56.9822
92.3508
75.2049
229.508
40.7968
74.3012
84.3522
162.87
103.967
153.854
71.9925
170.192
243.17
79.7403
29.9534
84.2701
57.4474
179.449
45.2093
50.3987
113.477
140.296
27.2004
77.2334
132.965
106.354
63.8189
71.94
108.163
51.1675
92.4903
123.495
142.052
40.7435
116.18
43.8571
33.0895
89.6388
38.2528
34.3802
46.5073
74.6292
43.5342
102.355
26.988
73.8218
70.2945
39.4424
205.539
36.2002
52.1514
222.306
57.2812
82.8531
42.9203
86.1208
176.356
115.57
48.5005
26.8063
42.137
56.5875
161.987
71.6467
69.183
251.761
47.0369
85.308
36.2915
44.1991
55.0622
40.9559
94.8798
47.6703
36.4447
123.497
66.5258
219.026
221.044
110.298
60.5502
38.9855
34.2991
28.2774
153.89
100.542
29.7845
114.875
58.806
151.224
36.1153
45.7862
60.2933
183.619
162.413
71.3142
48.8945
67.4953
62.3165
138.064
31.1907
103.25
96.9525
72.9756
27.5951
26.7665
50.7887
43.4705
180.558
135.653
81.1011
136.816
74.3048
122.371
45.6451
189.049
46.8018
116.097
177.741
77.1927
31.521
123.462
245.369
44.2636
155.185
93.5224
31.221
70.499
141.215
37.9191
38.4378
26.4998
234.994
31.1651
99.9754
158.453
209.035
179.642
106.89
118.286
48.6544
69.9726
121.049
215.542
136.354
112.811
44.5952
28.6568
58.0024
42.5431
36.3534
86.6811
162.187
95.3805
143.209
34.5519
62.3486
134.359
43.0103
225.969
74.7171
153.193
62.1919
76.1115
113.402
87.903
34.0074
40.6548
169.013
71.0359
91.6804
79.0636
26.8089
82.7087
198.223
169.617
205.7
44.4465
38.5677
122.42
44.5227
42.2715
109.678
75.9948
83.4062
110.575
98.4138
27.2486
127.207
50.7182
32.0071
41.2637
35.8333
45.0875
75.0346
99.1805
195.649
129.323
79.4782
61.454
56.545
131.762
27.8947
63.0687
56.4555
34.4905
188.824
131.933
158.748
70.1954
36.4081
48.2277
90.2931
96.9179
29.1844
33.3385
32.8981
105.281
40.1961
57.1462
35.0432
71.2872
102.431
78.9435
27.2017
234.51
112.141
71.809
197.186
107.65
97.462
42.4995
123.597
65.3897
61.6521
244.837
179.979
56.6618
62.2754
102.432
111.292
59.6042
140.325
32.4865
125.078
32.0574
31.1519
55.8129
224.104
121.771
72.1454
41.2962
48.7362
238.238
46.918
77.929
39.7866
141.702
75.4784
52.5589
119.525
64.3414
86.3498
168.88
63.5534
50.5004
109.874
100.654
85.6858
35.6945
141.218
200.812
120.686
42.4537
63.7586
223.646
69.7628
145.783
116.919
49.9293
36.6739
102.66
214.199
242.513
45.7966
46.1741
72.2667
60.7686
69.5908
77.4831
55.2702
44.8805
205.834
36.1502
198.575
137.702
105.211
88.4289
51.8214
130.808
66.1578
137.054
154.464
33.8043
35.845
34.0065
134.55
69.9302
152.506
78.5757
72.2365
126.553
60.0875
217.882
38.5916
152.576
86.883
157.88
58.0999
29.0952
178.008
50.7625
45.8368
46.6091
52.8774
48.3191
58.7029
105.405
29.9477
161.858
35.6965
148.559
69.3313
28.8883
41.8901
37.3317
78.4646
233.789
204.507
115.899
95.2841
79.6493
47.0685
60.0169
97.084
161.015
59.2043
89.1285
45.898
51.5369
37.5763
40.043
37.094
189.812
75.8684
102.364
132.421
65.28
197.495
50.4417
83.4261
116.703
140.377
83.7566
124.404
70.6303
76.7686
79.3032
48.9881
73.5982
43.7032
136.903
89.0223
159.452
225.529
189.753
229.756
55.7927
136.427
41.272
28.4277
40.9083
97.2185
157.87
60.4913
59.3999
83.1597
61.874
31.3892
34.1853
42.1559
90.6453
41.3041
47.0996
219.76
109.99
30.7469
74.0519
52.5692
131.505
234.015
115.992
112.268
128.251
194.837
49.2628
55.0961
40.3875
80.7917
48.0463
47.6979
77.8211
37.3897
46.2281
62.1108
234.539
36.6861
52.5359
82.5524
72.0702
104.219
28.6223
127.558
34.03
35.3883
31.1084
201.986
60.3981
116.182
106.933
182.278
86.2973
54.9029
48.2171
160.02
41.1129
93.3354
147.012
85.0174
70.644
67.9677
83.6492
108.426
95.9994
47.0952
26.8825
96.4543
146.627
182.394
168.396
61.3687
71.7305
69.4628
207.456
47.2266
83.2132
39.1339
199.074
111.866
63.2797
190.676
85.904
97.7334
216.392
57.1847
51.5376
154.941
69.0481
90.5153
173.704
138.815
26.5014
243.006
43.0267
48.3174
166.353
94.1944
41.2329
104.478
46.8498
30.7714
173.736
36.864
50.2952
188.493
190.033
240.723
106.231
113.171
145.251
26.717
89.7894
107.803
114.704
56.167
221.355
28.6353
32.6797
107.64
69.659
205.753
67.1585
59.976
77.5798
63.187
27.1309
53.8146
43.1872
65.5143
64.1146
48.4166
116.205
56.5907
125.122
198.016
85.2141
134.699
111.575
82.0704
115.764
196.289
46.8789
125.75
128.712
86.7607
233.361
77.12
162.891
52.7572
84.2507
92.7966
84.2084
37.5552
65.1568
39.1741
75.0362
238.788
50.0404
91.8401
28.9815
66.4929
102.848
136.832
167.632
111.535
107.012
107.759
42.3057
102.11
55.8622
92.7824
87.2814
122.832
42.6557
93.9525
44.0576
179.239
197.089
69.3024
52.6807
115.387
40.6787
82.7746
37.472
89.646
56.4307
87.3439
50.9598
29.5436
43.2254
61.3759
29.9063
61.4613
32.9846
174.638
36.787
42.8177
104.641
65.2198
60.6358
35.768
135.123
45.1629
70.1584
57.391
199.021
70.5358
44.6819
53.0879
144.944
41.6735
155.044
100.62
116.946
72.004
130.747
120.928
95.4138
79.5311
32.6381
127.918
135.561
37.7627
113.037
42.2286
33.2449
97.8826
52.997
75.899
30.9938
46.5564
75.5194
52.896
166.389
158.378
72.1189
79.9378
30.8803
40.7604
35.6261
76.5006
155.894
62.777
37.3045
31.5171
30.9222
60.0204
178.069
30.0584
145.795
28.2732
42.0975
37.4976
116.976
82.0575
72.0063
130.94
58.1019
133.81
61.9643
56.5731
30.7627
41.9003
110.246
62.865
32.8343
51.3248
50.3421
75.8247
90.2776
54.7066
98.2873
225.05
84.8325
69.1228
159.921
88.0926
130.487
222.567
119.824
61.2258
65.2937
44.7308
31.7307
43.5991
198.727
36.0072
119.844
28.8595
35.9023
99.7029
47.1947
29.5879
181.284
74.6188
50.6074
108.967
54.093
103.275
116.151
161.391
80.082
29.7561
246.485
27.7925
78.1262
82.92
169.887
95.6276
37.9925
63.7835
110.045
168.907
66.2805
212.492
42.0983
36.3538
84.3458
127.302
48.8818
66.7483
59.0072
65.1906
29.5593
53.6415
76.1395
146.315
32.1892
167.408
78.2753
106.165
123.284
202.025
80.7326
207.263
75.4738
44.1183
31.2208
34.8712
46.1483
149.05
177.533
85.476
51.7147
42.1059
142.303
75.7151
170.65
148.472
83.9175
108.8
132.907
116.846
203.362
109.015
37.4531
88.631
32.9361
253.707
42.7267
159.983
27.9119
93.7763
247.64
180.308
139.948
41.5315
53.4948
64.6766
162.67
204.712
98.1486
75.4629
27.0351
76.7425
86.0884
42.439
221.737
99.86
106.126
107.633
170.324
50.1474
61.7954
27.9014
33.497
115.147
65.3251
110.301
84.9669
32.4381
126.897
109.236
26.8111
126.552
112.468
87.2929
48.0349
36.7925
93.4563
33.8322
40.8612
52.1689
50.8195
56.03
134.988
62.087
59.4799
26.9137
27.8556
123.03
43.1728
113.665
65.7897
34.3469
80.9405
101.785
61.3658
109.889
75.9653
61.7544
52.5908
122.001
150.491
76.9801
83.9617
176.364
48.5727
38.5738
126.325
65.2057
76.5968
40.4679
76.634
55.1752
200.821
27.2181
35.6277
93.3308
64.0893
39.4622
90.5529
58.1654
39.1445
63.3524
211.776
47.1719
70.3224
46.8711
37.1439
67.8263
99.7222
125.134
90.1825
119.301
172.732
53.6894
143.404
36.3015
54.3892
40.2961
56.9491
79.3514
92.8379
47.607
178.956
60.1634
53.8798
169.918
186.016
36.3745
45.9125
57.4065
95.5829
130.296
62.1065
32.2661
229.202
34.9885
149.554
105.08
98.0032
132.704
56.9467
69.1059
81.7473
56.092
72.5002
184.996
38.1734
43.2546
93.0682
80.2823
56.06
82.4691
39.261
82.5856
80.437
66.3237
184.796
104.601
57.8009
122.036
134.514
43.6881
68.0372
98.1268
102.255
53.1895
127.572
54.3617
99.5598
28.8138
58.9692
58.8997
123.327
54.7204
28.2042
168.022
99.2381
46.9903
77.3046
124.987
76.8362
47.6041
73.2521
91.2051
154.193
59.4063
128.966
91.6961
126.859
102.695
49.7709
89.3425
72.2953
171.936
146.337
62.6755
49.6377
77.5352
41.5337
89.6046
50.0334
38.1552
93.4967
101.829
170.172
41.1718
58.6901
33.6671
191.402
104.705
154.125
64.9519
209.018
199.513
140.33
51.0557
89.2142
27.4437
71.4258
31.8183
120.511
31.8907
230.494
26.8999
32.941
131.998
126.34
47.3515
29.5887
38.049
34.7547
33.6341
42.9479
161.754
83.0347
87.7111
69.769
28.6992
168.908
132.329
97.4357
32.7603
39.3771
64.5761
50.3524
127.845
231.865
28.9275
54.7159
139.087
26.4732
111.155
82.5861
84.7254
69.9824
86.4878
123.649
68.2235
133.924
41.7933
101.712
42.4053
79.2248
58.8774
104.563
105.923
35.1172
26.7391
134.783
140.115
84.8492
36.3642
51.7995
27.8172
186.586
66.2869
78.9202
82.6589
94.3738
212.627
112.068
147.577
120.65
105.433
197.384
165.448
77.2059
99.4275
31.9074
35.311
114.929
229.844
124.064
250.179
62.9109
74.1502
144.815
27.0183
115.223
184.615
65.773
41.6935
34.8688
142.534
32.3349
145.927
62.4686
28.143
102.615
39.5249
50.9769
199.305
240.133
118.412
182.94
106.196
129.595
29.0548
37.1542
133.978
102.687
38.3513
48.5721
74.4159
42.8083
62.9328
101.081
63.3814
71.3664
27.2324
82.9513
80.6194
70.7897
26.6536
43.2078
138.276
141.941
131.411
71.4589
130.526
75.6512
33.7793
44.1211
51.3502
107.912
42.9519
78.1365
185.599
153.757
128.73
31.358
60.508
30.6154
91.0764
51.4914
156.793
172.846
162.552
37.0073
112.328
57.8254
68.0823
58.2754
109.049
76.4952
82.3482
140.301
84.8318
159.751
64.9405
57.2603
114.62
76.105
130.315
29.3613
99.1387
189.671
114.149
113.314
43.1953
197.967
133.8
92.7376
31.4066
85.6818
36.5558
32.8979
92.5829
88.1503
138.828
48.5193
146.536
29.3925
75.8072
72.8665
73.7923
175.031
59.9822
64.5832
84.5687
39.8012
193.763
95.5513
136.6
133.759
72.7706
36.3748
31.0549
61.6648
60.6514
33.5958
67.7537
37.8203
223.083
197.348
28.6576
26.4048
73.6826
76.0935
91.4069
75.4844
42.0383
142.183
187.91
161.764
40.0998
89.6494
107.806
66.735
143.884
102.986
116.359
119.391
38.6127
34.6844
70.9539
64.3632
177.255
40.1455
105.549
52.4866
76.5237
135.949
53.7049
57.3526
150.611
60.409
32.7959
126.172
35.4616
118.987
48.5873
57.4347
48.545
85.8723
91.9572
50.5626
50.4799
55.2224
29.5932
122.886
60.6781
33.0895
80.1346
78.7653
147.503
106.268
84.8893
44.8457
28.3564
94.0217
163.908
168.406
74.1282
74.2484
81.5922
224.177
247.402
38.1151
106.393
199.915
57.5324
64.8209
116.694
27.0579
193.565
159.306
89.1583
31.0067
125.845
68.7505
34.0814
45.7509
60.8503
28.6147
91.3105
69.9418
65.3393
157.892
100.893
58.7444
51.8393
71.4682
65.9744
63.6949
66.2923
44.0254
151.014
87.1172
98.8582
146.848
251.367
41.9377
60.0142
73.3548
185.281
64.5935
35.1235
64.8852
72.259
106.269
75.9665
88.0253
152.644
59.5695
64.2052
157.227
109.083
52.6891
113.846
184.597
209.031
58.7749
36.7776
50.7572
80.2724
39.9437
163.949
256.375
72.6737
80.7012
36.4056
108.263
72.0822
88.8367
88.826
65.367
150.459
176.873
160.678
57.8814
46.3442
51.8381
64.4658
106.255
96.4922
43.2278
64.7013
53.8368
37.4968
195.123
103.821
54.2304
38.9614
29.0847
66.1785
186.604
121.551
207.207
173.401
32.9019
185.452
133.128
107.731
135.724
31.644
62.8599
42.1452
83.8009
28.0113
263.313
91.484
136.743
62.8998
128.831
74.1707
111.382
66.6253
182.83
74.5347
165.054
48.0845
172.983
45.0875
26.4664
56.4204
84.9786
51.205
40.6395
53.5231
122.827
31.143
58.2071
60.7225
35.4862
178.943
134.66
79.6368
28.401
118.192
47.6674
65.7239
78.62
43.7994
64.3817
87.8986
136.107
126.566
108.913
187.557
64.3933
38.5323
87.1048
157.961
110.816
63.3991
109.232
99.067
33.9199
114.198
29.1175
80.8662
50.4603
194.945
48.4482
88.0059
49.6246
210.463
45.8679
108.254
199.925
63.2501
125.698
127.598
86.5234
211.119
124.054
44.5153
108.321
72.6912
60.236
63.5301
73.6676
148.085
51.2308
146.97
170.496
81.9494
126.522
34.3597
109.48
56.4943
67.0995
49.2534
33.0204
141.813
50.9061
118.095
59.0805
53.9024
52.1303
182.651
186.041
72.1519
89.7594
33.2439
163.419
97.1079
44.915
102.95
29.1595
85.871
88.4916
58.2682
26.5734
44.2298
57.4884
74.857
37.7361
31.5952
35.197
59.1449
226.779
45.4428
126.111
145.251
131.603
43.5524
70.5783
92.0818
78.5515
53.9341
260.875
103.202
92.9011
203.3
181.041
35.4957
96.8096
44.2852
91.5164
50.7536
93.1211
26.8253
139.905
47.232
38.9222
55.7208
129.836
46.9252
112.706
86.1193
56.3745
244.348
102.676
57.8542
73.6692
158.232
231.692
55.1734
190.725
68.9466
42.532
51.3501
68.5867
164.604
68.1974
44.0248
80.0523
60.5253
143.625
43.467
62.5774
111.511
130.973
28.7749
41.3516
100.786
34.2735
131.442
38.3507
116.855
74.2523
63.3494
118.193
38.5437
58.9822
39.2389
53.3719
43.4595
63.1603
57.99
64.2378
43.7899
34.6477
100.466
100.146
208.334
174.216
168.868
100.693
92.1259
114.509
98.5073
53.5234
40.3578
35.8421
90.5615
44.5878
76.1959
110.915
34.9921
152.869
95.347
108.959
51.9902
197.412
59.0829
210.507
171.029
76.6033
55.631
137.791
35.9777
48.3269
37.1901
60.5015
109.555
135.37
86.4797
36.3106
176.481
94.4483
160.338
46.6361
36.0331
36.9217
220.16
102.98
29.2577
224.14
56.0875
97.9566
84.6837
36.2278
67.4745
56.0119
31.2791
100.638
44.2393
89.4434
38.5943
139.374
56.1229
63.2593
160.2
36.783
80.8078
27.8165
130.285
191.867
28.2415
26.5278
45.9367
46.8009
32.5728
247.594
53.7916
78.9116
224.689
118.308
76.4692
63.6007
79.8454
27.6653
133.205
56.3532
135.117
153.61
49.4926
72.0212
36.5283
87.3846
159.86
87.2423
73.4193
87.8682
37.4312
87.1439
144.007
54.6038
43.9476
38.8573
140.783
174.549
75.8992
80.8113
56.2295
183.93
38.8705
192.189
119.087
48.3886
98.8466
145.783
154.971
182.537
147.398
26.9923
67.1585
28.7019
104.84
62.8386
69.1415
43.2764
32.2774
42.7023
86.4797
31.1912
45.0513
106.531
59.6602
69.6088
70.0643
73.6597
30.0992
46.7093
71.2353
51.7952
46.2178
193.122
123.408
97.9514
36.3428
107.466
113.802
117.617
84.2587
38.9293
39.3053
31.8734
90.7459
92.4288
76.7838
53.5777
103.906
204.952
45.3661
28.0687
65.3964
36.8288
52.175
26.9001
42.7495
145.637
154.309
106.474
61.2112
90.698
109.923
63.0413
49.8986
53.0606
192.769
124.865
46.7474
65.1971
118.25
90.4322
140.191
227.027
39.4743
30.9805
30.346
32.2397
31.3593
92.3742
66.3929
80.9805
61.4606
233.469
71.9839
68.803
66.3247
146.938
185.938
79.2231
166.418
27.9157
61.3027
161.186
41.302
53.6149
133.355
33.9321
124.692
229.967
60.9709
28.6087
38.6998
81.5729
29.7331
108.034
91.3722
92.5934
203.227
105.623
105.382
48.2776
66.245
169.442
96.7232
138.369
168.487
153.896
48.3734
207.321
51.7165
123.197
58.1646
66.478
38.0482
86.1006
45.6341
142.07
30.1533
103.281
56.8788
106.267
161.234
87.2909
29.2266
97.2436
149.723
66.8407
139.107
41.7497
171.64
253.999
174.295
107.271
159.925
63.9879
104.068
42.8848
171.881
168.041
77.4955
121.457
148.981
51.378
118.196
38.9828
30.215
38.986
132.243
59.7619
61.8303
85.2319
149.469
115.456
75.7989
65.1559
90.947
30.0654
67.7847
93.0521
113.629
117.658
42.3284
76.7934
42.9477
51.7816
77.1067
67.8963
44.3382
102.913
52.4387
52.5559
46.2981
130.692
33.0413
91.5786
166.928
41.2093
77.7098
53.6305
65.5099
28.5026
42.7932
84.9064
83.4283
110.107
48.7931
27.0106
106.052
45.1019
115.684
65.288
54.6117
202.252
198.968
44.2752
150.694
88.6145
48.1403
45.8955
166.015
38.8939
67.4154
67.7864
89.6753
44.0445
112.028
45.0311
27.397
80.4976
203.664
31.9781
87.6468
91.0437
130.415
168.314
72.8589
105.506
26.3939
53.3056
195.726
157.146
194.556
97.9443
181.471
102.004
55.8633
57.8005
99.9792
39.3488
74.6733
47.36
78.178
27.8683
97.7186
98.6211
139.997
76.2648
203.389
57.2503
185.44
66.004
102.574
81.8652
86.1801
63.1136
39.6067
66.3614
86.0192
197.649
55.9874
54.6365
30.1878
84.8916
89.4945
32.8064
30.5384
26.5205
192.428
51.9242
95.0841
42.2754
68.4491
141.304
81.3713
167.961
34.7972
80.88
112.729
110.45
77.3392
26.9726
48.8381
41.9154
35.4253
69.9216
45.515
45.2566
28.5847
52.6448
52.4342
38.7022
150.178
59.8696
80.0278
64.6022
159.018
28.797
59.3541
69.9203
69.6534
69.3252
89.6696
110.728
77.7519
53.5679
45.9266
29.4318
144.293
136.595
158.504
47.4043
52.0463
27.9791
60.7661
81.5284
223.107
155.517
50.989
123.082
132.831
54.8609
87.7708
32.9139
38.0952
54.97
51.2064
29.0361
55.4885
72.3473
59.7387
30.3275
58.6172
52.5041
69.2967
67.5006
37.6933
102.099
82.7721
204.369
81.0464
122.108
35.3059
40.7566
229.956
59.655
32.2369
45.0783
30.5944
51.5684
43.482
80.9477
43.9782
27.99
192.958
46.611
195.734
30.1382
27.271
217.469
52.2665
220.994
79.341
42.5337
82.0564
87.9992
36.6615
139.794
122.057
65.9833
42.0426
151.456
236.68
43.4007
45.5763
59.6493
70.4862
83.5691
133.422
31.7716
96.9053
140.445
204.999
88.0937
91.779
98.1488
83.1484
151.682
37.4709
115.742
41.5229
121.516
37.2802
34.0234
48.0586
32.7049
29.0246
43.4585
162.067
52.294
150.295
43.4353
34.2094
32.9528
220.453
26.4095
137.235
87.4712
65.6002
43.723
54.9218
86.9293
78.7642
65.3809
91.0288
40.1037
38.9859
123.59
77.5453
28.5834
106.377
59.0706
60.7056
30.7188
89.0996
54.7894
51.7627
32.6494
45.2018
130.912
85.5365
116.708
130.034
99.8017
28.7691
110.535
36.0419
40.7011
192.732
150.851
148.244
65.0521
58.4339
28.9387
84.5221
118.718
45.853
61.5863
117.525
94.3853
178.538
43.0112
102.735
62.3382
42.0145
36.0362
118.465
56.9763
58.1193
198.825
100.407
62.4622
57.5737
198.833
53.6189
87.1129
38.3762
79.9656
117.876
47.2139
33.9139
126.278
93.3489
74.863
56.5623
149.647
85.2267
51.3918
184.364
92.9882
63.5743
93.8733
60.5198
47.4337
59.396
98.2646
42.9673
64.6427
54.2729
164.504
215.256
104.235
138.569
109
36.8557
169.858
96.4992
246.293
88.8337
34.2637
114.524
111.176
63.7755
53.8667
73.7545
44.4032
98.4204
199.32
109.569
39.268
113.75
190.83
98.8104
46.3212
30.1414
106.077
98.5143
70.8092
202.352
105.764
44.7836
45.4259
29.8264
94.0937
114.011
202.532
48.3711
67.9518
103.022
124.23
54.9361
53.8393
53.0835
185.92
195.123
81.302
58.1688
139.846
83.2653
84.7652
32.9673
77.8011
139.548
27.418
141.645
35.6699
39.6387
83.8587
85.7805
43.3796
75.5006
52.0539
218.916
212.09
177.003
91.1971
107.713
70.0374
248.369
94.9572
102.214
59.975
51.6703
52.6129
180.692
110.179
76.9918
28.7365
88.1897
126.313
36.0949
39.4844
48.2206
73.2056
41.9944
79.0623
68.7318
217.19
37.5767
36.2544
40.5735
193.996
33.309
53.3787
78.4043
193.474
106.559
145.528
32.1678
196.764
63.844
38.4399
47.8321
164.579
227.173
82.7768
64.4888
203.55
84.898
31.7497
74.2926
121.371
48.1598
89.8726
39.5573
31.012
123.972
133.459
42.1702
109.189
173.949
108.187
34.4336
32.0066
131.633
64.5669
45.9541
100.593
78.7164
115.157
45.9989
57.0899
79.4191
27.0885
39.8193
75.5062
107.176
61.6244
106.847
162.923
96.7788
53.3807
74.4002
40.0382
111.405
46.1649
137.932
56.9404
157.156
110.541
46.701
72.674
76.5116
37.6792
71.0907
90.4989
55.4239
193.684
72.061
59.9555
235.942
99.1988
57.5827
197.256
100.521
225.118
70.2903
255.88
121.738
37.7105
61.4409
159.221
36.124
117.911
27.74
87.9235
42.7871
54.5479
155.536
85.6364
89.6729
95.0627
151.895
127.533
232.31
95.9633
50.7771
62.8679
63.4083
54.2222
73.8857
40.3198
258.541
33.6742
110.997
74.4129
199.479
215.323
54.5342
87.8481
29.1351
192
82.858
35.3463
124.027
171.048
43.4817
102.347
51.8406
142.96
156.264
243.788
57.7342
77.3739
84.4907
43.8907
27.6466
26.9876
146.941
121.879
38.9282
211.24
87.8339
34.5402
29.761
58.1201
235.899
40.8902
50.5303
62.515
71.7332
117.892
64.357
77.7628
32.9038
70.8307
145.976
61.4073
26.8304
67.9894
32.6204
100.425
82.9592
64.1007
94.418
70.4428
33.611
50.6162
36.0534
31.3312
64.3306
156.984
45.7732
29.8802
38.1661
144.28
60.9213
32.2269
195.856
82.1378
55.0073
69.1698
151.641
75.6705
123.552
176.657
209.006
29.1664
64.989
36.731
173.934
121.402
48.7907
34.0265
93.9904
74.6012
63.6938
58.9441
30.7328
91.9485
47.6664
72.0433
137.647
139.516
27.2385
167.058
38.2419
61.8947
47.0955
30.307
141.579
54.8345
47.0368
205.704
27.1177
64.3212
95.4732
58.0338
92.2512
75.1713
120.143
152.295
113.298
35.0565
93.4146
44.859
56.1004
34.6097
31.5006
72.536
98.1763
47.357
31.3757
163.231
142.031
31.5141
73.8132
110.395
29.3865
56.3135
245.659
54.8483
51.0825
96.3313
197.509
61.0236
60.0144
185.567
54.213
119.265
73.6973
186.492
62.8768
31.1439
128.251
39.8256
96.1722
42.6699
94.8325
63.4601
30.3837
127.553
39.9512
69.4879
50.7352
58.6786
29.6206
120.395
47.518
50.8789
53.6917
93.9844
36.9361
43.5753
151.856
28.8083
31.32
47.3308
91.5994
31.1368
28.3312
157.465
54.381
52.6977
188.528
52.105
233.809
29.0635
67.7405
70.0969
63.7857
27.6924
114.053
158.302
133.209
38.7898
81.2336
33.8006
199.698
48.9214
96.2681
43.8822
52.9849
80.2913
92.0406
102.773
198.844
108.735
36.6402
46.147
133.733
35.7976
116.783
156.899
172.799
88.1297
90.3295
241.487
188.088
67.8839
28.5847
85.901
55.264
137.037
73.4227
87.0833
123.453
39.4969
258.934
52.7024
34.9167
206.203
64.0585
50.9659
150.97
147.902
65.3884
134.433
104.931
126.68
43.7019
35.4802
56.5627
126.164
70.117
75.8721
150.728
94.8358
54.7556
74.3327
140.014
40.6598
35.4203
84.1812
74.7238
55.0138
224.51
82.7545
134.756
197.156
99.6065
56.291
210.728
61.1252
61.7781
98.2373
48.6586
35.9879
56.7349
60.5278
57.406
41.7275
55.5289
53.3928
39.6537
69.6531
42.959
56.5937
212.903
196.142
119.801
183.245
67.2555
129.311
182.858
48.407
79.84
54.4166
50.086
124.69
32.7817
46.0902
50.067
96.7134
31.5317
69.5053
81.6322
193.539
220.297
88.7025
187.504
29.0706
56.1588
85.4235
190.172
86.0585
65.2472
47.0935
90.1946
81.4281
56.7853
43.5877
84.9859
209.728
140.085
73.4641
40.8874
51.917
106.813
69.3464
190.092
207.713
112.907
44.2988
39.258
27.0814
161.236
31.4886
92.658
47.1772
30.0386
87.2779
35.2564
31.7097
174.55
162.316
175.316
70.8465
82.4683
38.2309
87.8985
175.295
51.266
235.57
96.2255
53.9839
99.9413
84.2104
26.9375
71.1675
29.5993
48.0503
111.853
48.4005
260.348
29.9933
65.2288
109.332
34.4006
38.797
34.5345
26.8637
92.6067
136.833
113.971
142.156
42.3285
119.14
90.3614
29.32
38.8127
30.0357
31.7668
229.668
51.4396
72.5228
42.9292
53.0892
84.4064
30.518
56.0835
71.3394
95.7679
87.8901
116.434
84.3419
36.801
38.95
74.457
31.417
32.7841
114.605
29.354
58.2703
47.9622
138.243
76.6993
54.8539
193.584
69.0449
99.1857
102.402
79.7807
32.278
191.987
83.9426
50.3763
205.963
88.2397
43.796
64.625
36.6328
34.2057
63.0952
80.1005
132.376
112.327
38.7177
51.7171
112.507
83.3066
95.0213
53.9412
26.5511
126.302
182.86
56.4406
58.4183
100.368
61.7868
109.527
179.767
114.353
40.6107
29.6207
78.8441
60.8754
65.9243
113.022
45.8037
43.3082
116.057
136.692
72.5132
41.2461
138.186
52.9685
173.111
133.606
95.1622
182.384
78.1186
217.015
62.3095
90.2109
79.5308
62.1344
35.3226
38.5644
66.9428
43.3248
167.292
56.7304
52.3224
77.1957
160.661
79.3311
94.2528
35.111
79.5974
207.81
44.6669
60.8601
60.656
39.4949
83.975
40.587
42.7862
29.6594
27.4814
100.96
35.7641
148.265
97.551
71.6579
109.149
71.535
58.1938
133.932
89.3821
34.0105
73.2739
71.1745
108.36
27.0164
44.5215
194.899
103.273
116.564
31.244
130.65
39.5166
26.9318
151.335
29.4049
35.9789
238.034
243.768
38.6791
78.1324
167.237
98.7805
139.007
52.0355
53.4808
96.3855
162.279
32.4293
35.2126
40.3616
110.027
69.9634
150.026
80.4037
56.3856
66.6639
92.2153
54.1283
108.046
34.0645
29.8933
103.489
171.692
156.435
183.238
92.4411
66.5827
37.8687
33.4907
172.192
56.3259
52.3919
38.5079
136.042
126.417
45.7221
47.5688
144.993
59.4752
89.1522
89.4675
103.433
114.646
107.701
81.2434
111.39
43.3713
130.126
37.9162
136.728
68.0597
52.0266
96.0275
55.8902
69.7496
43.9874
29.0859
73.8599
56.3222
136.138
52.7606
211.339
163.473
36.5463
74.1369
140.859
139.736
91.5583
37.9476
100.336
162.964
29.9357
165.618
57.2316
106.363
93.1092
42.5778
34.4553
97.7583
248.34
94.5504
48.5334
31.8052
44.1659
107.452
214.805
27.2424
57.0432
121.341
163.423
41.5003
35.4187
32.3241
26.4509
39.3151
45.8918
36.7116
93.8473
65.5111
88.5555
38.6827
29.7715
116.544
66.9324
53.9553
115.323
72.0769
65.1432
102.376
48.0953
83.2217
62.9235
79.8704
197.487
82.0376
131.473
143.203
35.3863
173.037
182.925
45.2937
47.9032
163.986
50.796
162.412
165.569
83.7403
38.2441
40.4721
75.9249
229.26
62.7176
32.6866
168.13
34.8267
173.242
91.1843
29.9481
62.8346
137.869
59.2702
212.921
38.7048
135.742
238.216
71.9382
73.0616
98.1564
37.1432
208.106
55.2874
226.027
27.0225
60.0691
132.306
45.7204
52.4692
47.9908
59.2656
70.8302
43.5896
38.8692
59.7204
83.2329
96.4648
27.4229
68.9872
139.536
225.85
72.7405
192.935
39.4752
54.0101
59.8452
37.1287
62.8454
73.6835
89.969
259.93
100.407
30.0447
130.317
142.449
81.2549
106.193
144.06
50.1329
116.433
50.3639
138.455
174.312
59.3839
169.825
101.533
148.041
44.1069
43.8784
164.034
105.409
144
54.5595
114.162
154.643
115.551
186.165
69.0978
65.4635
126.268
122.759
162.775
92.3831
258.596
179.394
75.1005
182.516
126.575
67.3486
52.9766
106.036
59.017
141.486
29.0274
98.0122
27.7264
79.3709
91.718
93.4493
91.6187
65.7086
70.8644
38.1826
79.3212
46.6047
30.4626
26.4738
61.0518
33.8459
45.5576
153.671
213.772
123.431
70.1753
151.419
86.077
59.7237
57.8162
137.433
36.3054
152.667
59.1446
53.3639
82.3858
199.308
52.3349
40.8506
51.5832
106.323
118.45
89.9998
69.6048
52.1591
142.974
47.9865
35.7156
229.143
101.52
197.93
65.6578
59.3037
39.7869
56.658
66.2408
101.606
122.107
71.7443
34.3045
73.9429
65.9273
88.8881
220.696
167.546
32.7852
92.3023
37.0661
91.2151
134.093
82.5848
234.701
184.844
211.54
38.3049
123.632
49.4418
157.9
36.8389
53.3223
123.196
51.0044
97.8087
194.429
146.899
108.681
95.0152
43.8229
77.7373
41.0489
110.383
96.9746
45.9162
32.6444
56.3448
36.3611
206.429
241.325
75.8845
29.296
43.3663
39.0176
208.863
56.854
33.4079
86.7447
66.0155
39.5108
85.5364
44.0191
51.3847
79.1749
48.4777
51.1266
29.6014
42.3539
136.23
28.6579
85.9306
43.8877
105.128
101.848
74.4845
94.1288
50.3633
37.1857
53.776
35.5743
63.7503
89.4093
91.5734
76.9495
48.7797
42.4442
162.73
142.068
207.081
194.427
87.0971
149.138
60.3629
42.7876
92.4083
65.877
171.743
44.7928
27.9791
130.363
202.419
66.5445
53.6101
49.9692
131.988
51.7854
69.4549
43.5206
34.5446
46.0191
69.7263
216.135
56.3511
94.0039
81.0518
49.8936
38.1142
123.584
80.0812
126.746
49.0397
96.3209
191.919
26.8563
31.5747
48.5083
125.46
83.6341
37.5023
250.329
30.4546
111.858
62.4006
47.0253
60.5054
100.865
86.6866
99.2351
250.545
114.97
183.883
52.8479
38.8046
40.559
37.1726
44.4384
183.55
37.8394
66.5534
164.792
79.1412
133.234
26.8783
158.123
34.8892
67.324
32.6004
77.4504
247.15
206.55
29.2943
76.07
33.8646
53.6231
59.6657
140.074
66.909
36.6521
52.969
29.5925
42.7264
128.963
58.0622
68.9067
29.4611
28.5045
56.8119
78.7816
77.8169
156.338
101.298
61.1376
77.3602
32.2151
121.119
28.1057
139.729
52.0319
56.3439
84.1216
47.2411
60.5187
60.1181
31.6632
49.6359
54.8575
35.2808
45.149
35.8912
36.9358
31.8052
55.9644
69.6031
51.2721
238.03
33.8528
208.804
51.8334
42.0381
63.5815
86.8719
157.144
29.705
36.4055
111.173
260.9
29.1275
43.9803
81.3019
156.833
59.13
125.721
253.236
90.2315
216.074
98.6996
46.7228
94.9103
155.073
59.8593
95.3059
89.5009
218.291
35.9761
73.9368
161.349
44.0318
47.0372
101.774
176.615
135.861
40.4834
95.3212
53.1473
45.9564
27.8128
49.4479
89.5289
35.5463
77.4518
109.991
68.1517
148.118
174.893
148.297
26.8974
74.0854
52.9066
148.895
130.052
109.813
77.6758
153.614
121.939
93.4567
140.272
31.3562
87.493
58.4702
195.004
61.9183
90.8752
97.0395
42.3654
68.9263
213.942
27.68
45.5506
28.4661
42.6573
40.0967
46.828
262.293
138.858
215.376
54.1556
102.085
263.571
120.358
45.2362
35.2189
105.321
237.838
113.438
39.6967
43.6651
110.705
63.8771
122.94
112.613
53.2462
194.924
33.8049
93.1575
65.3309
47.9566
166.854
110.422
35.7254
37.7432
73.5476
87.3895
193.876
150.465
109.497
40.5472
100.893
50.7306
130.877
185.798
60.4855
139.295
33.0963
89.9902
160.103
75.6001
132.816
137.533
55.0745
55.2698
83.5432
50.6438
83.2569
178.012
30.5559
40.7367
73.3729
134.63
186.116
125.734
49.9631
28.7612
170.635
89.7511
65.719
100.15
153.237
31.2303
46.8575
150.479
118.648
145.422
76.6765
26.8235
39.4618
141.072
141.349
29.2266
149.352
86.4018
75.2252
37.7736
28.846
68.4041
166.024
160.989
31.4111
27.3953
45.746
55.3297
131.114
94.0271
237.978
79.452
80.4194
51.6315
41.8155
111.575
114.562
35.8173
82.8253
222.179
56.6793
70.466
31.2371
230.803
82.6993
110.606
145.696
84.335
213.953
39.8977
229.28
250.8
26.7759
131.386
28.254
58.0902
257.903
196.321
77.614
49.5284
43.2022
30.2982
45.9261
57.3778
33.5766
130.81
28.0588
63.9369
100.249
68.7949
176.149
165.575
102.178
153.845
53.0106
57.8326
229.702
47.4747
134.444
145.695
90.4765
27.0122
42.2926
41.1348
83.1096
78.3935
132.313
71.6867
43.1132
169.37
64.6675
53.0965
103.086
87.1825
153.789
82.8386
69.8771
93.944
96.2136
106.45
124.263
61.4191
38.4544
45.2782
93.3599
49.3773
100.614
41.8672
101.48
91.1571
116.561
58.1311
126.269
51.6106
128.485
122.932
52.185
97.8559
71.5447
141.819
209.757
149.486
149.358
138.931
77.6194
50.4837
195.402
125.752
69.0338
87.3623
40.6142
136.537
141.959
87.7329
64.7557
52.9734
104.668
215.444
103.913
60.3946
35.9292
44.083
94.4599
93.7024
66.3885
140.498
138.35
29.145
106.036
173.214
193.271
30.1358
45.7639
215.407
107.619
135.822
36.6827
43.7053
80.42
156.463
81.3419
67.2197
27.663
28.961
134.008
102.555
154.557
45.5647
38.8882
82.2063
167.696
192.35
26.9136
183.743
57.861
43.5847
58.2612
44.5833
43.6737
60.8817
147.568
68.5711
72.1124
60.9858
48.3423
47.9012
29.1688
37.7028
73.1686
117.203
31.4189
178.381
228.454
49.3038
62.5278
235.124
93.0308
85.2066
130.398
32.8054
91.2452
184.446
69.8483
41.4552
87.4861
43.6637
29.0976
65.241
33.6759
85.9699
56.7743
39.7997
63.3368
65.1371
239.914
78.8692
50.7614
234.387
89.4179
85.5253
87.7155
130.782
39.4437
197.733
115.203
26.3902
26.6466
46.1552
32.9388
53.2144
35.6984
238.217
69.7687
51.5196
89.5083
51.4085
186.507
70.746
149.19
32.1652
67.4127
194.537
227.492
117.815
57.5636
156.734
75.3917
83.92
79.6289
35.7838
31.9638
124.619
231.729
112.689
34.2003
157.816
104.863
66.1431
88.7161
36.9462
137.855
36.1914
89.6637
103.957
159.393
183.367
40.7455
132.206
78.1195
196.593
62.6702
54.6088
155.661
163.379
52.5733
31.0097
59.7223
66.4512
166.966
73.4752
61.3091
241.312
196.924
94.9682
56.5157
119.035
52.2742
84.0094
64.9342
117.644
61.4223
70.4841
36.9568
36.8276
45.8715
68.5828
68.0494
46.4405
69.5124
28.651
165.487
51.0378
241.233
66.8384
118.558
258.13
134.742
117.501
195.34
74.8455
182.579
39.5864
132.882
32.7684
126.828
234.455
93.0298
118.392
116.282
55.3667
129.573
117.057
84.4264
77.9931
163.237
49.82
91.9244
235.867
135.057
96.7489
93.4279
139.644
27.5192
204.729
105.258
43.9202
117.918
63.268
205.321
177.862
122.16
102.836
97.2373
50.3977
62.1376
158.829
88.4569
37.2392
92.8124
105.765
59.2102
95.9778
173.343
71.631
83.1786
100.362
201.686
94.8806
140.491
117.439
75.7548
150.901
130.82
151.406
77.8299
118.27
132.101
90.6889
76.601
232.237
90.533
169.87
45.7908
60.1043
234.929
29.864
49.8001
69.5108
212.949
81.3312
38.0578
33.036
94.4843
125.443
74.1067
49.9912
73.8203
134.483
88.9318
211.536
67.0837
37.689
143.555
56.4757
86.0724
45.4276
40.6268
96.4451
51.0128
58.3535
81.4973
29.6822
216.352
211.915
148.894
54.4652
86.1321
98.098
155.89
33.5651
77.5558
62.3587
81.0986
47.4713
153.504
135.291
64.9901
218.549
36.2637
158.278
101.636
120.42
179.56
91.5011
46.5409
101.795
115.271
33.3452
133.226
128.717
50.1798
100.448
241.647
72.1043
107.637
92.4676
202.113
156.577
82.1027
78.2568
80.0463
51.3267
27.6972
118.703
75.2904
35.4853
49.8757
73.0661
161.223
46.6306
65.1706
152.227
177.548
26.5053
92.4106
91.5941
70.0005
64.788
133.307
239.922
89.1097
50.103
31.2651
99.9213
126.231
149.944
51.0245
26.7634
261.167
135.164
85.3098
192.084
79.7888
87.799
108.496
75.1124
191.166
89.3216
76.6358
260.481
87.9329
50.3304
80.73
46.9717
98.1585
196.016
56.2639
40.3787
78.4486
106.937
58.2405
66.1062
55.5737
92.0661
112.003
144.659
124.88
39.9065
134.883
211.823
34.025
114.049
101.564
161.023
115.952
52.3906
42.7617
227.737
66.1269
97.5338
145.578
32.4031
37.3533
75.4219
85.2771
117.112
254.511
31.0638
71.7011
77.3556
123.389
68.3657
183.482
32.4052
26.9139
45.4922
31.1007
71.0684
206.654
56.7594
66.4392
49.2905
68.1066
103.915
40.8168
30.6349
76.1526
122.771
60.1827
130.953
148.123
37.5103
60.507
29.4065
225.176
68.1416
102.483
168.147
225.765
205.977
35.2751
37.786
104.922
36.379
75.54
61.7611
88.4441
69.7423
195.89
28.2417
81.2098
200.422
60.5472
100.274
100.485
54.2864
110.158
81.3053
35.9117
32.4759
78.8028
83.4337
58.903
217.498
121.675
48.9321
67.3906
41.971
115.887
131.018
27.0695
165.636
55.0872
126.886
83.6335
53.8359
61.9094
82.4389
38.0579
31.2169
91.5438
121.06
61.2309
30.3512
164.697
127.421
202.273
120.498
56.7915
242.897
40.5132
164.15
91.4596
105.986
44.4671
94.358
36.1151
112.913
82.1891
90.667
163.502
40.6833
112.135
39.6021
107.842
57.0826
49.3178
178.771
202.729
75.0222
59.6673
92.0258
58.65
69.9901
111.736
118.267
46.1337
248.605
63.9614
218.511
60.8452
79.6843
110.732
74.6382
50.4674
98.2242
65.7527
35.7512
47.8092
32.7846
49.0893
146.583
58.197
83.7951
41.352
111.8
156.814
64.8792
36.583
97.7674
52.2535
80.0577
37.7061
42.7757
44.0462
33.7393
68.1962
64.8967
49.022
33.4451
114.406
124.223
34.4429
103.962
149.418
130.548
101.485
88.213
43.129
152.056
32.036
101.616
87.1232
29.7162
201.38
125.445
37.0837
101.421
60.9459
57.5736
33.6773
44.473
151.673
55.6822
81.5892
168.444
169.124
76.1101
73.3932
96.9045
169.49
32.0982
61.1224
65.7952
75.8141
30.7927
158.333
76.5144
101.671
173.079
89.2632
123.367
95.9613
101.878
66.734
147.219
43.3894
39.7659
76.559
253.277
65.0459
258.247
54.4012
73.0828
81.0591
135.753
45.0913
128.105
47.6026
133.899
78.2984
31.0979
103.381
33.6065
90.7024
251.246
212.642
37.8531
42.8185
39.4686
113.159
61.2243
93.6285
30.1038
56.1219
82.5801
187.406
31.7763
85.1681
49.047
31.8669
160.183
177.323
87.8169
193.27
133.224
54.4674
62.3182
39.5703
40.2702
26.494
37.4063
128.475
41.1269
144.769
171.634
102.481
237.611
58.4191
133.73
31.2214
75.8359
66.8513
75.7142
38.4357
69.6464
86.2122
195.113
59.0498
44.8911
76.16
50.0111
119.422
47.3591
105.034
113.07
100.979
32.2958
44.0083
69.8494
26.3682
63.673
187.155
134.539
35.8603
42.171
92.4169
53.3406
88.853
225.575
33.127
84.5699
40.541
177.447
153.802
42.6622
47.1551
96.8975
92.8943
158.654
58.7969
59.5533
152.976
100.479
47.9567
63.0191
36.6747
59.7522
55.6958
52.9782
56.2016
59.5868
33.6987
27.6914
112.363
39.6015
104.853
122.641
27.3314
60.1834
29.715
90.4389
66.8998
66.6464
102.737
69.7485
87.5135
156.595
35.7753
215.9
126.813
30.0198
93.0943
95.6663
45.7718
82.5705
124.245
86.8351
48.2735
87.2626
47.8738
50.0091
141.998
49.285
66.9426
145.558
27.3792
76.0546
71.1708
50.8067
89.2841
28.1421
180.772
36.3895
77.7696
135.465
33.4413
81.4536
78.1478
243.8
95.1194
37.9136
48.8719
107.754
89.1432
128.936
35.3761
119.044
121.816
221.384
66.2486
103.165
39.7681
253.566
27.7769
40.6492
185.706
82.1368
67.7709
48.2514
56.7501
105.371
77.1446
148.922
40.3874
48.9486
132.301
76.3226
61.2561
87.3424
148.681
163.577
47.471
28.8799
71.4686
33.2022
32.5813
87.3928
89.9941
144.077
135.672
96.5421
55.8558
76.5528
199.162
61.6847
40.8371
51.8971
108.393
59.8067
40.4494
92.5641
43.8846
160.687
56.982
229.987
65.1521
127.052
137.779
74.3383
61.6872
68.3222
44.7792
59.6367
220.602
62.2349
39.7877
127.76
139.378
171.979
55.0886
133.24
35.1398
78.862
30.0059
118.419
36.9615
258.293
27.855
203.469
215.108
141.481
72.8263
69.7294
106.412
201.656
112.952
138.035
55.9296
29.7656
33.263
155.203
138.034
36.8104
39.4565
260.969
145.801
55.2561
109.734
31.7568
51.7752
41.8955
34.6729
70.3656
174.414
30.5203
30.2203
45.4524
80.4086
32.5891
199.28
83.3709
53.7805
76.9035
41.8744
156.768
53.9209
146.094
58.2131
51.9096
117.326
138.762
100.409
215.229
216.393
86.6084
240.126
29.5551
32.2622
32.0622
40.1804
52.384
71.7958
40.2905
42.5109
29.4631
45.6938
70.7049
46.2077
50.9945
35.5812
89.6742
179.933
75.2657
94.1901
90.0586
201.77
56.0591
97.7993
81.1631
41.941
64.257
72.0677
228.903
66.393
202.093
26.5713
45.7265
159.476
86.5501
79.0961
42.8546
158.347
26.4829
36.9419
66.7402
135.416
138.672
131.752
87.1673
29.0887
36.3232
27.334
235.905
121.106
219.637
78.5939
138.365
165.151
121.424
78.2477
205.301
175.091
75.9352
86.7834
116.16
73.0039
30.6312
132.985
47.7016
35.2579
73.1117
65.8911
48.1414
103.157
43.2317
63.4723
98.0184
201.461
50.8932
26.6859
115.072
68.3794
36.9517
50.1029
147.658
52.4011
136.934
75.605
32.4553
29.393
247.346
92.6929
61.5699
90.851
199.6
74.1285
66.2191
27.9808
128.015
37.4128
69.2528
72.1799
28.2899
123.913
51.5629
102.272
52.2872
55.0285
71.0678
32.5407
119.879
73.3724
261.275
65.0937
90.3968
84.3854
52.4407
200.221
158.82
63.4513
80.8021
136.457
39.3643
82.6339
138.877
119.171
28.1393
66.8286
85.332
70.1131
54.4709
111.063
91.7431
49.7284
38.5806
45.5979
149.226
132.05
57.4313
219.58
141.378
58.0386
59.7497
193.934
55.3938
97.0339
105.278
47.6888
105.601
54.1386
249.941
127.966
205.285
35.9932
56.6607
72.8758
63.712
29.0026
90.4451
79.3876
76.5384
107.786
37.0722
55.7989
31.1074
79.237
135.765
119.919
122.445
88.6767
165.548
78.5771
43.3444
49.7873
64.1619
39.2481
159.045
56.1228
39.7768
201.665
88.2648
66.7708
92.1952
47.4296
87.4878
99.8831
252.889
126.499
170.743
69.1759
30.6698
125.189
58.157
92.1358
47.5426
37.2494
189.048
109.245
71.3001
106.842
36.0082
212.145
52.0374
39.2077
43.1049
181.955
42.4515
39.8093
67.4874
62.6667
61.6286
61.4982
214.3
58.35
39.1383
54.6645
112.079
190.497
88.8332
33.149
102.896
63.4948
57.2776
141.311
49.6172
34.9057
65.4975
87.319
69.5626
31.8655
79.3319
37.6769
48.3116
105.965
40.5115
46.0784
201.849
46.9765
166.208
113.501
66.9847
50.7763
105.471
143.858
53.2665
88.6487
108.882
92.8326
32.349
84.2482
176.764
48.2143
42.0772
201.381
78.4082
108.672
54.493
162.952
139.03
44.0631
51.6664
40.2575
33.9112
56.885
38.2734
141.988
44.6025
99.1847
49.882
48.9175
145.856
217.919
140.09
28.8499
158.532
72.8849
68.2998
29.5204
30.7678
59.0893
133.698
166.119
72.1765
119.858
51.6317
234.734
38.0649
70.6337
33.6515
154.904
81.9566
51.4955
32.2007
134.01
70.4228
45.1976
44.1745
64.683
248.325
81.1769
84.9999
33.6714
68.4585
161.834
41.8037
206.725
44.9675
102.464
44.7255
83.3608
63.2692
80.8045
104.696
36.2358
41.4049
85.7997
47.5391
175.308
90.6262
51.6147
92.6888
48.3138
71.5906
31.0488
63.9289
37.2389
84.4298
67.1308
96.5281
81.909
90.9161
71.6379
49.5901
132.377
130.235
100.896
84.0521
158.652
54.2389
38.3126
32.2466
165.273
63.7777
96.1579
44.2109
40.4902
34.7776
192.269
153.28
110.297
199.201
70.2571
194.918
47.5819
89.0267
114.583
176.843
103.69
52.776
108.291
205.207
122.298
114.436
112.622
53.533
134.655
81.2539
34.7753
131.508
208.25
53.8736
126.176
119.587
168.864
196.539
151.109
57.882
141.554
105.678
63.5656
179.258
82.9566
211.532
153.378
51.7426
146.189
101.784
81.5133
73.0162
48.8929
74.9998
150.406
30.7857
256.509
30.9859
38.9173
36.3981
55.9488
81.6852
46.1994
52.0001
33.8715
86.2796
50.3359
132.45
67.0487
130.698
71.1479
240.547
26.9637
79.2413
229.043
27.2238
37.6436
93.0061
256.63
40.7081
48.4766
30.353
52.1115
30.8717
34.8924
203.272
54.1727
32.6768
83.7369
95.539
111.061
30.9525
32.0375
82.9758
139.736
90.6726
100.442
99.9682
37.4192
66.4806
173.848
147.568
51.7283
84.1049
58.8678
43.1803
129.479
60.8146
89.7953
91.1068
31.1661
66.3246
92.2598
67.777
50.0707
39.9852
147.728
80.861
49.3256
51.5195
86.6842
106.362
127.265
132.366
210.801
31.7134
202.063
75.1922
32.1719
42.3605
93.0438
142.031
82.6097
43.2561
123.067
186.381
96.8066
53.9122
152.383
153.087
62.4136
30.2115
36.8772
81.1499
34.0871
70.9599
32.5467
35.6398
30.4854
74.939
45.7593
58.4588
51.3768
179.802
108.632
30.0655
86.606
206.83
44.1996
40.1885
169.35
39.1049
45.393
42.7303
53.0767
100.066
178.253
229.362
84.5124
178.719
52.2233
143.489
156.902
78.8272
172.576
34.3203
51.3437
68.6243
32.5375
48.827
34.8126
51.4636
35.1572
58.1554
146.968
27.1652
32.4592
47.6403
125.893
131.91
61.3238
53.7342
62.6356
73.0328
64.5687
95.4767
96.7243
134.731
199.218
69.7835
44.5534
172.388
255.085
77.3018
29.3174
139.635
36.2992
42.0446
36.3196
31.4744
27.4094
82.391
37.9605
50.1782
96.5295
42.5766
146.913
102.949
70.0619
29.0011
43.7003
75.1059
58.8441
41.1346
128.191
63.428
86.3244
130.811
180.277
33.0129
105.314
39.5752
114.216
101.291
34.6281
203.882
127.189
81.5832
204.477
56.9295
112.137
58.8269
53.5462
46.779
67.5744
235.698
107.164
61.6929
56.1005
44.7043
52.2
207.639
52.2323
60.6322
74.4458
40.4115
61.5412
198.401
141.121
95.6962
29.3865
66.8699
238.484
55.492
224.143
68.0843
95.9477
50.1328
42.6829
69.2741
53.0261
66.119
51.3107
37.0079
109.584
174.486
206.477
103.613
144.467
118.283
65.9594
130.125
137.696
233.017
97.6302
35.3652
99.4653
114.608
93.9578
121.511
38.4506
82.5062
41.7284
133.311
45.7007
27.0743
78.8971
143.388
61.6095
126.609
63.7672
157.334
53.3134
29.888
32.9432
34.7446
80.0568
109.048
206.038
69.077
86.5287
29.1526
30.0948
226.462
55.1941
101.275
109.326
38.5092
116.744
122.06
45.2786
234.666
127.81
156.766
36.6676
181.445
105.564
38.8724
37.9632
37.7827
41.4814
74.7655
77.1365
215.235
222.6
82.0994
35.8483
79.6968
97.941
109.647
124.134
58.7452
32.518
134.687
102.474
117.176
53.3853
142.246
142.666
222.962
68.5731
138.151
60.1636
39.5656
183.562
62.9304
36.6996
46.5348
34.5823
57.7515
95.2802
32.3021
35.3089
210.937
84.3342
55.9338
31.4539
123.582
44.2411
39.5639
27.9602
65.8445
61.1033
79.0121
34.0492
260.481
58.1217
207.977
59.3497
135.301
123.492
80.192
34.4323
197.915
88.0645
49.0118
44.9864
56.2254
52.8014
62.1903
63.316
66.8853
35.282
89.2235
135.653
155.778
138.023
46.2493
169.146
206.119
26.5102
187.104
149.247
74.5123
31.8143
133.707
40.8408
170.001
76.8592
45.2962
40.7789
219.832
34.6991
74.8517
59.8216
40.6124
112.327
62.016
63.5273
252.212
36.7376
112.756
174.548
47.9243
27.3376
33.1203
57.738
235.491
134.579
78.3144
54.7823
174.534
101.352
96.2254
120.71
75.7676
35.2734
63.3967
107.698
68.4819
111.657
52.4593
177.433
126.317
77.8405
29.0284
147.434
38.6757
117.321
28.5504
47.7897
106.704
135.943
88.3743
75.1946
67.7998
27.4019
156.462
108.255
53.1706
101.394
118.717
62.5794
37.4726
103.742
157.426
92.8329
44.9094
27.9768
33.0504
40.5668
77.7506
92.4414
110.311
86.5884
41.7103
38.8072
50.6754
79.9164
41.8673
39.0017
211.272
59.0163
53.1668
161.123
100.654
78.6085
139.33
72.52
173.757
212.126
90.8896
42.1054
85.4214
36.1935
204.236
89.1322
214.29
31.0718
164.977
30.9216
131.041
198.576
36.753
35.5659
32.9938
87.9243
116.04
245.022
99.6453
116.07
96.7978
196.624
197.656
69.018
81.2895
191.513
37.0871
140.695
258.024
58.9852
108.68
111.667
105.438
81.8566
29.3217
38.4004
84.5313
156.767
145.035
46.7652
28.6667
193.912
45.1982
69.8591
89.7763
42.6026
180.048
34.6524
109.545
32.8963
50.8677
210.59
187.599
58.8978
168.059
49.7312
77.9254
33.0077
57.4041
73.9336
43.5068
203.379
94.4554
65.14
44.4217
88.6986
56.0533
127.301
47.1852
96.3653
44.867
168.715
58.2661
107.172
29.1247
74.6261
183.977
26.3785
99.2991
44.907
101.67
157.862
31.7902
49.07
50.8314
45.4327
122.671
74.1264
150.057
64.2885
33.6299
71.7142
123.223
87.9952
145.287
71.551
43.0657
26.9987
56.4541
79.6246
63.1782
67.9737
82.9715
119.731
183.434
84.903
71.6381
157.933
55.7248
33.4511
51.0241
28.2056
47.4292
174.916
206.864
78.6224
80.2093
251.998
132.972
74.1626
138.772
46.5851
77.3919
124.564
42.6047
209.571
115.458
129.119
32.2346
247.168
106.29
133.815
247.384
131.073
127.273
79.5831
57.4043
93.511
34.2756
142.698
201.903
156.385
151.123
114.642
54.2017
101.946
193.966
30.0276
205.718
35.2794
109.985
49.9368
43.6888
57.5188
111.581
75.2731
56.8774
113.423
111.601
80.2865
86.8878
108.055
194.412
49.8897
142.217
52.1719
125.487
142.272
41.4801
98.9525
97.8043
45.4766
61.0316
66.3684
139.686
57.341
38.9508
52.0386
154.944
145.555
108.498
202.965
165.39
162.43
34.9518
112.677
27.2288
44.8955
47.1685
130.133
27.9069
62.8375
33.3089
175.268
208.363
38.709
27.2638
101.761
31.0752
38.2857
131.07
45.7704
57.4184
130.429
143.912
80.6396
82.5006
37.1174
152.521
104.728
85.3904
114.484
69.047
41.5527
49.8997
49.1992
175.33
123.966
82.5743
197.794
135.195
27.5315
28.6728
195.282
82.5031
216.086
31.8149
137.96
55.536
33.249
95.1811
186.948
41.0153
26.5679
128.794
129.283
56.0334
28.9289
45.8232
35.1566
40.6918
70.2425
147.618
132.125
84.2092
122.101
261.404
27.3188
187.488
50.3195
70.4152
29.1162
93.2979
38.2901
82.2144
66.0539
211.312
82.8309
55.8738
39.2637
125.047
79.3811
51.7136
111.502
70.1195
126.895
134.618
41.3393
29.613
40.2087
213.029
207.142
46.3259
184.042
167.39
36.0645
163.489
159.234
55.1802
187.841
41.5777
37.6394
55.7994
50.6565
175.556
82.9678
152.503
79.8557
64.363
86.5699
236.377
71.5038
43.244
28.6251
101.725
159.543
43.6969
68.3237
106.549
67.6661
219.429
28.4428
91.8442
95.6194
59.6607
100.837
177.075
52.3667
47.0151
135.245
54.0775
114.731
173.842
100.701
54.9278
31.3147
175.796
64.6856
61.2275
70.8993
104.673
42.9045
93.1096
124.958
105.639
147.176
83.626
39.5541
148.026
101.124
84.2987
86.8006
28.7292
129.302
71.1733
40.911
49.3009
66.9066
125.816
29.3931
98.1289
66.428
102.512
137.557
65.5727
210.58
185.132
136.978
57.0323
180.903
99.7636
55.3029
136.239
27.8632
33.8019
54.6303
38.7493
74.417
105.394
113.393
33.9433
74.3245
60.6601
236.424
54.8786
30.2062
85.99
71.453
172.436
38.6299
143.192
127.174
90.1835
71.892
68.7785
253.288
26.7659
123.178
100.506
28.9604
80.2478
82.6563
154.689
81.7362
130.975
77.7207
87.6102
140.86
67.6143
41.9061
195.403
104.802
243.964
114.672
179.385
88.8835
32.3593
29.465
31.2837
74.1959
101.769
146.198
164.531
130.837
90.5338
211.364
77.308
151.512
31.9157
82.2462
37.1502
64.7191
85.5803
124.268
169.567
39.5254
43.0859
87.0613
187.808
106.382
65.8876
46.0096
133.182
108.4
106.758
208.813
224.425
45.3563
47.1603
87.7293
128.956
128.344
54.1862
58.5351
55.4103
37.6036
119.988
203.752
63.9152
142.212
30.0381
45.6722
26.8556
31.7342
35.4262
169.261
60.6476
96.3372
53.0776
67.6617
39.6435
69.6899
35.4469
104.666
72.2444
32.7314
55.9184
251.932
139.206
52.5484
45.1706
183.599
71.7084
91.8644
68.8754
48.534
32.3005
33.294
34.0805
155.291
37.6344
37.0277
120.452
51.4612
103.419
59.4446
36.0894
110.017
92.4602
59.0255
260.933
113.328
51.97
41.0561
124.382
51.6446
44.5258
212.76
48.7054
61.2284
82.3899
111.684
142.167
203.337
61.724
35.8444
93.4735
122.903
172.301
64.1647
146.586
132.693
68.7016
130.979
43.8655
171.447
71.9701
49.2554
120.99
258.318
150.287
177.933
187.417
56.3907
111.118
53.6692
44.4523
155.045
41.0541
31.5587
75.2423
51.7361
161.579
63.8421
141.114
32.9051
223.095
34.9787
117.002
103.817
70.6372
35.0762
124.672
52.4781
73.844
217.423
147.391
28.8091
96.6853
59.6565
152.312
149.48
117.361
44.0577
83.3539
82.2797
28.6419
34.3823
231.445
43.9816
59.0979
38.9273
67.5124
209.91
102.399
28.5167
154.193
87.8582
73.6193
30.6089
77.3741
63.4537
60.009
138.677
126.191
43.241
172.904
37.5664
38.6655
49.4549
30
164.936
78.4835
82.5981
67.3879
37.6528
102.273
74.4244
88.4415
77.9777
111.533
72.7138
124.796
156.712
62.2947
32.0314
28.9573
58.5293
44.6667
39.7861
83.1918
52.9437
52.82
36.7912
73.8212
99.813
124.045
61.9792
84.5963
86.0085
196.433
55.3313
37.9161
121.306
85.053
56.0051
89.1406
169.473
177.32
79.4092
41.1644
36.1239
71.2896
197.152
32.0664
157.064
124.715
245.166
140.858
195.443
100.58
122.009
162.246
35.6852
122.88
84.3779
63.0634
52.766
68.0824
30.5864
112.948
47.1623
109.506
88.0806
39.7034
178.184
27.6397
84.5551
34.9707
100.209
37.8953
85.004
67.5021
63.6569
96.3825
42.0145
139.826
176.061
181.425
72.1735
98.7325
172.545
167.669
50.2183
39.3631
35.6169
51.0712
37.3187
51.9521
96.8749
126.762
92.5109
67.635
68.6723
78.0405
82.8582
33.8607
142.293
26.7751
93.1297
30.6269
39.2412
99.6925
119.785
36.5761
56.0542
259.77
78.1889
147.703
219.757
108.937
68.0752
29.7085
113.429
162.557
34.3767
28.2442
113.861
107.079
182.442
185.45
48.9029
90.3692
50.5275
175.635
80.7372
134.007
57.8964
106.436
30.6421
167.778
65.2612
54.713
31.1808
55.269
56.6881
92.5128
47.8212
81.171
254.819
28.0839
34.2336
80.5495
73.354
172.474
114.787
42.4886
134.042
106.496
97.5195
32.4432
75.8337
89.1801
78.5131
88.889
62.5012
245.865
128.94
67.3069
100.209
228.8
36.6361
205.561
82.8274
54.0437
50.1345
43.0824
34.5823
109.362
91.5995
193.682
75.3442
168.807
80.6788
69.2329
72.2158
74.976
60.1672
190.202
100.857
52.4281
96.8286
39.0613
60.1193
27.5894
48.607
34.248
103.751
43.9491
42.347
38.6518
70.4574
29.6073
82.7799
115.358
94.4927
57.1512
72.1721
48.131
39.0807
45.3066
154.26
33.2462
54.2991
142.516
79.1282
119.807
64.5975
69.1619
194.8
226.03
221.028
190.878
64.3018
95.4647
163.284
29.8638
61.8773
48.8706
103.109
42.1852
130.402
45.3029
137.967
109.811
218.143
107.871
116.911
33.5689
30.0604
36.4855
180.613
205.633
69.2644
46.5457
77.8073
66.267
97.4433
170.332
40.8482
181.932
184.814
42.2055
38.4175
60.1831
32.6037
76.823
120.72
243.145
48.2743
29.6413
184.339
39.1639
38.8712
155.598
118.208
38.8954
78.3909
96.613
37.6497
182.372
127.167
66.7632
105.327
44.138
153.836
254.758
44.7042
46.2636
38.8078
146.985
28.4154
75.1004
32.0884
107.399
90.2073
48.2354
27.4358
94.57
68.3187
197.007
87.3636
150.255
105.956
139.257
168.175
48.6895
39.1145
50.1756
47.8142
164.119
127.426
71.7993
91.4289
79.2882
161.4
26.5015
35.9167
86.9252
186.693
125.65
107.856
95.2391
77.791
66.8555
105.723
110.969
38.0925
130.088
115.014
55.9791
157.987
52.2092
54.304
74.9463
106.379
36.3723
143.089
110.984
154.014
34.4025
37.423
89.4282
30.5633
26.6872
62.3013
36.909
121.332
167.888
45.219
99.1357
61.7978
111.836
29.1936
76.72
49.5424
35.6054
62.8932
59.2336
43.5747
75.1325
160.702
98.1754
42.4877
133.834
49.8972
28.5628
141.963
46.4482
83.4323
114.6
188.491
155.692
95.0381
52.7463
65.4445
41.3436
99.4182
39.8801
60.8241
44.3625
226.397
230.656
36.0293
148.32
90.3937
181.308
190.462
29.6625
63.3217
143.907
34.1388
175.982
148.039
46.2868
82.9244
207.203
184.132
69.9774
51.8244
185.31
182.931
137.669
125.975
44.2205
61.253
30.2705
236.001
35.4394
50.0839
246.754
194.84
78.9038
30.9737
95.6191
46.7063
176.639
143.006
65.3687
82.7976
120.629
36.91
37.573
180.26
192.052
35.4199
115.616
54.211
198.025
63.4151
57.2271
117.191
53.8977
106.593
137.747
61.6603
93.909
47.1257
263.138
60.588
109.29
75.4917
87.8871
43.1146
73.1247
77.5814
209.215
57.9187
29.1938
41.2926
79.1329
193.345
29.2198
108.432
40.0221
48.8651
32.3119
32.5369
148.5
64.1453
66.154
36.8736
56.2814
142.255
46.7262
33.532
56.8964
45.7657
57.0273
96.557
75.3712
37.3752
110.115
44.848
154.497
165.754
45.7199
131.39
156.095
53.0526
59.2243
68.4532
34.5325
29.8738
43.3391
65.322
89.8868
47.8584
45.7169
83.8002
148.577
35.8148
94.841
129.86
47.0891
173.454
115.329
42.7211
49.5455
33.0021
38.1462
194.256
83.0934
139.747
37.3255
46.5652
49.3436
91.256
39.6996
159.069
129.692
53.6364
110.124
63.0363
53.1113
175.262
157.39
67.4235
171.722
256.643
47.9339
43.0639
84.0131
130.327
42.1341
183.616
27.1306
253.807
157.504
27.9768
192.243
87.5643
53.7986
100.549
29.8643
151.321
113.718
228.437
125.156
86.3166
32.5744
146.84
35.5733
121.173
177.853
56.7369
129.536
203.704
28.9597
37.2576
66.4549
49.4812
101.932
58.0718
85.2098
46.5734
88.3453
42.7318
34.0009
28.8835
69.0914
103.174
165.971
72.8288
179.627
41.1582
76.8302
69.1094
40.0667
109.467
34.0927
123.555
132.532
33.1088
62.2849
171.546
236.701
94.6855
212.693
96.6293
223.728
154.675
159.516
36.6404
213.79
86.033
104.552
38.8085
28.6852
99.4834
47.523
32.691
41.0371
42.2569
31.6206
44.2144
57.9963
46.122
200.632
33.6222
31.0067
253.661
240.872
81.4913
38.1666
62.4733
164.714
76.0729
242.09
83.9286
37.8238
128.792
240.055
39.7776
34.4613
100.163
85.8487
65.7011
53.4864
87.0294
121.344
116.148
249.81
32.1988
40.2634
66.9674
69.9456
50.4645
84.519
61.8453
29.9995
87.2098
75.2758
107.924
154.341
64.4624
27.3684
53.1199
112.995
37.7887
37.0523
39.0622
169.454
116.717
58.5544
156.02
115.453
49.3448
37.9054
64.0569
59.5098
42.1759
109.571
32.0055
220.373
46.9951
163.175
133.406
39.4806
172.079
241.679
43.5945
36.9807
77.5261
26.9653
156.492
51.3119
160.675
45.7897
62.4044
165.609
31.1398
75.2311
108.192
145.386
87.073
107.834
155.057
192.911
103.301
154.95
45.4751
93.6758
27.325
83.7243
79.6369
66.2209
48.4572
54.7292
118.278
54.698
105.097
204.14
151.009
150.913
33.4813
148.616
62.073
78.5896
40.2555
77.0222
166.54
89.7022
112.181
44.1182
44.8619
108.694
127.241
99.9259
27.5648
152.846
72.3321
59.472
54.6902
203.672
79.0151
40.433
70.8226
46.407
73.7192
82.1485
77.3148
55.9293
54.6683
262.843
164.995
29.2819
35.1632
45.7635
168.91
53.7909
161.06
51.9148
116.088
94.4611
83.4289
86.8353
56.154
115.864
102.558
27.3429
55.5935
73.3033
40.48
69.1953
116.614
37.5111
29.5098
77.248
64.0541
165.878
71.2762
36.2846
65.2667
114.965
51.451
49.2334
146.781
27.5497
116.798
105.723
105.473
129.47
98.3955
53.8914
144.406
64.3864
67.9974
70.9574
65.0983
32.5697
40.7251
144.288
72.3913
172.517
124.211
50.1075
180.958
45.9046
139.746
36.1957
30.8821
30.6994
153.802
115.448
52.698
88.7704
57.6118
151.106
52.9858
43.6891
26.87
60.8422
143.636
154.278
96.4468
212.011
39.4051
139.775
107.577
69.1109
139.382
118.42
64.274
114.195
37.0379
40.5851
205.708
34.5419
43.9413
132.409
68.3333
36.5033
29.33
123.91
135.874
51.6046
67.6186
44.6532
159.097
39.7058
74.2527
239.542
41.4483
143.152
71.3591
170.236
217.294
66.0283
110.03
43.7055
37.4576
34.8476
45.0417
29.664
46.9252
51.4016
48.1367
61.2712
56.2275
71.8976
66.8698
64.8035
42.6684
163.666
61.2606
85.2444
87.0395
74.9594
78.4552
43.6302
72.3672
119.376
39.7059
174.44
28.4187
172.98
49.743
41.2068
59.6079
131.291
51.4272
50.3908
261.928
44.4553
32.9983
174.465
89.9728
191.417
34.6494
49.4365
145.276
49.1975
131.605
73.8641
137.194
169.826
130.949
201.646
59.8104
26.4634
41.0218
77.9277
72.9233
184.512
105.864
70.5721
28.4043
78.0104
45.1425
58.4466
253.253
92.5714
100.682
141.682
89.628
85.4317
96.7151
133.055
79.8683
178.592
89.5661
68.441
73.0075
44.7684
74.4631
53.6233
177.099
27.6673
83.1639
31.1172
158.276
41.6731
254.621
52.3192
97.6081
92.8627
123.296
31.3949
70.3578
43.4655
231.906
29.2533
155.845
184.139
50.166
232.009
185.326
30.5684
178.35
147.172
114.286
127.784
50.412
28.4735
164.982
56.967
39.5247
253.554
203.612
45.0158
42.7775
45.4804
60.4066
49.5262
145.406
84.7828
36.4252
54.8101
215.224
67.0917
59.5019
40.8617
75.1136
46.6257
130.464
108.9
132.715
109.205
29.3855
109.775
51.9474
195.965
164.256
95.6291
110.678
96.6754
79.3157
100.201
139.065
184.709
123.299
124.756
88.2916
114.175
32.5235
31.995
31.5229
33.0072
51.1827
55.2284
98.0874
87.8151
36.606
167.169
227.684
236.298
83.205
47.5096
77.2839
122.33
103.932
201.963
43.2049
199.737
51.5501
46.3108
26.7131
94.8402
72.582
71.6324
64.885
212.688
141.686
46.0791
40.6296
41.3832
57.6746
57.7195
31.2823
46.8789
160.29
234.307
31.6821
223.846
44.1457
50.8997
159.432
196.314
79.6932
59.2231
210.779
129.989
103.381
49.9687
72.7938
85.2569
71.5129
52.9639
29.3802
56.1252
148.836
164.871
132.152
111.497
83.6696
109.912
229.015
26.9721
67.3845
205.633
153.248
35.8867
46.5873
34.5901
201.829
32.5626
28.9387
38.7164
41.1249
54.2209
140.319
40.4429
141.892
57.3856
52.3896
48.4054
50.0102
85.9957
55.001
188.737
33.5613
114.519
42.6254
97.1904
107.308
194.454
151.667
234.808
56.9275
95.8039
163.559
90.4106
50.9144
37.6748
80.1986
89.5922
64.1769
201.614
183.542
64.0267
37.54
43.8297
62.1723
34.308
184.202
117.309
75.3447
166.023
77.9933
44.9383
88.7123
58.2688
28.0613
219.377
60.7269
241.754
154.94
26.6009
127.98
107.929
54.6623
197.282
84.19
77.4745
56.2482
38.7708
49.4166
32.3491
204.321
36.6429
74.0305
37.3796
164.226
49.1287
163.526
42.0868
34.0819
69.2127
29.4376
59.4697
50.0262
178.672
51.9931
39.6603
149.8
158.654
233.619
238.023
47.5625
71.3203
65.0874
113.205
46.6792
67.4743
62.6744
111.133
52.9737
46.2424
53.7478
66.6177
76.2329
170.117
62.9871
49.7896
62.2066
33.5391
127.234
69.7682
215.466
55.7185
125.41
174.396
175.6
52.7844
114.586
91.499
69.3296
28.2516
128.733
76.9271
41.4572
108.302
57.9475
131.63
58.5118
147.718
54.8921
55.2353
70.584
68.8633
78.1415
32.4015
76.3432
53.3047
29.4567
34.0316
204.906
64.8828
44.527
87.1197
101.583
171.095
61.5409
176.942
32.4367
77.1513
41.3805
128.723
47.1677
63.674
83.8648
43.7359
90.0314
149.056
55.6741
184.059
34.5998
180.225
28.773
70.319
53.9506
111.718
217.073
68.7144
93.974
191.151
57.6423
142.69
33.2413
93.7522
145.536
160.188
29.673
27.9508
57.4278
125.169
90.5075
34.457
187.845
96.7509
42.8738
137.619
52.6719
32.4983
94.8487
243.124
174.676
54.148
82.092
112.872
101.873
39.6242
123.559
144.149
74.5821
213.439
165.325
49.8232
79.0644
46.6585
44.0529
171.895
202.942
42.4046
153.767
30.0834
27.0284
28.3129
46.177
92.684
30.0362
225.901
46.5895
139.926
179.566
42.2816
155.378
207.603
37.5312
31.9124
37.8369
99.5819
89.1903
75.9555
45.6468
50.6361
102.054
81.0712
44.2035
71.6862
254.836
78.383
52.6062
107.631
211.828
75.3013
82.367
33.7703
88.7157
94.2451
48.941
89.6969
213.649
69.289
31.2917
30.2588
106.125
120.128
122.479
65.807
96.6542
92.1743
186.131
137.048
198.642
106.367
232.29
73.9515
78.8132
38.8993
65.7143
69.072
120.13
85.878
29.6839
42.8815
94.7351
62.8075
57.8622
34.0814
70.6096
216.559
121.663
107.21
133.848
71.4361
79.6867
28.5225
53.9594
54.4544
136.987
55.1614
38.9486
189.142
76.2782
49.8784
102.342
48.323
43.6045
29.2417
38.0564
81.7067
115.246
135.62
49.889
163.886
80.8215
37.2092
31.6308
118.767
28.9294
183.733
250.688
153.387
94.5647
29.6558
38.4522
52.6417
30.9252
58.4999
196.426
65.0509
89.607
115.316
76.5097
105.032
70.0267
40.5936
36.9154
55.7351
241.782
116.48
134.379
31.2726
46.5602
107.138
116.171
59.5501
146.476
60.442
167.835
74.2629
31.4435
201.585
50.5409
29.3056
154.478
61.1264
42.8092
73.0497
165.597
34.7563
55.1057
139.621
53.9514
38.6421
38.8621
109.442
157.825
173.356
214.452
124.119
67.076
83.6728
52.3741
133.045
61.2558
49.7961
28.6382
27.9294
83.4587
171.758
169.068
46.3053
147.272
70.2097
139.732
48.6739
82.2035
96.6461
31.4541
171.684
112.555
62.5308
26.6783
253.793
53.4447
52.1285
154.704
98.4587
29.7036
35.94
135.226
88.5643
63.7502
51.0182
61.805
55.9834
169.312
93.6469
31.4029
47.9962
135.307
66.8337
58.6349
154.831
84.1105
35.204
26.4755
87.9705
140.676
82.3073
81.2374
134.414
256.52
158.703
63.2705
32.897
71.356
28.0048
27.8055
132.59
37.7127
138.339
35.0745
87.8944
42.1167
51.6425
45.997
53.7451
173.657
126.395
44.7321
142.464
118.472
119.758
81.5881
255.766
56.5508
43.4407
64.9924
72.8133
133.095
162.762
106.248
205.555
29.3897
141.494
47.7019
58.2111
54.9005
108.053
41.3547
209.18
183.645
67.3075
108.517
70.4904
180.337
103.6
140.412
74.3772
73.7786
47.5381
51.1413
92.06
32.2577
92.2027
197.031
160.477
34.0321
101.273
47.5804
70.0737
49.1024
93.5818
125.632
80.9246
46.4422
43.2498
28.8314
36.139
120.473
127.128
233.831
117.29
50.0465
38.1087
34.763
200.365
43.4994
53.8664
50.0483
173.268
141.588
238.272
55.003
78.0267
48.3545
37.6622
221.55
148.602
235.168
91.9501
72.7244
262.634
121.272
203.333
51.3363
146.072
71.1388
60.1856
55.6591
30.014
114.189
56.897
33.0158
32.9929
130.998
133.368
104.188
76.3241
74.498
46.9492
46.0045
48.0123
54.4236
162.383
32.2654
118.927
226.384
96.8231
34.1944
33.2334
71.7488
126.824
45.6839
65.2705
77.9311
58.7138
69.6382
160.927
136.245
127.776
62.4124
45.6777
84.7017
34.0458
87.2732
167.527
106.331
38.1249
34.9233
30.8305
137.593
160.854
83.8936
43.2316
31.1449
30.983
144.64
97.1425
242.364
39.2887
51.7424
154.653
59.6409
46.1512
26.4591
36.054
71.4704
81.8743
74.239
116.981
34.3322
70.0653
77.8189
73.1769
102.442
89.1792
50.6674
157.953
209.255
79.1439
55.2655
226.758
117.772
41.3822
102.97
233.732
70.0875
46.3289
173.569
32.1191
71.0606
40.9
92.188
158.017
40.2015
156.256
30.4341
199.381
33.1484
189.92
33.9509
195.354
50.8326
28.4033
36.3275
56.0438
32.2822
51.813
107.113
52.0174
241.073
100.723
57.7167
184.589
58.8857
108.504
41.6612
30.6115
39.0264
186.774
75.2812
109.42
118.309
78.2538
94.0423
118.067
69.095
37.9684
246.322
118.027
81.4055
106.717
166.194
78.9573
160.62
113.692
176.615
51.3022
59.6632
200.676
43.5404
206.662
46.459
123.088
159.381
223.571
27.3097
36.1024
95.1297
246.472
28.9656
72.6001
36.6871
30.762
55.6474
79.7414
72.2841
93.7665
107.292
39.0201
37.1334
65.8528
81.6419
61.5152
83.7387
35.54
29.7774
57.4887
57.3437
40.4744
178.302
71.1806
37.0152
123.708
34.3563
31.8544
48.1616
45.0345
69.7487
172.243
61.9073
65.9853
84.5352
76.4125
91.1996
35.0669
80.9171
101.032
46.5906
73.6321
122.427
72.8788
49.8941
79.0422
40.7888
35.2155
104.041
52.9341
34.6894
151.347
50.8098
43.4426
119.122
105.162
88.7363
34.8492
165.15
31.9885
91.5352
59.7018
113.433
58.8782
39.8278
29.9833
128.073
38.785
191.351
75.53
233.365
31.0855
43.82
142.532
68.5112
66.7159
70.2316
85.6211
239.923
77.2494
36.4822
47.5086
60.5789
29.009
81.5071
163.341
106.005
102.023
63.6566
107.587
41.2276
83.9476
96.8398
186.581
57.3782
162.219
89.6687
75.7761
68.1141
69.0992
54.9227
94.607
68.8896
31.6764
65.1092
41.67
42.0332
103.668
97.6051
37.918
57.326
184.285
142.867
199.882
109.482
48.1163
42.783
220.269
87.4959
61.7146
33.28
110.848
61.0911
49.2743
47.0475
129.767
63.5659
39.5232
55.3111
59.5765
168.493
62.2569
92.227
40.4172
158.722
144.557
71.5035
134.784
138.986
87.2378
42.0296
57.9696
26.3772
256.061
162.962
50.7488
51.5916
31.0999
53.8343
70.787
230.753
32.6448
36.1316
30.6379
234.635
45.0809
42.3899
28.4423
76.2956
148.675
230.241
28.8722
83.9071
63.3549
39.3252
69.3377
51.8158
95.6298
141.217
159.49
165.777
231.418
259.45
47.3933
81.8457
67.8529
197.292
87.9313
66.606
234.904
51.6109
64.497
38.6716
32.3085
188.259
122.71
64.1186
61.161
43.4086
216.887
49.5758
78.7103
45.2881
83.7238
159.016
74.2749
31.1999
132.826
34.8109
61.1802
42.285
30.4207
120.801
95.3031
164.242
184.838
73.8604
34.1986
60.5746
64.7983
83.3547
85.5517
108.498
81.3374
151.73
230.808
146.337
124.703
175.962
46.3367
195.569
186.077
138.756
37.2717
100.251
237.579
28.9383
161.217
26.8825
140.697
39.982
41.053
65.7423
26.5162
52.7751
58.1145
55.6504
223.205
184.339
134.168
133.908
137.356
89.4628
45.1491
43.2663
258.387
58.2451
82.8717
30.5135
59.6782
65.7951
191.569
28.1492
64.6781
108.539
32.0596
122.613
263.171
112.38
64.655
66.6797
152.134
60.467
93.4737
78.2782
42.5852
155.708
53.8013
39.5255
99.9785
65.3371
97.2484
114.233
44.2339
38.0863
56.6994
70.2244
92.7559
170.249
36.2233
125.716
61.1342
52.5031
181.348
144.215
208.992
145.518
201.2
68.8035
167.03
36.6929
89.577
127.561
85.4843
221.37
27.354
45.8969
90.7023
85.0757
255.961
33.8697
97.6106
76.1791
57.4589
131.771
117.825
80.8848
29.7044
34.6798
141.437
78.1265
35.412
59.8334
54.8357
127.305
58.0384
116.59
40.2557
164.36
107.012
45.8696
171.725
153.971
248.147
111.387
32.4789
61.8465
78.3999
65.3599
92.8128
123.678
42.3094
221.012
105.74
38.2977
71.8082
53.4038
27.5778
48.8611
103.999
124.544
59.5944
116.553
70.0345
77.0175
160.895
78.3009
53.0759
28.6975
50.938
44.3197
46.9669
133.649
81.6609
145.521
37.6901
126.979
68.5093
109.523
45.3248
82.1003
148.587
29.1826
36.4184
84.9859
31.9474
48.0715
74.9989
114.268
60.4278
64.1328
60.8913
145.705
40.045
130.025
117
39.4308
75.6246
139.552
106.044
33.4194
122.663
68.9837
147.255
142.989
156.405
123.068
36.2401
48.5913
76.2855
60.3445
101.367
117.376
66.4572
175.647
57.4493
67.7069
40.8599
65.5765
46.0358
111.204
81.1316
80.1108
46.3697
28.2685
167.854
28.4213
167.727
27.7765
49.2219
189.489
66.255
108.502
27.9965
105.918
120.701
124.623
200.457
44.4317
49.1618
115.713
106.891
161.817
163.998
70.5501
162.516
43.1159
93.0029
142.956
114.884
250.44
67.4349
151.295
40.7407
163.163
26.8951
63.6249
223.102
45.8026
38.04
50.6545
100.366
26.819
75.0007
42.501
39.6724
60.0155
49.4584
166.072
39.2476
71.7609
140.29
100.344
28.363
56.4299
45.2525
43.1028
194.592
178.402
74.5594
33.9598
36.8401
201.924
89.3336
62.75
82.5706
151.274
41.0222
58.7478
36.7
45.8863
120.481
163.731
51.8601
29.9728
32.6804
34.7371
124.037
47.7846
27.8656
43.0636
30.2333
119.338
40.1552
68.699
42.0582
59.312
43.656
77.2338
39.4021
113.485
52.2839
207.769
254.946
30.1584
237.426
80.5778
91.098
50.1704
84.4252
44.7852
94.914
70.3947
42.9998
164.866
45.6766
44.3942
203.508
35.6718
173.354
129.146
34.3898
53.1187
204.948
131.264
70.4749
26.5414
53.2859
89.6059
71.2059
82.1468
39.182
128.065
43.2675
82.3546
73.4913
63.7083
47.2971
110.323
38.1335
244.766
153.965
71.8257
172.595
50.3003
149.86
36.9919
80.1083
63.0272
40.2512
34.6212
33.0641
45.5052
120.025
194.506
156.409
54.4329
31.812
45.4406
70.2225
43.1959
198.924
51.3634
130.369
106.217
72.8782
37.3151
59.8136
65.0053
131.615
47.3753
121.246
97.1923
134.139
142.263
89.8035
89.2311
92.1109
47.7802
62.6964
128.689
29.5516
39.1185
42.4235
117.156
155.173
38.1163
42.9397
177.359
87.727
74.6797
37.5747
55.3646
172.963
105.758
91.7992
96.902
135.114
39.8881
195.568
73.0228
59.9424
75.3038
47.6573
71.7536
44.4976
37.0075
79.6173
130.126
122.41
79.2806
66.8918
113.985
38.1859
45.7223
64.8404
185.647
99.2874
183.205
26.3611
34.0745
46.4508
151.718
221.142
35.7275
50.1972
27.2532
94.6106
57.218
75.1794
50.6971
100.599
183.791
52.1867
69.8122
142.105
204.665
97.4032
36.604
109.023
145.205
44.3916
89.5636
38.927
32.446
73.2855
38.9603
49.5271
101.486
55.1293
149.622
190.408
66.2209
191.366
118.383
98.5771
92.3522
52.5916
76.7751
219.194
162.422
32.6846
45.4315
156.571
58.2805
30.829
86.3872
56.3628
28.1715
233.089
140.815
64.6689
51.9947
100.438
237.189
78.9564
45.3691
44.7187
26.9412
125.79
60.3982
193.94
99.4293
40.7439
198.051
52.7697
92.3067
57.7173
43.7524
92.0874
41.1862
172.329
41.6342
78.4959
55.0976
59.6272
94.4901
121.472
31.5493
52.1351
95.515
74.8259
42.3464
87.5025
69.7449
241.166
29.9484
206.604
73.6071
59.7397
48.4681
41.1372
143.97
66.175
39.4739
91.8853
41.7198
89.5454
104.709
41.6827
32.1867
194.859
63.1146
128.916
83.8216
55.8002
232.627
47.751
33.5742
138.284
30.3663
136.92
87.8516
51.6617
73.4987
192.324
78.441
87.2869
65.9244
203.099
159.694
29.67
34.8384
110.858
48.8524
123.889
138.896
72.7241
159.575
92.0522
108.434
79.3116
33.7322
75.4485
96.7444
37.4727
74.014
253.483
68.8366
136.346
92.2368
38.0132
32.2876
206.739
84.1368
54.8161
108.889
39.0576
54.4851
160.852
32.2656
63.0581
96.1675
77.1262
27.7121
55.073
43.4874
32.932
99.4207
88.213
43.417
27.4621
34.6193
90.124
52.4382
103.024
54.5981
172.203
67.7849
98.5711
166.822
40.4941
50.8974
55.3094
83.4589
58.8359
36.3235
146.657
28.545
56.0404
134.65
139.388
41.3648
112.891
117.247
83.3623
49.3928
79.4418
31.7651
214.269
84.7337
43.699
42.9477
147.22
165.092
73.1444
43.644
32.7624
90.8338
28.3984
123.98
188.788
44.7875
80.8462
210.811
178.947
27.1878
204.775
92.2308
35.8472
141.277
241.808
123.647
67.745
202.535
45.0751
59.5384
84.2915
159.072
26.7857
35.8391
33.6413
39.1526
29.2052
116.966
75.0224
88.6916
39.6
125.541
72.529
33.4123
90.6499
142.146
133.409
38.3507
123.905
42.4914
38.4068
200.017
62.5748
72.9797
124.019
142.056
27.8285
26.7489
60.9278
82.5592
63.8534
229.534
108.745
132.02
98.2488
82.6448
41.8856
196.93
149.75
55.9832
121.445
94.8768
47.9778
147.918
184.049
50.437
31.8277
57.2211
28.5575
34.604
252.125
156.254
218.257
38.375
103.705
86.5006
156.027
39.602
56.4053
224.563
147.991
43.6284
110.717
214.63
40.1175
28.7078
113.043
60.2555
61.1889
45.8377
55.1371
150.507
44.0448
59.2208
140.87
106.079
71.0924
208.441
33.7304
50.371
53.0398
32.3283
57.562
37.1742
117.555
108.013
143.421
56.1872
69.83
42.8006
47.1403
107.01
49.3687
48.9579
46.3677
45.8869
138.202
79.3759
45.0969
72.3579
243.429
62.7991
96.8124
230.492
167.448
44.416
111.758
56.9612
201.488
42.5527
110.535
77.8229
37.5424
96.8006
99.5592
118.077
36.3084
35.0873
28.6261
157.113
70.1523
119.916
58.5591
58.5089
40.9373
44.2334
98.9757
58.5901
140.295
101.444
40.4808
159.185
257.234
114.624
42.351
44.8394
75.1817
49.8369
124.231
202.618
157.607
36.3134
86.215
60.3237
88.8855
38.9381
86.5065
129.743
27.4324
112.05
37.5592
148.238
32.2269
182.391
50.472
76.7116
55.2594
67.111
247.772
158.599
26.3994
156.026
80.5353
30.4979
127.325
220.879
43.7045
38.6017
115.917
123.756
79.221
46.7732
39.7638
38.7186
135.735
29.7534
126.347
105.365
174.871
239.68
27.1063
116.81
150.216
136.323
86.227
124.901
33.599
80.4616
137.022
71.8228
44.6307
42.5932
31.5111
91.5901
30.98
114.188
37.2133
103.986
228.943
30.0953
80.0043
116.939
117.55
155.267
64.4721
40.2388
51.0551
99.2715
121.269
30.9437
34.3815
130.824
71.4822
28.8906
76.5059
62.6059
140
34.4925
52.0749
156.251
110.108
189.836
54.7392
139.071
92.0781
50.9514
48.4436
52.1964
122.403
58.088
103.679
88.7967
97.1612
130.009
222.33
102.643
177.796
59.678
74.5443
196.384
41.6847
31.1126
29.2343
29.4911
35.0444
105.803
36.1622
61.8192
75.1443
44.7689
99.204
54.3086
97.299
57.6973
59.9055
91.5425
159.537
65.0032
153.28
67.4182
28.452
30.3716
195.797
105.094
53.1459
78.3664
30.6874
35.3653
46.0189
112.69
36.0414
81.2134
100.542
60.0097
88.9206
28.3538
120.326
84.6799
112.293
53.8397
65.0737
62.829
36.1746
66.0704
28.9474
27.7197
117.125
214.047
39.2273
124.436
50.8083
179.271
162.655
217.771
157.235
76.286
53.3543
35.236
219.588
101.575
36.4758
76.3967
31.9034
120.127
40.6906
140.999
145.639
37.273
175.945
252.529
82.9929
87.337
64.786
100.558
112.037
71.4705
27.7881
56.4387
93.4244
26.4886
164.831
56.5103
95.7418
88.5612
162.738
29.6851
83.2722
68.1926
242.401
54.5503
140.794
64.0115
149.375
160.167
80.0191
99.9888
91.5558
59.4454
50.5999
91.0818
63.706
157.457
175.11
82.0349
41.4069
175.019
48.9998
62.0368
201.478
93.7289
41.1712
74.097
72.9088
26.6639
88.5511
32.4996
29.37
114.331
31.4966
65.6692
72.233
105.19
97.2638
110.612
210.914
178.935
46.5601
81.9317
79.9289
48.0046
216.409
68.8352
51.2292
119.265
54.9982
215.022
37.6203
30.5329
95.1896
105.24
121.124
162.977
35.8608
67.8363
43.0615
232.725
37.1409
52.4961
138.98
80.5606
81.7554
133.663
37.5619
125.96
99.0049
30.6177
107.624
157.751
80.9431
28.6784
236.328
84.0736
164.047
124.371
48.6495
27.5166
80.6011
69.8585
147.36
176.662
248.302
122.402
45.6909
115.3
79.9801
109.582
108.821
140.436
228.916
137.633
85.9009
135.366
86.2438
142.79
116.588
32.7566
83.47
35.2635
108.991
34.2157
125.768
204.679
135.297
43.4827
188.622
106.464
121.988
63.0498
36.4123
104.797
86.8167
75.1143
114.755
138.707
226.543
68.8705
180.195
36.5237
44.7737
119.719
29.9857
178.453
28.7136
129.423
117.489
32.435
112.246
58.644
84.0327
53.4444
169.099
211.042
27.3825
94.3198
39.3142
218.195
114.694
37.6085
52.4108
37.1635
61.6442
49.6836
84.6502
117.407
83.3069
84.1486
64.8549
68.636
38.4375
85.4049
158.89
230.024
117.181
63.935
58.2243
63.6761
93.4844
227.304
98.3882
160.863
79.1498
95.6905
40.6339
34.2907
42.7528
79.9685
150.91
46.1578
70.3189
102.036
160.613
126.954
86.0234
44.2968
89.685
71.7849
112.123
93.3715
78.4222
65.1594
107.546
112.093
32.9266
50.6434
113.467
46.7809
114.173
60.833
250.854
37.3898
164.024
162.926
237.913
159.151
136.601
33.6582
29.8014
115.071
43.8235
177.605
70.4807
27.4359
66.2834
50.5111
158.352
121.456
66.6831
27.4581
49.3946
84.305
159.787
36.8429
40.771
32.4877
120.611
62.6599
67.4196
46.861
29.7991
46.0325
41.3912
119.786
92.2702
121.63
182.249
113.803
61.8811
86.0851
59.1935
60.4931
56.0855
38.2975
43.5512
246.9
38.9261
53.658
129.45
190.408
76.8864
141.064
67.7499
95.2149
37.437
56.3279
120.167
31.7629
43.8273
76.2687
170.511
37.2544
27.2162
88.0338
258.961
63.8675
47.0663
45.7828
73.3847
65.7677
38.413
30.0563
51.4751
62.9532
78.8612
141.392
45.6143
101.922
34.2941
101.057
31.1747
91.9547
87.6103
220.147
133.758
35.9898
108.715
51.1171
88.1136
81.865
129.197
155.162
28.6921
64.1711
62.9401
119.592
85.3098
42.1627
111.439
92.4824
181.777
81.5897
163.726
103.137
107.268
145.489
29.0738
114.483
95.0249
82.9912
76.9138
88.7919
136.625
61.3747
111.739
91.1435
172.355
54.0483
50.3589
143.848
27.7882
192.464
30.8014
72.2491
169.101
46.4745
130.191
104.519
109.429
231.826
107.252
75.541
31.0562
53.0339
45.064
161.433
38.1978
55.3885
156.942
32.5161
86.8288
70.4407
26.8323
57.9886
28.9809
40.7888
43.1216
108.122
46.4142
41.4436
115.276
101.428
57.8647
41.4946
30.0049
59.4332
28.4735
60.9069
160.68
27.7065
38.1198
79.1049
237.026
55.7584
52.2923
133.981
51.4003
209.917
112.138
124.797
36.0116
71.8069
26.9947
118.826
187.4
40.3168
114.58
100.894
42.7589
120.073
61.686
89.5079
138.437
169.791
26.6578
27.3197
26.7763
153.881
65.071
102.156
55.8066
45.753
141.161
152.525
227.658
142.97
27.6075
52.883
213.079
202.065
70.3263
44.3286
100.12
96.5076
166.761
90.0939
127.727
38.5491
83.8296
27.9476
37.0318
115.074
95.5984
139.071
218.246
64.9519
33.1361
46.0928
204.712
191.151
83.1534
162.506
63.6144
67.228
36.6019
83.0756
88.2058
111.423
100.02
83.1678
111.858
89.7308
224.53
86.8028
188.292
83.9323
90.7441
64.9388
66.2754
84.7592
31.5736
141.06
49.5302
100.636
148.682
33.0345
59.5392
137.86
116.892
164.957
191.778
261.659
122.154
101.794
133.597
62.7323
32.3346
27.7572
51.8991
44.6647
204.396
208.901
103.142
48.2154
40.4647
135.665
97.6424
203.381
89.2198
49.0539
128.927
136.825
86.2868
79.3065
54.9924
128.744
78.9619
68.6998
241.925
55.7579
46.4741
67.8606
83.5721
225.586
41.9592
155.977
172.325
33.4524
139.739
60.621
90.6497
27.4544
114.09
32.2535
26.6866
225.795
81.9423
92.2879
102.066
41.3989
41.3007
212.205
164.462
94.9706
121.537
61.9798
40.0565
103.993
38.5315
29.9124
32.0212
159.01
32.1549
64.736
91.0935
122.517
32.5782
213.41
79.3159
60.1504
229.292
42.4316
48.2953
78.4461
26.5222
92.3647
111.432
30.3977
65.2717
103.923
86.0266
64.4963
87.2424
95.9989
66.984
103.136
146.442
88.7808
174.118
73.0573
221.271
44.9228
86.6811
33.073
49.8174
94.0353
54.491
50.5682
60.8522
128.114
222.206
143.085
155.531
60.4445
41.1715
114.223
72.2899
143.293
226.749
72.8139
40.7957
90.815
154.662
94.2512
47.5435
31.571
182.048
62.6759
45.0719
45.3798
128.502
141.387
32.9288
98.082
44.7647
67.3667
129.869
68.6325
102.986
59.33
49.2067
96.3475
181.481
76.8046
38.309
258.124
100.954
139.351
35.4931
46.9517
57.0318
101.565
67.778
48.7518
93.4008
191.014
29.9079
131.881
148.484
56.8007
84.5138
28.1772
87.7001
76.0436
37.5118
170.374
73.1468
39.0984
53.5722
41.2536
40.6735
71.9009
51.2553
88.1604
209.407
44.1276
46.8634
138.734
122.439
155.654
49.6759
32.0228
118.344
92.8595
66.1971
69.4031
26.498
143.479
120.452
36.3214
158.507
42.9851
204.455
158.705
51.7498
58.0568
32.3843
226.115
72.372
50.6881
132.107
32.411
80.3261
61.516
31.8931
90.9684
66.2951
163.826
104.796
71.0539
59.8525
60.9217
39.4694
65.8087
69.4565
28.363
71.6449
29.0725
90.3427
65.3235
78.354
51.6138
105.302
26.7096
170.534
55.7424
188.217
238.734
36.1229
27.7021
150.583
47.5372
121.032
92.7201
60.0955
35.936
71.4184
94.9644
69.4665
166.136
239.439
77.4375
151.769
71.9653
159.417
69.2286
94.6687
44.6426
94.2485
37.4179
31.239
61.6506
70.0445
34.9364
69.7687
29.7404
46.5873
63.8714
199.434
93.4329
181.907
169.946
97.4561
65.1462
52.1564
39.5344
143.391
35.4158
142.468
37.5647
73.6221
29.3504
37.8291
27.5348
33.1373
64.6423
34.3855
213.16
51.7161
133.508
92.4335
240.308
33.0398
39.3904
105.473
29.4293
54.3961
252.466
30.1557
225.058
61.9712
53.0329
181.724
64.428
43.2363
119.811
255.62
119.215
119.963
52.4117
71.49
100.481
171.268
79.8692
38.4519
133.794
62.2569
105.525
73.0122
113.676
59.3481
120.946
123.02
28.5319
81.7065
82.6313
117.491
105.103
109.377
71.3454
93.3633
196.657
106.167
89.4585
37.8357
76.4692
92.6496
202.819
108.372
44.1641
56.2745
142.032
70.0109
257.471
28.8529
39.3138
88.3802
53.1734
41.5183
134.611
166.327
172.396
60.1913
158.473
46.0622
196.806
38.7519
76.5082
56.8611
65.267
33.692
44.3022
87.8121
72.1387
141.992
68.5622
155.386
41.2157
192.265
201.545
130.207
148.542
61.1239
60.4491
47.3318
40.5514
31.0562
57.8821
86.8895
136.244
103.24
113.725
30.6628
34.4055
76.5447
141.881
30.9618
152.205
184.147
70.2382
54.062
43.1576
50.8543
43.6188
101.931
135.424
27.8308
28.3822
161.714
75.5681
108.972
38.6306
78.0435
28.7865
95.3204
113.959
117.945
129.108
183.01
126.26
110.227
101.913
27.9699
98.6243
35.8157
184.411
87.0263
31.477
40.0671
78.7635
41.3773
37.2643
45.2399
141.223
53.3647
59.7169
60.8118
166.291
223.989
50.4229
140.422
75.3901
31.7702
161.186
93.9623
30.9133
158.89
145.334
30.7003
75.8622
83.1452
77.3126
113.402
31.7929
74.7261
122.973
61.4762
45.306
46.1056
63.5713
49.4649
165.238
87.0281
102.759
96.2322
31.1687
97.0671
69.6496
27.1707
32.3781
38.7778
30.0777
30.6688
125.53
45.3582
39.4761
28.2474
57.1597
33.8508
72.7005
98.1458
31.9614
67.1477
37.5113
247.526
111.571
129.093
33.7167
58.8014
78.3793
48.3388
108.328
80.343
46.1158
158.598
70.9521
45.7236
132.26
73.7724
99.825
66.1412
70.2056
145.084
57.8775
57.5502
34.2107
71.1526
195.844
49.1457
218.681
76.967
66.4709
139.745
253.966
56.3731
85.2532
32.3147
27.5001
160.417
117.868
31.4873
188.371
30.8939
79.3815
44.8303
139.598
48.6142
98.3763
144.766
141.399
160.991
96.2947
52.0255
82.3018
36.8175
159.928
96.4613
45.3208
64.1729
42.1642
74.6537
172.614
43.8324
140.063
78.6867
55.2746
115.78
49.4172
76.6072
219.544
27.0363
73.9937
34.4745
51.2168
227.119
81.0911
45.8644
45.1923
126.889
33.3017
44.0403
48.6023
61.7437
32.1709
38.9155
175.713
173.715
53.8485
81.9063
95.288
69.9701
120.396
114.298
86.9844
85.3376
37.1852
105.005
35.0764
56.7801
32.3241
100.728
41.9473
138.998
26.4538
83.5952
138.664
67.6006
100.216
56.3471
101.787
53.9061
149.232
53.1899
50.4677
27.0032
154.895
189.708
52.1582
83.0123
113.34
42.9003
58.2639
39.8688
81.9109
80.976
214.621
54.1086
62.0104
100.85
78.5117
44.4053
68.5969
71.3724
71.3168
130.682
41.0305
42.0509
44.9998
157.578
36.644
198.616
200.405
31.0539
76.5079
40.9065
63.1801
83.2413
26.414
33.9118
49.3004
52.6272
47.9649
108.826
49.9416
35.1535
153.166
68.1304
29.3963
52.7642
68.9394
52.0724
190.388
158.726
105.009
170.272
85.6461
163.614
41.8866
38.8324
97.6592
51.9032
90.5007
28.3035
107.069
74.8618
90.6657
46.8537
113.056
32.8178
118.341
33.6589
239.75
74.6497
61.6635
53.2643
115.532
53.7817
65.6733
54.7606
53.7501
123.527
27.6862
109.127
224.502
74.6186
50.3037
40.7395
33.4995
79.7522
68.0055
92.7853
32.1016
244.66
103.815
90.9495
41.5966
57.9268
63.9567
99.6032
56.7703
65.3355
218.57
133.312
29.4684
47.3543
37.6312
69.4709
36.3122
175.679
46.5905
104.403
118.958
86.0212
82.6772
104.097
78.4126
173.527
131.336
35.0965
37.3095
239.317
52.2726
40.4489
33.4083
86.253
146.623
46.1692
113.416
85.7335
96.7093
131.636
39.8785
33.1601
130.851
114.84
106.315
48.4055
69.5749
53.8887
59.0548
126.408
52.5401
83.3755
41.9939
33.2569
30.6746
36.079
38.8224
53.3958
58.1065
36.4999
229.912
83.4841
70.5437
81.0684
81.5516
47.847
33.4487
52.0466
66.253
228.097
50.2021
83.324
61.1259
109.632
66.6065
117.546
103.186
27.663
61.7026
89.6822
30.6521
51.7845
82.5977
41.1545
86.3528
57.9425
56.2557
39.9361
177.855
109.489
30.4548
108.139
40.4932
66.5063
150.685
81.3085
98.5686
31.2629
163.337
108.598
63.63
34.519
88.3871
28.554
32.6877
140.544
143.356
141.008
160.907
78.0957
40.1231
152.999
256.259
45.433
77.4515
221.89
31.4367
94.6481
54.7492
201.931
50.4666
108.231
62.5161
127.115
28.37
36.0839
110.259
180.751
27.0203
81.5046
92.3339
67.8226
132.433
26.4696
30.9689
34.9132
31.0548
179.052
34.836
80.2102
51.0973
187.838
65.0817
46.5273
223.649
98.6649
141.975
54.8205
81.7988
50.4031
129.611
47.4326
85.6542
103.873
30.6972
118.331
26.424
253.411
56.5405
151.103
59.5578
49.4073
52.4275
56.0402
64.661
150.536
36.2614
42.0313
37.8496
35.8405
66.1653
121.977
87.0913
73.4474
88.3456
76.0335
107.107
106.242
52.2259
139.922
112.102
76.5047
37.8141
250.078
73.7023
52.9517
88.3379
50.6329
186.011
68.2144
124.773
148.175
161.296
235.9
170.606
44.7774
32.2187
121.741
63.4992
116.722
138.436
146.019
38.1535
83.1014
34.0663
27.591
88.267
107.942
60.9518
70.6649
59.6998
123.178
82.4966
47.5283
35.6272
117.171
51.2769
94.3204
195.788
40.2888
28.0275
46.7975
135.958
61.5282
35.2202
36.8771
109.397
148.864
168.683
35.4611
37.7933
40.6777
61.1009
43.35
204.413
129.648
60.2757
123.201
106.14
137.759
60.6123
76.3568
30.9735
71.4196
173.782
42.2965
155.714
51.8594
48.966
83.7019
35.5812
153.81
78.6213
151.36
161.05
40.0274
113.398
41.5255
76.1918
95.8547
68.2342
46.6025
29.2971
81.0826
110.323
31.947
113.415
33.32
48.4552
30.4009
45.7175
35.6339
114.58
43.1674
149.247
40.195
86.1115
61.0723
31.3494
113.855
89.8883
50.1916
107.792
55.2072
41.3441
32.2766
95.2018
44.9307
225.393
118.051
92.651
53.2942
41.9292
211.403
137.746
27.9517
32.8922
185.588
78.118
214.811
57.1067
140.128
63.6698
206.249
213.945
187.355
59.4536
202.909
133.084
38.7913
42.1052
130.56
75.5795
122.357
68.4549
78.6187
40.4275
48.8391
61.3319
49.2664
35.9926
36.5692
65.1418
114.114
248.224
154.103
87.2881
82.5628
89.683
45.6464
31.4996
162.511
63.0485
203.689
42.8592
70.7919
193.851
69.6687
38.7419
49.8497
101.295
102.424
124.071
104.888
69.287
151.87
165.403
54.6938
31.5823
74.8162
39.7862
150.969
118.67
36.4403
29.0207
38.9191
46.3375
74.0539
83.236
27.3157
61.3629
86.7847
65.7482
146.496
118.987
81.5426
46.6764
117.705
55.7122
35.7836
41.7555
87.8772
48.7811
88.7564
50.3378
91.4267
69.8752
134.138
135.655
36.1414
54.1637
247.308
59.9579
55.8753
54.4579
108.177
27.4943
26.6982
39.071
41.8293
53.9679
27.6273
83.1765
116.737
98.1492
131.915
74.7441
36.6323
27.9549
47.3441
104.028
92.6748
47.3616
45.1323
191.151
44.0714
77.1579
77.5882
54.8307
69.5488
38.0236
177.258
72.1804
143.676
31.886
137.087
50.7359
93.2504
49.0805
27.1602
165.503
198.025
35.8349
44.9863
96.7338
81.4285
261.458
45.8161
48.1531
104.229
57.4322
113.293
110.787
44.6826
38.1054
81.6997
201.45
111.469
85.6638
34.8244
44.8723
116.347
105.812
96.1324
82.6228
128.169
169.809
35.3677
78.129
57.2049
70.1047
211.204
244.69
36.2347
70.4282
31.3999
166.804
33.4058
30.0905
30.7052
147.342
159.778
111.55
103.555
30.1492
55.2208
135.86
96.5193
52.6289
124.165
207.373
82.6155
82.3006
63.3588
61.0224
91.3939
60.3082
163.275
116.824
49.9223
38.8061
30.1861
66.913
44.4391
105.48
112.909
42.9091
83.2576
179.26
81.6248
79.2803
75.0108
72.0696
84.4516
68.8268
111.281
52.6825
47.8684
28.6553
77.8487
103.087
116.725
188.901
130.446
32.5161
32.5563
104.059
56.2786
43.3297
202.374
42.8285
40.6603
113.271
50.7773
66.3608
49.192
70.2774
91.9693
27.0827
154.18
29.3265
38.3357
30.4193
245.414
156.731
36.8054
52.8751
51.9738
42.4098
108.081
217.234
54.9294
27.9283
52.1201
137.197
217.065
38.2975
29.9733
33.9482
40.2933
190.694
30.4408
48.3473
146.182
67.1109
126.633
28.5818
103.892
103.901
103.097
160.703
115.191
54.7855
125.908
31.0638
33.6992
34.4973
30.4873
107.048
116.393
112.925
34.2403
136.067
167.105
80.5611
44.482
108.688
63.3384
33.4788
173.647
50.4239
70.5777
52.0902
50.021
36.9518
235.318
42.9685
44.2732
124.473
44.9244
241.54
184.057
158.527
54.6026
39.169
106.856
175.581
122.322
53.0444
49.6847
114.612
103.969
137.437
96.6626
117.14
53.7432
65.2941
143.474
59.5374
182.086
147.716
95.3094
182.639
91.328
170.13
58.7617
34.8551
92.715
39.3316
187.891
148.364
91.6528
56.6451
110.565
54.7388
122.6
42.9313
222.643
121.354
38.5622
41.3794
27.7273
55.0328
85.129
146.724
37.6291
45.5266
44.0882
238.694
163.53
51.5181
81.0071
93.2028
48.6228
33.4117
51.2219
50.4455
73.8472
66.3485
52.8493
47.5012
130.384
186.152
98.5597
33.1881
31.5266
32.1759
29.1413
181.477
81.8961
68.3154
154.412
111.437
118.972
90.6177
164.171
37.3342
135.388
27.1449
69.4098
203.256
36.2033
170.841
30.7079
28.2022
90.5884
27.3358
75.9561
63.6605
82.5989
37.806
106.216
55.79
81.2998
95.7895
103.881
60.0129
68.7639
171.642
83.157
106.111
46.8844
28.3265
162.98
95.4603
38.9906
35.1295
97.4622
38.9729
68.6261
29.6016
83.6904
33.6762
161.614
77.4977
83.1245
133.05
180.272
235.024
66.5704
30.7132
102.643
128.512
97.7612
60.5915
134.607
37.9086
45.7618
40.7874
40.045
70.3583
81.6266
35.1181
40.0288
142.082
56.1797
35.5204
106.655
81.0735
176.987
128.225
168.333
40.346
79.2132
145.991
90.4334
140.494
96.1792
57.9774
189.027
30.6055
58.9485
68.0338
58.463
63.277
103.583
66.4119
82.9055
75.6574
44.728
34.5699
64.4936
45.0374
87.2898
207.272
97.2663
234.563
192.019
30.7593
80.5907
83.433
112.498
97.2332
130.257
91.7696
121.28
92.0202
34.605
103.788
259.375
94.4043
90.5832
35.4017
196.327
148.91
29.3191
56.7385
27.0308
147.809
100.835
106.296
90.2794
31.6648
211.708
195.898
49.2628
76.4072
55.6197
204.419
31.8257
74.9015
28.1756
48.6816
174.761
204.546
103.107
46.6219
118.71
232.346
75.0524
61.8645
47.582
209.408
193.757
146.343
48.4355
41.3682
168.178
140.149
38.3589
123.822
102.285
72.1299
105.459
56.7873
57.1979
55.5564
41.5165
99.7893
42.9796
129.823
91.0243
201.123
76.5152
67.7352
72.3183
155.578
77.9582
34.8857
39.1997
111.146
48.1094
55.6735
90.6465
56.4161
195.785
67.1217
202.476
34.1602
68.9372
82.7983
127.271
263.03
118.584
146.571
44.8324
122.213
92.6239
41.6302
68.8643
119.525
74.467
146.777
144.401
35.2175
77.8356
92.8267
41.3098
48.4552
59.0699
30.368
169.953
29.5517
141.893
58.5354
29.3383
43.4654
54.4379
95.7158
114.736
59.8918
35.5014
56.8177
55.3215
133.628
56.9266
87.0475
97.7703
104.172
189.032
49.5526
38.9694
163.937
218.324
53.5802
175.044
40.7315
165.152
57.9493
110.378
96.6793
91.9858
120.235
137.757
54.4833
52.1795
52.6887
55.1862
104.282
112.212
28.1243
158.925
35.1443
103.116
150.751
43.5877
74.9407
27.5635
73.1922
66.4776
219.593
144.66
109.862
51.6849
119.735
235.199
26.475
45.8345
33.0437
116.314
121.621
53.9712
62.6554
94.2427
161.855
65.5485
228.078
102.468
27.9644
80.4684
52.2985
69.1675
94.8179
208.569
44.8632
28.9866
115.04
162.875
37.0024
153.9
54.0003
31.4909
33.4852
140.148
36.1781
49.7256
52.9193
167.118
58.2641
114.25
48.2907
58.724
162.586
64.3969
109.728
70.1826
146.865
37.5817
45.468
32.695
186.832
27.6036
161.635
80.192
150.364
158.799
70.4472
67.9792
48.7426
41.8317
161.251
82.845
33.5482
54.0241
177.606
44.5917
251.455
66.8574
44.4696
115.762
99.1171
68.9443
74.286
55.4239
39.2205
155.295
182.328
85.4813
173.887
44.0103
139.715
79.8852
83.427
50.496
149.9
33.2295
96.0577
46.9314
90.6351
30.6664
57.6998
47.2224
36.619
31.6066
53.7615
32.8892
180.165
139.42
59.5213
31.3054
142.261
29.5317
86.4787
34.2191
165.128
131.128
81.2832
48.4342
201.79
47.9755
37.7307
146.456
28.5524
55.1419
46.2166
165.921
79.087
137.958
31.5336
119.417
89.6693
60.1977
159.782
44.4372
46.313
29.9713
32.8951
123.962
26.8621
125.469
68.3288
72.5279
32.6754
52.2945
48.9589
57.0092
90.9907
41.8959
117.74
141.801
100.852
81.0788
74.3909
35.2658
59.0622
87.7125
32.1838
97.5286
45.8477
44.7394
32.9465
153.034
53.6614
70.5013
60.9058
112.899
66.3894
78.705
28.0709
39.3286
90.4659
88.54
38.1138
62.7793
47.9709
252.783
109.454
162.5
32.1499
82.6552
30.9461
73.0205
32.3776
153.934
30.3843
51.9501
105.224
103.025
146.367
107.248
47.5875
53.0799
40.0416
46.1036
56.3993
93.8115
109.299
94.5881
98.9847
140.289
47.4838
86.3219
99.449
67.0495
202.687
96.4775
42.8061
58.7403
31.108
162.829
105.273
35.1487
29.4123
64.9545
60.8983
143.894
87.9828
30.5334
75.3313
53.6809
81.7318
59.1495
51.4097
134.311
162.879
26.8349
42.1031
123.462
87.0716
174.954
32.3145
105.391
28.3665
103.047
127.079
97.6111
133.184
66.648
113.558
102.93
64.4195
193.396
107.033
50.6433
111.571
65.581
93.8824
106.716
66.6821
69.3759
80.9417
68.5104
203.624
99.4259
134.003
30.5216
73.7573
75.8809
246.538
55.5132
98.5504
57.4808
48.2267
44.82
119.561
168.926
65.1911
121.726
108.135
81.8936
30.6873
159.254
86.9805
48.043
61.6204
76.8064
71.0075
98.3649
184.738
106.872
124.639
40.8104
85.799
35.1846
35.3091
29.787
203.438
64.7967
32.087
45.3205
147.853
42.3075
90.7011
89.9835
33.1396
42.4173
33.5166
44.5978
110.441
95.8856
121.865
36.1604
63.2444
85.507
43.6462
53.6197
87.0285
35.929
129.062
48.8229
97.6222
74.1996
32.6682
39.1635
80.4965
132.346
81.5612
42.9663
91.3615
82.311
62.386
41.9644
40.4915
133.075
221.152
105.75
73.7983
59.8829
94.3652
56.1453
71.9047
248.339
92.1514
37.1463
32.2451
57.435
56.3787
68.4344
117.004
79.4927
43.3047
56.4635
97.9196
99.7548
51.2016
78.7504
62.872
78.6394
26.6267
121.847
137.708
118.274
146.559
93.0534
106.559
186.345
167.124
157.732
43.0315
125.936
128.724
94.5193
28.14
95.5375
41.1101
29.3439
123.505
76.9969
116.571
34.8894
112.85
170.241
68.151
30.3464
144.125
66.4587
43.1246
224.628
59.5482
105.958
104.667
50.3033
74.1085
61.1851
164.631
83.2848
75.3218
82.8365
78.8324
123.939
79.3306
89.6667
240.732
78.9365
106.202
131.259
84.6802
51.3441
157.885
93.4226
41.6349
74.0232
62.0078
53.9888
147.377
32.6486
146.201
66.8227
120.12
29.2116
130.13
36.7687
64.2669
96.71
227.955
246.211
62.9396
99.6218
37.207
146.181
63.8725
161.079
55.3146
190.537
194.118
37.031
29.6612
101.202
59.1554
31.1168
74.3821
259.823
64.963
42.0439
137.727
98.6907
29.0215
126.419
41.2729
160.211
32.88
178.113
68.701
157.173
54.8484
36.5649
164.574
34.7929
50.8501
111.145
36.1997
33.1808
42.4126
60.0629
30.0746
39.9092
109.031
87.7113
90.704
42.3979
83.7105
108.663
29.2402
55.6053
30.1066
45.78
98.3301
47.6363
45.3066
259.052
75.6426
124.299
34.9255
86.6224
32.0985
44.3072
87.584
67.4517
173.108
50.4264
77.9651
161.097
189.889
67.8638
113.659
39.3437
98.7282
154.516
59.8012
104.685
152.844
106.507
54.6241
207.032
60.7537
82.03
45.1127
188.031
36.9696
89.1284
144.951
29.4373
207.485
185.059
172.254
58.4944
36.9739
61.8993
53.0794
29.7146
209.235
45.4523
31.6702
55.3289
68.1718
80.1367
32.4949
57.7714
103.056
135.728
137.016
52.5784
68.2669
29.4854
196.93
47.3731
212.309
95.6535
172.577
56.8445
116.626
43.2507
125.484
32.8065
142.232
232.442
125.247
29.8208
64.0161
127.731
70.4918
181.628
32.2137
30.2305
104.794
97.2044
30.3108
173.057
194.088
61.4094
163.808
74.4538
35.5773
32.0163
40.4734
66.9403
33.7636
110.502
38.354
57.709
87.5978
192.81
58.3125
57.9235
186.823
28.9295
31.984
80.0309
83.3797
96.4784
86.1884
83.811
262.588
88.8052
119.779
81.213
59.6883
35.6325
146.6
152.038
60.8073
28.5168
131.103
52.8233
223.436
192.843
247.413
81.9898
43.0891
74.8698
38.8345
63.0642
104.374
61.2894
69.8851
86.156
125.895
54.8116
31.6113
44.6676
32.2735
126.208
39.5269
40.4612
60.6953
33.8177
45.2079
91.1876
48.8363
43.3254
123.432
59.3703
172.192
111.566
93.7956
211.791
31.0711
77.5506
31.7129
49.6012
181.182
85.003
90.3097
110.854
100.326
116.413
85.7848
101.033
95.9143
98.7641
172.042
34.9327
44.6689
109.597
82.1039
198.493
73.414
57.8626
78.0467
231.793
105.763
123.382
34.196
108.74
79.4024
68.089
74.6202
164.664
82.4852
26.9145
192.573
159.103
30.7813
175.253
184.521
122.898
43.3637
28.0847
165.365
85.0084
50.3619
46.7372
62.5993
58.192
89.1778
77.641
70.379
130.197
26.9658
53.4048
35.8912
57.1828
44.8403
167.826
87.764
41.2989
143.593
84.2792
108.496
136.825
145.021
57.3431
40.0783
149.916
134.011
39.2288
149.35
31.9718
117.487
49.7704
138.051
56.5237
207.588
95.5213
94.6789
26.9817
83.543
66.4179
252.138
181.212
153.339
117.965
56.5108
34.3636
90.9759
68.1512
86.6761
39.0366
66.7378
49.3915
232.404
58.6594
137.535
72.5152
134.963
100.161
62.5751
81.7742
82.7003
28.6288
97.5955
195.091
40.8131
68.497
84.4617
59.3645
63.8134
46.425
199.426
32.142
101.541
209.043
110.156
81.0359
38.1166
45.0131
196.023
188.863
53.8451
45.1542
76.1184
68.6683
100.557
136.289
43.1823
29.3141
53.6599
87.5372
43.9803
53.4588
26.8427
94.901
45.8058
70.4381
98.1733
44.5122
101.163
32.1234
175.164
174.461
60.1132
29.9293
58.9077
43.1345
226.355
36.8329
27.1525
28.7125
33.3718
89.9115
105.322
154.976
168.364
32.3912
79.5213
141.986
59.8316
39.613
159.558
107.616
56.1115
36.0043
234.11
157.205
97.861
64.8403
47.6375
49.9054
61.0511
200.926
38.2022
125.074
88.8798
122.268
175.774
83.5192
262.163
93.7019
87.9171
54.8677
42.4195
59.6191
58.375
60.4567
89.8238
28.1632
56.6917
175.062
141.156
96.5009
44.0317
160.648
138.91
36.6441
223.612
206.718
173.562
122.95
131.177
55.6943
35.1326
178.83
38.8985
187.369
77.7537
35.5719
27.4387
92.5581
182.372
45.0388
26.5046
33.7991
34.1494
190.937
52.1393
90.3776
82.2455
50.971
101.301
47.8205
87.3836
78.6887
221.72
100.766
44.509
102.057
55.5284
70.3424
62.8697
185.723
37.9678
110.359
93.3199
42.4145
227.222
171.394
138.03
198.502
70.2375
80.7863
41.6952
261.777
221.153
63.427
91.2755
36.3729
116.558
238.718
52.8645
36.4409
29.5729
27.6763
87.1586
36.2885
56.5161
29.5071
58.995
91.14
69.2227
50.0658
116.84
38.8403
215.522
147.346
37.5359
44.4516
88.9043
231.064
88.6118
64.1512
247.069
49.3103
175.418
77.8141
216.574
41.6299
80.7096
41.2272
251.444
61.3303
75.4382
133.098
158.51
45.1645
28.7307
86.1612
68.3826
39.7835
108.249
166.753
45.4058
88.9283
66.0351
82.3451
136.472
63.2573
241.243
236.265
60.5541
30.7169
78.1427
175.81
75.8554
95.2997
38.9694
38.0841
36.9978
42.1668
39.9449
55.2153
62.791
106.709
72.9274
74.9256
55.5708
202.442
153.677
35.0697
89.0954
61.008
36.7859
111.854
89.796
50.4617
63.1938
232.676
119.021
149.977
167.518
106.792
86.2452
118.033
52.4621
77.9919
93.1245
64.5272
28.3313
242.306
47.1016
47.8984
48.2881
115.531
130.028
147.865
42.2843
140.81
139.904
145.368
53.9302
40.0321
210.416
98.7811
67.1802
42.6201
86.6124
78.8168
99.9226
40.047
70.8968
77.7681
63.6441
54.377
48.2341
103.053
129.896
74.7392
226.574
29.1128
182.383
80.8367
39.8967
72.5753
171.038
117.11
38.1211
79.6032
96.1974
201.065
45.2835
248.206
135.175
149.575
75.1124
36.0302
83.8997
239.663
40.2652
40.6708
212.415
36.1429
70.8417
67.9577
114.732
175.827
116.588
250.308
54.5381
157.682
233.231
45.452
147.811
37.9419
155.738
109.024
29.1538
98.6843
38.6573
48.9242
248.116
214.967
30.0952
120.775
68.9466
45.0301
110.645
72.0092
43.8643
41.309
57.1661
172.451
49.5588
83.8294
64.7065
145.764
55.5579
62.3783
54.866
42.4748
235.877
130.824
42.8362
32.4491
94.6376
57.4308
36.9861
88.406
135.699
160.435
145.899
53.0498
96.2105
49.6538
144.774
87.247
48.3478
64.6419
60.1731
111.446
113.007
86.1392
116.171
48.1275
174.676
59.104
178.506
92.5717
65.186
137.64
201.962
62.6837
51.5474
53.9205
200.057
40.2623
88.0388
56.0689
71.0932
36.8311
87.8198
42.1964
112.649
115.477
196.293
113.347
92.6851
95.5425
35.4793
64.2221
193.511
133.161
127.407
188.783
226.02
73.3587
97.1743
222.369
36.6745
40.8281
60.5386
116.095
93.9634
257.167
199.077
154.501
115.041
96.804
76.6157
210.425
64.969
45.2096
64.0836
170.153
57.0571
157.61
27.9588
159.282
47.01
55.0903
83.1156
149.592
190.339
46.6046
151.883
128.244
172.856
96.5107
139.195
174.031
131.839
167.639
67.8534
210.771
155.179
110.318
88.1338
194.925
120.03
89.6573
54.4591
57.4986
34.9535
98.4282
158.367
76.9002
28.133
188.075
41.4421
130.219
29.6025
46.4329
62.7444
154.527
55.4939
60.043
119.556
48.6671
49.0324
30.902
88.4756
206.296
63.7185
57.3036
93.7601
125.097
113.832
33.0428
148.959
32.9702
185.929
68.9936
30.2881
70.6359
37.7051
196.699
96.1244
57.5251
101.949
62.0254
34.3357
138.029
34.3467
79.7274
76.1245
97.5446
95.8358
48.5361
30.1742
228.217
243.915
63.0413
50.7917
160.795
75.7628
120.268
37.2674
60.4802
111.252
88.9843
37.8381
65.925
27.7742
168.206
32.6807
60.3223
62.3419
118.701
31.0531
30.2661
53.1311
160.367
81.4219
55.658
48.5041
42.8024
36.6858
74.2613
138.84
86.4907
74.1136
58.8455
147.659
26.7931
60.9466
95.6457
28.0399
230.155
70.976
27.8376
54.2824
209.497
39.5465
84.8351
115.524
219.261
52.3589
94.1171
103.409
36.5502
46.8611
27.6594
33.2996
53.9545
46.9206
29.4269
63.1217
100.225
33.8614
39.7303
74.5904
59.2607
26.443
115.199
75.4555
130.345
140.495
126.124
61.1519
63.8281
59.5198
200.759
89.9262
83.6212
91.475
41.9235
41.3947
212.375
36.1996
60.0606
30.9206
89.4913
169.318
34.8481
98.0741
98.8658
47.5981
47.6702
52.5696
86.4952
70.9654
49.183
98.3986
150.543
103.814
111.029
30.1403
164.053
152.895
117.175
75.9325
54.499
33.4027
83.2325
39.791
198.044
197.994
30.3484
80.3572
70.3877
137.972
99.799
27.9402
63.5982
44.1318
32.0417
45.6115
45.7676
232.285
254.103
61.7441
62.1956
117.612
130.987
30.3574
46.8759
206.539
126.047
28.6573
56.7954
66.552
180.313
44.2176
80.145
91.9943
54.5871
139.37
169.364
71.4173
95.4047
36.6516
193.514
161.771
75.658
182.88
105.29
34.5263
48.24
62.123
60.7318
36.8887
88.8594
156.216
28.4707
190.09
38.1461
43.2903
49.3904
169.888
40.5059
102.639
45.5019
118.204
50.5554
33.9339
42.417
86.6055
29.5963
112.472
52.3645
82.0599
60.4681
159.803
66.4415
69.991
27.6842
41.1016
177.128
33.1651
36.7994
27.8053
33.255
114.549
26.7758
59.6004
57.3509
107.439
36.8203
80.7188
75.9395
87.9004
224.729
124.019
175.116
59.7195
31.7296
37.4163
71.114
86.204
45.4018
167.393
192.654
49.189
28.8336
136.657
100.499
109.16
33.0051
64.6556
31.7062
100.1
27.063
88.6796
51.3506
222.132
124.393
166.307
208.653
77.6989
51.9699
37.5792
157.829
152.657
234.75
68.917
60.6828
69.6368
65.4753
89.679
50.6985
131.412
98.6826
86.2256
68.4992
28.6822
57.6161
31.242
40.9323
82.3031
63.3413
138.378
101.834
44.7636
48.8519
240.456
127.804
51.4418
68.0874
67.358
122.287
196.787
90.624
213.376
96.0989
103.804
47.6391
139.328
38.2873
57.4478
111.623
40.4111
88.4075
260.737
36.2271
33.0779
187.055
70.7129
47.341
204.217
36.8668
127.524
38.3062
132.798
27.0991
137.01
63.6003
74.552
60.9488
42.8439
32.1309
99.5987
90.8262
76.6891
127.615
44.2782
57.9804
79.0824
89.8042
68.3835
42.9228
70.0363
92.4609
99.534
103.493
40.1388
42.6773
135.732
190.728
52.0956
125.505
192.406
111.485
97.2999
94.154
171.923
37.733
95.5881
53.0904
211.59
137.672
49.1177
75.7765
66.3645
31.7574
162.21
142.419
68.6452
41.5802
59.0912
97.6611
82.3324
64.0924
98.5237
42.4604
126.656
62.7729
28.0618
105.384
65.25
92.4334
64.5545
123.816
41.2882
37.5633
92.3022
59.8242
166.009
231.998
81.6324
210.283
215.488
30.2724
93.2491
50.6189
47.2612
53.9287
68.4505
44.8519
74.7716
142.567
76.4679
61.0821
233.343
248.332
133.21
114.805
106.605
98.4097
104.031
150.614
74.7933
34.9811
38.6515
79.2764
130.842
79.6167
95.041
125.361
57.7153
30.1011
247.06
39.2959
150.334
114.417
207.24
236.772
39.0747
53.9441
60.3037
66.9498
50.2611
101.161
163.569
54.7718
66.4446
140.872
59.6657
130.488
226.827
76.4714
41.1262
85.4603
240.493
61.7189
176.922
129.308
116.909
46.206
36.1649
254.854
46.2401
213.978
81.5325
52.5506
94.7375
98.0589
31.2665
79.3614
196.624
236.871
101.846
54.0207
65.645
58.8262
70.0735
153.806
64.8643
109.934
169.311
49.1162
258.455
101.59
48.0753
90.9221
125.313
44.3609
118.872
113.084
77.4214
38.1865
199.487
135.003
100.497
59.7569
92.6481
58.3141
31.5163
39.1931
128.994
190.482
100.805
35.582
83.936
56.9554
42.5088
147.276
29.9401
106.941
120.462
87.3087
120.777
120.92
131.348
202.008
50.6196
42.5556
86.6484
174.11
77.5616
37.3275
184.156
72.8967
128.004
97.2826
104.46
51.5564
47.9816
45.601
141.398
49.4164
41.1261
84.5654
27.4251
145.979
186.2
259.899
43.6259
123.384
165.857
228.438
98.3687
40.8857
120.37
132.441
41.1887
88.8672
43.0857
131.283
56.0596
50.8487
115.674
150.165
196.58
58.0719
233.776
191.731
76.8199
57.6523
131.273
88.9021
50.1816
129.587
79.31
43.443
132.072
74.0772
66.7427
44.2234
41.5372
127.417
60.9721
32.4745
70.6286
71.2231
60.1887
91.9892
52.7663
207.277
76.698
57.2036
30.3746
99.9803
82.7465
59.7854
46.9558
80.3599
66.5321
45.4784
201.43
33.9291
130.895
32.6749
260.453
72.1933
112.693
221.614
108.925
115.924
39.2803
104.135
36.546
33.2808
120.626
110.221
28.1374
152.055
165.798
182.931
102.241
42.651
131.605
106.611
57.3749
104.995
34.8111
129.355
100.046
36.8176
53.1562
192.073
32.5046
33.4159
39.956
102.344
93.4428
90.6438
49.6441
30.6059
143.66
134.044
54.5562
37.9143
255.164
38.513
73.4987
138.064
176.065
30.8651
79.8264
31.5538
77.8256
141.054
85.4949
50.293
82.324
87.5819
62.173
106.47
99.2713
248.968
107.479
38.3978
131.714
29.0135
256.237
63.9616
58.0446
123.093
119.872
73.3572
233.031
126.318
57.8132
91.6513
57.3772
60.064
72.9502
198.131
95.9741
91.1501
60.1484
119.857
27.0605
139.295
59.1541
62.5592
107.493
61.1819
122.375
94.9997
105.583
60.959
93.688
257.108
229.887
122.863
95.2425
42.8653
138.654
105.437
49.9881
63.5882
79.0583
77.8212
44.3369
234.764
53.2452
83.5643
62.5177
80.9325
242.485
45.3991
132.971
151.142
91.9057
87.2096
85.5992
50.1085
203.992
53.9064
62.8875
115.557
173.835
28.1987
206.749
43.9746
134.932
91.5992
28.371
201.52
58.0009
139.445
36.9268
148.599
30.3899
50.7576
43.4059
29.7843
50.1488
68.7836
131.568
28.2903
147.762
115.565
48.6729
85.581
39.132
84.0019
166.865
59.7419
89.9884
108.147
28.1121
47.8369
131.34
89.8903
27.0106
27.1623
40.1357
31.536
111.428
33.8935
38.5303
196.163
37.6276
64.4278
39.7812
30.9894
140.937
96.8743
74.0964
44.974
70.2881
35.8204
174.286
35.3321
67.1569
46.3706
54.993
34.5365
41.76
58.3381
44.9632
182.17
41.8267
120.606
111.175
33.4233
123.046
199.071
201.516
107.118
53.191
94.472
65.6064
28.39
44.371
38.2866
154.407
34.8442
83.7449
114.502
168.44
80.4868
34.0546
195.278
71.3237
27.6976
38.5395
122.907
79.8427
238.954
178.364
41.7267
29.4861
91.4648
53.0544
31.5617
201.246
196.408
174.84
83.795
106.324
57.6166
43.9992
59.7079
31.2112
53.9008
167.153
38.0348
49.1836
195.819
108.09
32.4178
67.7061
168.277
35.9776
38.8057
81.8839
110.907
66.1433
70.3239
234.667
84.8925
115.851
65.7134
59.7055
77.6035
165.466
137.083
121.324
225.238
192.678
40.2261
36.2375
87.7286
26.4612
47.1702
126.814
103.086
35.4121
66.5743
200.414
113.755
165.839
48.5387
34.506
83.8177
181.261
44.7545
175.922
202.101
122.753
99.3246
48.581
69.845
172.475
30.3578
50.205
36.4424
218.271
31.2058
180.455
127.867
100.831
26.7483
181.273
90.0411
40.6819
112.846
42.6473
127.116
86.8169
81.5864
135.674
56.8383
51.8767
88.243
39.8611
149.265
54.771
110.567
78.0736
138.124
28.2298
37.3932
27.9454
129.585
31.1324
147.125
88.4319
132.014
86.6412
101.393
232.247
26.4502
213.444
163.66
27.7488
47.6333
38.3684
55.098
29.518
88.6586
93.3514
213.434
36.3291
39.356
143.024
77.0649
48.3696
97.788
44.2391
82.7185
36.4719
55.7265
141.299
142.903
51.3717
69.2663
41.4788
107.824
41.8176
91.3497
93.962
111.319
239.588
175.237
129.994
50.1504
85.3764
46.7405
32.5281
85.2233
91.5573
257.523
81.5161
90.7051
44.3906
251.954
168.638
55.5443
52.6953
71.4837
47.152
38.0782
116.456
75.1691
51.168
38.6732
44.9623
121.474
57.937
57.2145
68.9707
37.5134
67.7962
158.886
107.29
56.5518
50.2798
69.904
103.134
28.147
177.725
83.7271
187.71
31.2415
114.629
84.9278
82.2828
57.8708
109.276
99.927
62.9704
28.4328
43.1764
137.112
99.0567
60.4307
118.915
129.197
122.492
56.2047
82.7332
176.428
38.1619
81.5049
36.4519
83.3996
45.9198
43.211
117.17
97.8473
48.9622
147.005
236.183
49.5483
205.696
178.434
34.6745
34.7472
78.3587
101.961
65.8257
78.4344
121.446
83.1781
62.3241
70.8316
104.307
82.9577
137.874
34.4857
219.273
59.0673
65.2533
32.7106
231.15
206.04
113.068
193.423
114.442
40.9577
33.5468
36.2803
37.7948
255.076
39.1451
47.2979
156.382
161.677
86.262
30.0586
102.752
59.7278
28.6882
115.997
147.501
93.6075
78.7394
104.499
252.172
51.9992
200.654
171.177
53.3245
94.1783
57.5679
86.684
31.175
143.419
167.559
29.3662
90.5845
94.7834
92.6672
135.023
254.8
144.113
105.43
63.7382
34.7049
46.644
89.1851
133.325
150.933
124.395
60.6532
46.5437
51.0528
59.0666
93.8596
47.7124
194.94
46.7137
37.4125
52.6235
70.5832
67.8831
86.3749
47.316
95.2171
30.7174
195.265
173.17
45.1306
65.8395
81.6548
101.31
55.158
104.149
53.6697
57.8641
89.987
30.8343
237.846
40.8805
104.552
61.1009
54.4658
61.7817
160.179
135.087
38.2874
119.105
90.3161
182.219
49.3502
214.07
30.363
50.2091
67.8805
140.953
196.036
63.8374
28.6794
70.6577
38.9392
195.131
60.8035
104.735
196.223
198.045
256.231
112.721
72.4192
120.205
97.0371
128.934
101.823
68.6095
170.965
141.709
65.2052
44.9159
58.046
88.5492
43.346
119.976
103.836
117.557
83.5011
55.0636
123.759
49.8081
188.279
246.993
140.266
28.0878
89.529
136.099
82.6398
57.4221
119.898
161.085
78.7089
34.8046
138.983
44.9879
185.692
71.2737
123.368
120.949
52.6178
176.436
78.9593
43.2149
36.8324
26.9087
53.3712
187.774
59.0663
31.1114
41.9668
79.2238
92.0171
42.7836
30.8189
85.9221
98.7549
27.8702
75.0915
158.701
92.9614
86.2329
40.3655
52.5947
36.5409
163.607
97.8013
38.2901
43.603
56.8966
144.291
245.656
63.0249
140.745
28.292
48.0692
166.194
43.4279
247.313
46.6428
84.1672
199.851
39.8775
221.553
44.0605
89.9736
42.4176
36.8704
89.0256
181.653
49.4892
99.5911
80.562
43.8122
251.819
39.5008
120.316
79.1311
126.183
60.606
48.4301
157.407
38.8262
44.0554
115.203
61.7506
111.327
100.508
224.953
131.442
179.192
152.102
141.75
35.2437
48.7533
45.9627
57.3519
123.733
255.393
104.629
71.7417
29.9671
46.8433
166.727
52.7225
99.9291
55.2385
85.1256
88.0211
82.9936
76.3514
30.4467
163.036
87.054
138.848
52.5997
101.894
118.957
41.3193
144.345
42.5898
140.081
75.1672
46.6827
129.499
40.7051
61.0422
55.1204
104.196
54.1177
33.1801
81.743
50.4213
71.3715
222.366
132.967
41.408
109.25
47.2629
38.1384
75.1061
50.4261
252.913
69.5863
136.073
78.4122
36.4546
87.1949
116.774
28.9612
84.6846
128.419
33.1285
80.8625
127.402
63.6202
122.362
74.4183
87.6975
78.0911
58.9418
155.51
89.7274
140.251
137.322
164.765
106.998
236.695
26.7639
174.288
174.434
258.476
119.162
114.649
33.6072
49.3236
56.3348
103.433
87.857
113.797
36.4979
30.6009
66.8788
83.0927
45.2518
27.7154
65.2822
41.5954
126.838
86.486
52.4086
141.621
38.536
37.3521
94.9584
83.7557
66.8719
74.9977
31.6567
46.7452
42.4928
168.46
49.0165
90.99
192.332
28.8706
128.991
96.807
73.4201
98.4955
40.5369
82.2177
201.83
40.068
79.4749
247.313
27.9197
80.131
136.948
47.831
80.0786
240.263
48.5632
57.1164
61.7708
164.306
40.7113
166.198
70.6046
47.7978
67.2442
52.8258
40.2252
51.7387
111.01
258.035
92.5217
27.8773
61.0635
57.9939
95.426
45.235
182.133
198.648
74.1458
119.09
49.2469
114.723
84.6728
129.258
35.2339
41.4865
49.4077
36.9319
67.9768
118.376
64.6472
159.362
93.7201
132.873
75.5298
26.5105
39.9651
84.7647
88.2162
88.8472
59.4404
156.851
47.0517
32.4924
107.377
226.925
125.924
80.7829
198.958
50.3192
62.2964
27.4633
47.7726
109.635
81.4391
28.4043
41.3795
75.8983
40.6486
90.373
215.109
44.3445
259.37
39.4632
193.293
119.53
31.3182
141.326
74.0715
92.0846
258.348
58.6411
123.045
64.3132
47.0555
203.987
235.369
88.3178
133.599
39.236
33.9568
128.15
60.7967
144.636
65.1208
88.4599
87.4638
47.2913
61.3301
160.638
131.557
147.069
47.3509
51.2432
128.027
65.5224
197.856
98.2483
141.447
33.2087
47.4872
129.37
153.952
57.3707
58.7914
27.1246
57.4621
133.774
41.5562
119.058
41.0012
142.036
84.1346
103.493
85.5828
204.591
28.7618
112.246
59.2201
116.98
54.5909
103.881
76.817
190.686
141.33
42.3092
212.274
64.5989
107.371
33.6284
76.6826
68.6456
64.3041
37.164
48.4068
123.3
50.6328
41.3871
64.3104
125.438
112.886
36.3074
175.271
124.131
40.9349
72.1615
52.729
49.4759
28.3714
120.715
27.1955
37.1714
75.7132
96.1275
59.3609
55.9513
124.185
64.285
40.7683
31.3604
105.853
60.1779
29.0485
116.398
29.0083
133.487
168.284
190.144
215.811
116.551
108.878
128.801
45.9707
52.6684
59.2254
132.177
64.7435
137.075
46.7949
35.8352
84.3821
66.0369
32.3265
159.982
114.282
49.3042
83.0061
161.176
83.7707
27.0952
28.4378
42.8855
30.3952
27.4849
79.7189
98.823
116.964
135.686
50.0312
161.689
155.184
36.7639
45.8472
135.229
37.536
29.0665
143.167
37.226
28.868
195.164
53.1313
49.7479
85.4303
119.17
56.941
45.6374
63.7058
201.366
217.833
43.6788
67.2433
218.097
125.675
76.1556
254.268
59.0714
199.519
36.3202
95.9514
155.287
48.6234
156.361
95.9458
102.829
62.1569
91.3736
45.1431
197.598
255.724
123.555
48.0276
52.8286
55.5586
55.8478
124.145
191.991
70.792
79.9421
29.6707
126.052
87.4099
47.1812
81.9639
171.634
81.5727
46.0957
89.2045
80.7687
107.312
60.956
43.7093
27.6605
158.479
81.2013
187.134
53.6229
81.2212
181.494
37.0946
46.3514
67.0978
91.2162
88.6787
95.9374
37.2378
80.3219
114.137
34.3976
41.0692
33.3508
241.017
97.495
40.0999
31.9259
85.3537
249.768
42.9334
136.593
44.4408
88.0954
162.073
100.82
49.2703
62.3837
48.1553
76.9636
147.159
53.5326
132.303
50.9892
64.0222
42.5387
157.701
69.1886
41.4644
162.813
67.8344
30.4086
55.9808
67.2063
155.77
91.5461
251.989
66.4549
30.2977
139.176
34.4936
69.2183
69.4256
66.8043
78.3583
137.1
62.7424
100.534
73.4525
34.8903
53.8323
224.937
106.285
112.494
53.7354
95.3156
77.1567
39.4369
87.1722
65.7433
131.707
46.3778
121.063
39.8504
137.904
92.0474
136.006
58.0753
113.263
55.8567
55.3664
70.0567
44.2166
27.4106
36.8268
205.981
121.045
109.918
67.0703
45.3568
52.2774
168.586
77.7815
50.9564
57.5311
252.759
52.8841
85.7954
158.844
137.017
60.6637
147.773
132.603
57.0223
55.6733
68.3536
73.675
109.547
36.726
138.987
39.907
70.3353
27.1549
84.4445
183.912
80.2969
111.296
236.419
64.4097
67.9241
60.1281
53.1678
37.0556
116.621
165.45
199.552
41.0378
222.306
69.3069
27.6846
49.1939
71.4079
41.0496
146.911
127.692
63.6966
98.2329
123.725
40.9137
64.6467
80.0934
43.2986
82.2603
66.6192
92.6594
91.9333
36.632
34.9682
87.3961
119.193
50.8867
93.6727
220.952
99.5296
193.851
101.271
78.9678
106.387
68.7537
50.8006
73.0061
33.0622
196.948
52.1694
87.7061
74.3802
48.0966
120.931
199.635
76.693
126.323
155.462
49.2391
61.6554
104.062
39.9068
144.837
27.5653
28.2525
67.401
36.7095
44.9326
37.3324
247.824
41.0639
50.1909
36.9647
35.0768
92.1422
40.9245
95.1251
35.5652
87.8051
47.4174
72.0454
47.1187
37.5304
61.1361
246.033
113.916
39.7943
158.097
49.4534
101.133
37.2579
145.281
261.41
156.82
36.5475
159.728
55.5599
106.767
29.0605
46.869
95.4267
89.804
158.934
57.1211
76.6974
61.8142
139.54
238.619
89.8232
121.058
48.9888
98.8357
52.986
41.2959
136.712
55.2578
128.428
162.247
32.3746
70.011
145.308
65.0149
51.1522
30.2373
63.3941
34.716
38.47
28.8597
180.222
28.0861
140.763
77.5961
73.856
115.846
146.272
33.0493
125.521
38.3601
111.28
72.7927
165.287
26.6829
66.5779
67.4558
99.4096
43.2745
93.23
26.3719
96.1174
27.2851
82.5243
110.277
47.6532
223.7
122.393
87.3637
30.4108
37.8684
44.5384
58.1028
81.778
41.1288
118.623
52.1941
67.6136
140.95
83.9479
105.722
183.524
89.144
82.9497
164.704
115.581
169.368
113.021
129.706
43.9751
67.3018
37.5313
112.206
228.949
126.218
48.7547
143.847
83.1777
150.054
172.908
105.013
55.8734
241.258
144.509
37.8515
64.9903
38.1849
164.188
94.8162
114.013
103.581
96.1187
105.846
36.9992
42.5592
44.5243
150.123
85.9733
88.7271
39.0624
87.6709
56.3013
67.8669
201.12
42.7251
104.25
78.2982
39.8406
31.7011
56.7743
226.755
27.7961
28.4658
30.3335
26.8604
203.61
114.361
152.092
110.622
45.4347
42.4394
169.409
143.853
57.0266
33.3842
41.2914
53.2311
38.2524
61.247
59.5458
43.7376
82.2818
54.1984
79.9788
117.763
36.1291
74.6722
54.089
234.912
247.07
46.5776
125.677
73.4474
56.3697
59.0918
193.985
33.4196
49.2354
96.3186
131.434
150.936
37.1775
116.824
84.5812
169.286
112.163
40.7973
66.5031
68.3987
148.836
145.16
156.769
106.621
45.8299
45.0489
134.555
137.635
59.1848
59.9166
121.408
168.82
46.0137
35.0275
27.6429
27.8728
130.627
57.6939
86.4468
59.6569
149.021
100.347
62.8596
78.1482
104.734
181.892
80.1218
41.851
95.456
180.077
93.4923
49.3521
38.3357
96.9268
41.676
50.9557
86.0538
38.7802
71.7697
39.7399
217.405
36.9258
42.4648
112.296
42.8388
98.1263
89.0185
259.992
75.5031
191.975
92.7609
169.978
56.0754
35.8447
149.236
63.3775
204.921
44.2896
35.318
72.9235
67.746
98.7367
43.6964
128.08
28.0571
173.189
60.8052
171.594
176.982
123.023
58.8759
32.1004
29.7615
75.293
55.1576
181.481
190.328
75.8079
116.493
80.7793
69.9251
54.9081
206.989
93.2595
48.6345
126.169
119.319
125.126
59.3405
140.223
106.027
184.801
132.759
220.118
31.2749
115.428
127.378
67.1386
100.647
82.9995
77.0437
90.2438
106.846
37.0526
92.113
52.0413
161.121
32.8346
65.6308
29.7424
70.2234
102.803
41.2672
76.107
53.3122
102.599
43.0277
39.8037
117.396
255.368
97.6893
185.801
185.496
53.3317
105.87
38.4874
60.885
162.512
48.5511
107.094
170.302
78.5132
63.2162
52.47
48.1428
212.254
235.236
107.121
27.3952
46.2199
85.4969
38.1386
76.7449
48.6381
31.1614
85.7499
29.5758
113.077
35.8918
65.8806
161.265
159.532
40.3852
61.9462
124.189
107.383
37.4722
36.1994
63.8537
208.753
183.018
131.748
250.388
125.724
41.2772
57.3903
173.038
61.2098
145.516
139.473
77.0635
198.416
40.8674
80.3841
104.946
60.1177
188.444
39.994
77.5501
138.766
181.59
145.967
30.2145
37.6979
30.6974
43.1463
31.8579
44.0644
212.237
46.0045
138.645
132.67
69.5201
127.329
77.2895
72.4152
61.0672
30.0135
51.5585
38.3483
129.574
152.066
73.7661
59.1469
26.7948
39.6343
36.502
107.4
97.4971
29.9125
69.0519
43.2093
63.7966
150.723
62.8465
184.304
37.6726
30.5999
40.6046
154.304
33.8579
37.9164
90.9371
83.1184
50.9754
146.615
79.5962
174.72
59.8475
35.0155
31.2624
39.6875
75.6779
39.3734
120.292
30.7964
31.2947
33.4344
83.6857
81.1419
51.2627
75.8999
56.7552
53.7287
90.4518
39.7499
53.5968
87.6359
185.01
145.531
123.486
171.719
106.669
28.1477
63.7309
86.607
179.874
35.1283
78.5771
49.7706
73.0577
90.4096
163.136
38.2896
59.3798
231.88
59.009
178.284
186.067
123.236
80.1714
120.751
31.2883
42.191
99.5158
87.8496
42.2095
166.43
164.983
116.143
94.8459
232.416
120.154
88.1038
159.412
50.5717
35.4602
43.2342
46.0328
103.076
67.3292
61.9701
45.6381
98.7386
29.5399
134.302
46.6911
102.119
67.8225
39.5705
138.263
148.493
150.305
73.8197
78.7595
60.1501
67.2064
153.075
49.6523
66.1608
86.9077
127.769
71.1248
119.095
60.5812
36.6455
91.8828
74.2868
71.7376
31.9275
236.766
56.5154
29.8665
84.9521
43.2174
26.7503
54.1734
207.27
45.6653
54.4629
41.2907
95.6564
48.6864
110.379
59.9313
46.6921
42.3348
88.352
39.933
31.3644
41.823
119.989
64.5578
59.8777
161.31
78.6558
222.24
75.2747
34.7988
144.359
73.5434
58.3861
31.6327
110.235
79.0131
111.608
46.3613
35.818
129.471
240.98
33.1556
41.2631
32.7489
27.3234
208.946
34.541
250.338
216.077
36.4408
66.3254
74.7646
30.2601
109.942
52.4089
136.826
50.4195
119.915
124.839
189.904
156.494
211.097
79.1347
222.711
229.38
32.5088
109.96
225.975
50.6045
64.5193
54.9878
125.259
159.883
93.664
138.442
174.838
95.1516
215.939
38.6049
119.059
32.1945
97.8438
118.021
31.3299
58.4377
86.3131
28.3068
139.934
31.2286
85.7088
204.843
30.9309
45.7233
94.7492
122.772
96.3469
121.399
191.773
55.5176
37.0554
35.696
150.398
163.088
45.5503
27.1997
110.525
30.3734
149.603
163.975
48.4123
144.017
259.695
39.7655
136.081
149.297
85.1848
50.8371
131.229
49.6675
151.016
43.9156
68.2202
98.4741
155.118
46.6161
116.792
86.5443
53.3673
66.7379
70.8669
50.873
132.158
50.1599
50.0049
35.5185
86.6504
250.01
106.757
29.9229
139.495
98.6912
57.8757
67.2623
251.88
80.8748
219.522
124.974
40.3729
27.9312
60.0291
131.98
222.618
105.435
147.894
106.373
147.885
75.7126
210.636
62.5505
84.0535
203.199
53.1059
68.8447
77.7591
54.1429
218.53
42.5143
94.3687
228.967
142.258
170.845
161.182
250.396
106.994
93.1779
212.576
85.07
73.1844
40.0635
50.3379
177.842
47.4883
122.57
33.3866
44.2441
56.2367
91.8707
89.3634
40.6739
87.4573
116.069
39.0191
38.0077
76.755
229.582
30.9892
178.922
151.025
104.478
30.3187
100.574
49.4277
37.3724
40.0887
130.879
31.0313
41.1493
39.7646
54.2647
115.001
72.495
47.0337
39.3644
36.7834
47.299
74.5933
116.296
146.612
245.056
82.7294
248.789
27.4076
46.0552
61.4737
46.2691
53.1776
160.189
40.7193
32.8251
90.9431
199.977
55.377
60.481
48.7677
210.595
205.14
76.1072
130.361
79.4828
81.5045
43.9142
105.677
47.2499
70.4016
40.1354
75.1612
59.7586
57.3536
46.2246
45.5961
34.7899
79.5835
41.7137
55.1748
188.116
188.33
42.4727
66.3195
32.2041
76.4427
115.046
107.596
77.9886
226.493
52.2571
161.476
74.6867
46.0559
89.2015
50.8596
48.8201
65.4299
50.3425
60.9819
56.0632
121.692
129.723
50.8696
168.882
181.164
193.26
81.8103
184.085
73.4501
49.2849
36.8443
50.945
203.856
67.6455
50.6622
97.6875
87.847
138.889
27.1673
182.249
76.5594
40.4193
47.5043
65.141
262.278
162.083
40.4068
31.0005
108.994
105.044
41.8977
157.761
204.812
49.8445
144.97
116.385
51.2015
187.562
150.852
117.745
169.44
130.207
195.489
253.875
103.089
36.687
241.946
202.371
53.5334
85.8792
43.5595
77.2816
56.6865
72.9741
221.401
125.802
154.808
257.394
126.456
78.1363
122.857
146.484
84.2141
57.4352
90.1304
28.2152
33.9338
40.7027
47.2316
26.7801
89.4558
89.4837
245.901
241.789
103.813
37.9888
133.941
27.2033
86.0928
64.5544
77.3549
64.8475
182.926
109.373
77.3621
139.562
248.023
58.119
182.927
56.7069
39.6304
164.478
149.383
34.8362
30.2149
56.8821
54.9419
135.491
70.5289
30.6169
51.8618
95.9204
95.6748
122.932
39.5213
58.3133
58.8377
212.31
141.051
33.3008
50.2841
47.0084
55.9341
108.801
179.141
95.2445
29.5098
35.9088
66.7955
58.244
59.0999
33.1584
29.7411
41.278
87.0235
143.331
248.836
167.509
92.4637
135.662
184.598
48.5003
172.415
189.363
31.1097
30.8306
58.6291
176.177
114.813
170.834
57.7746
41.1323
55.2926
107.287
224.635
99.7628
29.6177
49.1677
40.7897
230.086
76.406
63.35
28.1969
48.0332
122.45
60.9633
146.331
34.2424
130.68
99.2177
30.9627
87.8312
38.6086
137.228
144.22
57.8199
121.925
67.1682
107.267
27.7309
43.1297
60.0116
182.094
37.5201
193.491
37.3059
127.505
39.3057
40.2815
34.9505
78.7653
128.701
154.763
76.2072
174.91
66.506
136.095
77.065
27.5957
54.9756
90.6752
43.6
33.1178
88.9976
191.727
91.3512
95.7875
50.5885
69.4664
65.7698
30.3349
71.414
64.4516
122.198
56.9236
63.9882
231.998
116.899
50.8936
237.136
68.8168
55.6778
38.0892
124.712
100.289
150.024
78.6808
100.061
28.6689
82.7039
66.0891
56.1265
126.6
52.7093
38.1875
72.9853
44.1285
76.2569
218.523
189.284
169.902
141.741
102.056
30.922
245.093
224.676
130.16
47.6138
87.6892
51.9813
86.9515
90.6543
151.177
209.248
73.4166
67.5546
48.9968
57.835
160.32
60.4614
68.6323
30.0803
83.475
138.22
53.4146
201.702
113.526
108.855
212.225
45.3167
254.497
108.555
34.9758
34.7721
253.26
64.0941
188.862
51.6751
201.63
34.4527
30.2311
53.0903
139.992
66.9766
75.2851
90.7243
76.1064
107.781
48.8566
65.1064
39.3475
30.9078
136.704
86.4296
46.0544
43.0958
136.504
40.7231
168.376
107.348
75.8294
115.324
35.1193
225.445
49.4205
34.4553
84.1202
101.119
130.916
53.2792
63.6833
108.572
55.1758
67.0051
136.181
37.0249
78.1561
29.8307
53.2827
109.148
134.515
191.39
93.9844
125.306
45.4383
85.7905
180.712
98.4154
29.684
92.665
102.017
28.7852
86.9469
59.9709
99.5807
114.681
40.5659
56.8762
66.6237
46.6181
211.795
75.1559
26.999
87.788
129.865
131.588
95.9251
108.816
66.0637
27.8248
198.665
28.6639
131.464
168.566
64.9378
31.0107
133.957
35.7213
144.087
212.058
46.5192
162.425
72.0872
185.741
79.3011
131.896
85.7402
59.4309
133.796
51.1828
79.4233
173.955
43.828
130.612
67.4053
64.4216
143.702
35.0974
51.1984
117.353
71.1961
45.6548
227.717
148.427
62.6724
85.9277
44.1629
82.7799
237.596
142.659
136.851
45.2553
38.7615
70.9805
159.69
27.8676
103.409
70.1716
55.1315
112.017
121.328
26.5396
212.711
205.768
43.8941
37.3984
82.0512
132.219
165.208
28.4194
113.921
27.3337
65.5621
118.107
227.987
175.691
66.7297
35.5099
128.776
89.4754
81.476
137.739
82.4994
49.6962
89.1177
64.0008
47.5357
41.2331
34.1071
104.347
97.6664
107.989
149.424
208.313
33.4446
128.469
226.704
69.9805
174.651
129.278
55.8264
64.3712
84.436
74.3822
71.1507
71.9516
37.5863
157.602
60.6256
187.695
47.7663
175.477
43.5886
56.2957
167.86
48.3353
64.0052
30.3559
86.7755
243.293
134.477
151.297
62.7313
73.908
46.2205
222.281
29.7809
159.329
97.9002
68.7358
69.5051
145.277
34.1524
80.6807
61.2806
100.637
42.9799
57.5242
181.178
30.4319
31.1593
169.474
30.7029
83.345
57.0249
57.9825
163.921
188.632
105.717
41.372
174.942
134.351
118.143
128.522
45.199
116.558
219.565
251.946
72.1311
127.194
208.023
38.4829
198.421
179.018
27.5479
205.648
41.5925
56.05
28.1317
91.43
70.7566
49.9929
116.302
79.1797
86.6457
100.289
144.302
101.817
44.757
45.1564
58.7643
36.0607
76.4754
107.497
109.289
250.26
178.446
95.6733
61.9552
38.0625
156.315
99.0337
167.94
188.83
240.768
258.777
139.834
85.6011
145.11
69.0889
47.6266
56.8445
28.3398
51.3607
181.826
105.532
64.1497
129.137
65.9932
34.919
36.8987
26.5087
85.7089
189.586
34.487
89.5289
85.9847
69.1546
84.3078
92.6778
60.6768
36.5007
43.3645
82.6109
95.2255
30.9394
63.4411
101.732
149.353
83.9722
31.0812
93.2047
61.1136
195.971
58.8351
38.3821
103.784
96.2821
33.7957
26.805
60.2309
32.5822
174.103
152.743
98.8424
81.3988
57.5195
154.703
57.9952
78.1161
44.398
139.004
28.5536
170.451
39.4537
64.4616
83.6054
124.153
227.175
174.639
42.6285
83.0929
56.2686
193.943
41.724
43.7601
31.9266
38.8386
76.9617
36.3965
78.2465
129.853
35.8652
30.5874
79.5887
68.5463
41.0376
118.052
167.384
152.057
73.8386
60.4643
60.9658
46.3543
39.2172
47.3687
71.329
209.392
212.628
70.8521
126.384
41.5209
63.1946
33.3644
78.6584
75.2914
65.0404
88.9829
65.9539
161.907
107.231
161.567
38.3632
119.984
126.438
58.1612
95.2911
180.437
50.9172
122.176
116.461
46.1855
152.37
152.485
105.544
55.082
110.883
99.2472
61.9807
71.8927
28.1272
78.6093
87.5211
99.5158
98.8275
137.549
123.102
152.577
153.483
188.664
88.1391
63.26
155.436
75.6225
31.6827
39.4529
33.969
82.7971
47.3623
177.727
155.095
81.9873
125.572
43.1272
64.8889
73.8283
32.8699
60.4517
28.757
67.7606
108.422
30.4765
159.112
76.0552
139.698
215.615
227.109
31.8065
86.6748
66.7445
54.5701
32.6611
98.36
44.1558
43.9122
62.922
51.5311
65.0479
69.5328
104.337
148.432
87.3239
29.1836
115.204
212.626
81.1841
46.5343
67.86
37.3055
261.715
53.9422
91.9686
32.031
34.1369
26.4191
35.2376
37.1929
33.5341
116.924
41.2861
38.2894
179.83
80.3125
31.4619
213.616
133.054
37.0441
55.0366
71.9392
98.8199
44.6653
61.7048
34.6073
56.22
63.0539
97.0801
106.867
56.1104
204.489
45.342
40.9961
38.552
38.2872
42.5908
70.5982
170.287
29.8064
31.1673
54.3824
225.607
217.898
41.27
95.0022
127.869
250.414
37.3456
105.226
72.1397
96.9562
33.3879
50.8009
45.4414
92.4711
28.1276
38.8358
69.1526
191.681
143.629
37.6688
80.5763
92.7268
116.62
59.0681
89.5183
75.6625
121.891
74.3786
153.244
220.209
36.2966
131.747
94.2428
29.1501
43.0774
185.68
50.312
67.5531
35.3021
54.674
118.472
121.422
53.5438
58.4685
131.528
73.5157
59.8772
57.5337
87.034
71.3241
42.4787
136.889
39.3493
43.6932
43.6484
26.5129
29.5897
64.2771
198.42
69.1968
197.007
49.4612
43.1857
82.5952
165.741
83.4548
111.822
159.113
51.3378
31.8722
208.064
187.349
72.6909
70.2589
53.2355
30.6473
61.3556
50.6874
55.0212
54.8203
59.7383
63.3027
32.1387
155.057
43.6689
141.962
51.0083
33.5742
86.472
72.9683
114.428
127.505
35.3182
224.47
83.31
191.191
34.4063
214.763
46.5223
52.4281
33.7089
105.3
122.387
32.754
42.0788
30.2238
89.9394
35.5449
64.5026
73.9935
117.329
80.815
49.0639
89.9469
207.777
50.6326
112.892
249.094
39.8249
102.549
44.7509
68.6253
41.8101
82.1656
97.6928
27.349
60.8102
89.8774
67.6729
136.188
107.14
66.1365
129.472
29.4385
49.3873
89.7082
140.701
96.2419
153.037
51.744
55.5155
112.391
38.8564
187.935
151.388
46.7707
35.7565
27.6207
41.4443
178.206
118.884
64.5417
103.729
248.32
117.531
135.643
76.3047
145.376
106.555
43.4816
28.088
117.598
252.488
30.7117
125.972
26.8481
83.2339
73.5217
50.874
117.615
28.6717
109.439
126.137
251.556
123.807
31.2768
46.0057
127.771
96.8388
54.3988
90.0421
48.5865
38.8021
51.4751
91.4894
154.005
138.559
165.914
220.391
96.0748
144.18
165.189
28.5453
83.6146
53.4067
222.774
43.6428
129.341
54.6513
88.9456
107.167
38.0482
80.9269
37.6561
55.5331
154.735
40.3655
98.2399
119.9
229.839
94.3854
105.817
129.199
60.2759
90.8683
46.9258
131.189
106.368
113.374
37.829
103.68
51.7943
32.8478
33.6825
141.513
49.7348
226.564
96.0713
29.9434
34.708
63.0891
38.7833
33.6817
31.0851
109.75
148.097
70.9879
102.959
65.36
63.3896
51.4685
101.078
40.7829
119.228
81.4631
119.101
253.565
45.2426
38.1413
38.369
54.4535
143.56
157.254
107.019
249.976
100.478
43.6276
92.9252
103.56
43.916
150.521
51.0233
87.0923
168.398
86.6877
235.794
99.9741
67.7366
91.5425
32.5704
193.26
200.173
71.9635
257.148
105.395
35.4747
135.609
50.2954
71.8736
42.2223
207.778
43.4806
101.368
41.3879
165.307
66.8572
90.7029
41.721
62.8428
62.4106
100.745
41.9769
58.2856
28.2255
166.855
93.1706
61.0535
125.694
143.414
58.4048
127.285
37.4657
176.886
35.6542
39.9297
54.1302
128.817
75.18
41.7969
30.0581
99.5328
27.6244
185.01
180.719
113.818
136.468
35.4142
261.46
49.6651
236.504
137.159
193.217
51.6694
36.7767
105.504
87.9833
69.1251
147.995
94.05
93.3268
51.9079
70.7165
48.7488
27.1877
37.3815
106.569
34.2188
65.8722
37.9192
50.2752
80.3309
51.0789
112.552
86.3321
46.3859
45.65
137.375
118.697
60.0582
42.966
43.4845
103.775
52.3763
63.4955
65.7859
115.713
44.7579
86.9845
41.6528
78.4209
130.817
89.7244
140.263
203.79
41.3106
33.0448
79.8086
46.0792
93.2819
42.5874
44.3169
86.0157
26.6216
203.969
173.187
107.853
61.5622
67.5622
158.814
50.8346
39.9951
214.668
249.065
29.1855
107.085
184.726
59.5151
32.8161
29.2844
207.329
80.7464
39.8093
38.0665
123.329
75.8397
40.9493
94.206
151.481
36.8037
53.6117
37.1429
68.9707
96.0809
32.5712
36.5072
79.656
42.6692
65.54
32.9978
178.93
35.0692
151.4
218.856
129.253
120.742
149.004
114.553
89.8456
119.152
47.0676
40.6478
89.1018
52.3248
42.2387
75.895
35.964
54.7152
75.9698
36.9824
52.3353
59.7509
34.8771
130.576
96.1703
30.4736
44.51
28.9161
46.5166
103.15
211.841
34.4999
70.3052
48.7751
73.2696
27.8078
56.7205
120.12
88.8159
63.5542
157.126
33.0534
36.9131
42.7515
100.723
36.9259
122.64
143.501
106.223
80.1609
48.1462
149.439
26.7902
194.705
38.0206
112.512
84.7179
126.274
42.1087
125.502
192.904
100.134
62.0784
26.3742
45.0829
43.2965
34.1619
89.1149
178.109
177.921
95.0593
30.397
110.101
47.675
61.6012
65.266
46.9238
118.428
27.9469
242.51
155.423
81.9324
65.7455
107.092
133.538
81.5959
70.1093
86.9844
160.642
89.0822
38.3179
49.655
63.2729
45.2388
173.766
96.9515
53.5771
52.6605
238.666
84.1483
55.4712
94.8721
97.1691
114.237
83.4473
135.376
46.4267
78.0737
166.171
43.1712
52.5044
50.5269
116.711
53.5317
97.9542
30.2777
249.091
222.439
55.0601
105.191
146.573
85.139
71.0326
127.259
187.288
130.447
96.4552
38.7247
67.7145
34.1109
31.2917
74.4064
51.0086
53.8764
26.645
30.1853
130.745
186.672
42.9123
76.2497
47.1281
124.593
114.155
175.831
58.0174
222.403
46.5374
28.8575
49.1254
68.3592
73.9143
36.0605
30.3131
152.385
47.0573
115.222
101.579
72.1035
33.6599
99.9404
64.6735
85.1651
35.636
96.2659
60.6396
90.0752
43.0843
51.5744
85.3337
130.256
29.6578
60.1164
41.3756
76.3858
141.173
88.7918
29.5403
44.7052
67.2519
84.754
109.383
30.0524
90.819
38.84
100.349
49.412
40.123
237.189
117.488
137.729
38.561
182.37
56.4185
106.81
82.7673
37.6177
107.993
128.617
78.3034
57.2449
172.985
102.699
56.9804
88.0189
29.1863
125.657
66.4856
82.6361
123.844
60.9974
79.4697
41.42
109.185
82.1816
84.8473
72.7286
146.436
60.3897
30.4072
123.074
147.307
87.542
100.307
43.458
168.393
155.605
94.3237
67.2541
46.3497
75.919
258.54
205.519
104.461
31.3258
26.721
30.2508
132.618
96.3063
45.9804
122.174
56.541
151.94
162.273
134.201
68.5493
48.6936
116.005
102.079
86.9335
46.5179
54.3073
194.928
114.515
111.691
69.8448
29.7598
75.8207
183.981
43.6146
81.3613
121.783
34.0452
54.2206
44.7935
186.606
92.2348
79.3262
121.255
98.6807
108.952
212.221
174.214
62.3226
89.8303
37.7694
36.189
166.957
96.5791
231.656
164.573
147.051
37.2495
28.623
86.73
51.8815
78.7738
71.155
240.253
41.3638
148.05
87.094
29.4487
39.8199
150.563
62.2487
84.9211
146.738
134.357
182.158
38.1931
40.2809
186.585
199.794
167.191
27.695
30.3599
55.0965
31.8564
61.1495
180.779
144.135
177.163
60.5957
52.5204
151.649
34.3404
86.9083
136.598
117.358
137.667
118.297
73.7682
30.377
114.997
79.1762
61.3641
77.5958
141.565
107.144
112.606
185.772
83.4601
231.984
40.0529
96.9266
90.468
80.631
44.2967
62.6078
42.626
46.1517
61.0153
51.717
214.629
90.6307
81.0373
63.3176
32.4337
29.2324
133.276
80.0485
115.249
70.1754
54.6722
87.22
31.5422
66.8989
42.2021
44.2732
85.5256
187.057
39.2041
36.2518
105.212
194.862
50.1803
45.8606
28.7918
35.6823
27.7264
38.3156
36.7811
79.7059
51.6414
64.5237
62.5258
48.4189
61.5696
101.442
262.33
36.6876
88.4626
66.5858
78.0991
49.3721
47.0491
30.8393
28.6339
70.9338
47.5583
58.3811
168.589
28.2372
95.0353
41.198
139.252
108.114
101.338
149.396
72.6618
39.8334
160.6
62.4684
133.247
195.224
104.683
222.08
252.189
57.2791
51.1228
32.9802
28.9414
36.3404
73.7208
74.2962
72.7434
108.632
88.1522
72.4727
174.883
90.4717
107.181
76.2798
167.186
55.8462
114.841
152.303
44.5062
72.8636
39.8314
39.4345
68.6012
33.8539
72.573
42.259
181.842
219.354
54.7006
32.6194
90.2329
71.9667
171.793
55.574
33.009
118.748
98.3717
35.1428
32.3831
67.3013
28.0546
119.491
59.3251
154.423
36.1151
98.1524
46.0768
29.0265
53.599
46.0646
46.1707
71.1712
134.815
134.779
119.174
45.3429
129.452
67.3748
223.424
167.295
32.7726
34.8628
93.3814
80.7634
54.1715
34.8296
52.1884
108.954
68.4657
76.0554
235.449
41.6648
44.7934
211.262
116.041
180.281
116.23
37.4023
56.572
136.017
63.9439
127.617
151.768
47.6123
42.2139
43.7602
104.138
86.9684
133.751
110.15
97.1842
186.949
223.557
62.7289
232.406
50.2325
44.9284
123.896
86.0727
71.1548
88.3084
91.701
44.8781
41.701
58.7444
49.1196
44.0432
85.6888
95.6657
224.185
90.2353
167.775
34.8662
123.812
175.959
115.891
93.0569
128.292
62.2775
148.877
82.8762
35.278
95.3007
59.5227
85.705
51.8161
127.55
70.6174
131.245
60.6484
41.7969
161.387
193.88
157.538
224.019
164.183
55.3454
103.55
129.74
138.938
101.964
94.922
83.4697
53.8686
72.5137
59.1488
100.865
36.6597
59.3498
164.461
58.4404
35.4193
83.5815
97.7531
55.7369
105.382
107.003
106.386
41.4393
95.5405
176.499
182.497
124.15
110.632
33.4212
218.138
51.4115
111.705
153.71
112.041
192.584
100.481
42.8706
52.0203
133.073
81.0458
93.9746
35.8404
65.4146
65.7322
101.567
164.7
61.0772
27.3918
45.4712
152.06
73.2623
76.2957
121.11
89.6862
141.59
69.3184
56.2639
43.9423
74.2881
140.478
72.748
100.008
73.0058
36.0597
54.0917
28.8308
52.8728
64.6892
80.4163
31.6311
228.303
61.9633
67.1506
38.7072
38.4219
80.1795
96.0013
99.8329
55.1954
29.0289
192.753
169.686
99.6008
82.3283
93.4287
75.7042
86.4222
65.3744
60.9517
212.969
54.4796
44.2749
38.2188
249.558
252.428
35.7194
98.4154
39.9267
48.3628
44.8736
83.604
85.0684
65.655
121.633
58.5535
173.128
91.9954
209.64
83.0063
123.378
33.502
39.4308
49.9418
120.115
129.787
138.207
50.9335
127.553
166.497
95.4959
152.622
30.3565
118.144
142.708
134.387
125.712
76.9873
98.8699
256.692
69.7698
27.8397
77.0577
43.2321
44.0664
32.0373
34.7727
45.4829
38.5816
48.3513
195.535
151.563
212.684
100.608
50.7721
242.804
195.383
37.0655
63.1819
180.922
167.861
29.7241
54.3758
51.0245
38.3327
57.0094
68.8247
147.361
205.879
26.7962
27.5903
50.5529
62.2418
35.7361
51.6816
51.4966
82.0767
52.1148
105.545
55.9309
59.9248
88.245
58.4992
35.6039
67.697
251.515
190.801
169.783
54.08
33.7208
112.516
34.2225
104.805
191.288
191.38
38.1152
151.921
34.4945
50.5216
256.138
40.0588
87.9362
93.099
200.433
137.922
38.0956
39.0829
61.4708
78.7306
84.1578
198.176
101.868
201.81
63.0755
84.9535
171.66
42.037
193.954
92.1589
46.7135
48.3203
255.061
49.6026
124.77
108.033
125.105
209.271
161.951
63.3376
72.1426
32.3009
29.2466
40.6831
200.779
38.423
68.8211
41.6719
192.575
56.3383
31.7352
184.825
112.572
34.1852
51.3858
58.6955
104.984
131.661
184.753
194.833
77.1356
39.998
99.5484
77.9334
102.099
46.2682
56.9634
56.0808
138.049
144.472
46.734
129.006
39.8687
50.2875
90.5763
235.864
58.0274
185.503
40.571
136.094
255.64
174.632
87.3369
82.3721
47.6649
129.823
51.1825
129.079
51.4271
36.1638
52.228
63.9621
127.509
43.9192
60.1222
74.8817
59.6809
56.6478
75.7768
79.2396
117.706
135.379
249.586
54.2041
47.643
138.022
32.4463
141.211
61.9672
69.7752
159.804
88.3583
214.782
79.3681
61.8202
194.578
118.474
161.257
182.553
60.8667
106.553
93.1805
53.3957
48.4405
173.409
31.9839
53.9549
36.1009
106.234
122.145
91.7074
35.5809
66.928
34.6994
30.9617
214.687
29.1378
157.685
90.5612
74.2197
93.6902
78.9828
123.733
120.765
70.9193
63.2255
70.3978
92.8734
125.283
43.0183
56.0818
95.4727
48.233
86.1358
44.0675
65.9555
43.7296
154.09
162.328
67.3291
153.763
67.3706
31.2023
26.4707
131.349
90.7084
26.5352
45.8116
32.6181
39.1777
37.7082
83.3075
188.829
64.7539
255.371
31.3906
36.6936
28.0209
48.1979
50.8215
50.5792
54.046
119.969
35.1958
189.816
130.469
65.7317
99.7903
115.159
27.0743
39.6504
38.2773
58.6146
75.6355
124.401
63.9983
135.615
180.862
31.237
26.9444
53.3973
184.956
29.9761
245.873
214.407
53.6248
177.367
99.2266
199.391
73.5748
61.4756
50.0027
162.79
39.0185
94.7137
63.953
54.6529
128.802
58.8355
117.287
193.2
118.347
56.5876
75.1362
175.604
148.529
105.062
26.6069
31.0597
107.473
228.418
75.5353
53.2846
32.1753
112.679
99.1161
172.155
81.5435
130.207
54.3263
35.7123
27.3695
53.2158
53.1613
74.4546
177.735
78.8764
34.5627
137.429
101.549
58.781
51.1754
26.8612
76.6347
94.9335
77.6886
112.783
32.1021
35.6618
54.9506
27.1095
57.3939
141.289
61.2453
47.4073
57.8084
135.492
39.9647
160.639
180.148
46.6106
134.415
167.563
64.6918
28.3022
93.6074
112.486
64.5847
196.987
159.296
26.946
177.724
41.8773
83.9786
159.102
80.0298
42.4783
41.4712
39.5711
117.704
110.028
176.617
41.8367
132.046
193.49
163.236
133.144
41.068
114.011
32.9501
70.6208
101.801
82.0631
36.713
48.7219
72.8809
73.2038
39.3277
175.006
33.1008
132.245
66.3607
39.8433
91.9193
100.122
53.132
93.8194
62.4699
98.244
162.247
53.6297
74.3838
76.0049
102.607
240.517
156.655
50.9415
140.476
56.3643
45.9695
170.334
53.9973
228.981
47.2635
66.5825
44.2859
159.313
47.6336
28.7809
28.0732
56.0967
222.673
132.154
73.2916
144.855
39.5152
44.464
57.7377
31.29
122.302
79.2688
146.588
42.835
80.6578
134.463
84.6519
252.746
171.364
57.1205
54.2516
46.5395
39.9912
192.163
55.6006
38.9058
143.99
176.486
136.875
96.0435
144.401
118.257
27.2875
66.3019
111.199
34.6003
32.9971
91.4415
136.365
117.816
56.1047
66.0885
77.5012
144.47
45.0152
103.157
190.672
59.1122
29.6789
115.695
55.8148
54.5668
121.718
92.1005
52.7943
138.495
36.0138
47.0857
184.811
151.41
38.446
35.4925
106.181
112.294
104.24
127.166
176.272
112.168
91.1203
38.5997
34.4218
36.9508
34.5531
78.2984
41.783
39.5285
32.4791
39.6599
51.1679
34.0232
134.16
34.745
132.51
100.438
63.8963
60.0909
45.3222
36.5682
61.4603
31.4703
95.2271
137.001
147.119
166.033
105.758
118.605
33.7801
57.974
46.7887
37.4715
88.1787
29.7111
72.1396
47.6207
51.2738
255.296
113.619
41.0789
57.2225
48.6014
191.064
186.437
34.7863
42.9672
200.56
43.5719
29.6259
62.735
90.1859
88.0863
82.7675
79.3993
80.5382
122.114
130.091
37.6563
50.7621
26.8733
43.0789
169.74
156.987
53.0105
78.8284
49.3783
70.707
67.3268
66.3943
106.831
91.1899
133.948
49.2765
78.0935
59.9725
106.487
209.308
121.421
103.006
54.11
37.7607
67.456
74.6578
92.7304
41.9892
221.532
35.0941
68.4316
33.3282
146.986
82.3658
45.42
122.582
54.7118
48.4555
32.2558
88.5739
216.674
122.926
230.459
31.5256
212.649
134.059
53.0326
32.8597
54.5168
113.673
60.2908
146.081
47.6536
36.9502
47.5992
95.5417
27.2921
55.0589
66.5293
174.841
190.204
34.9188
89.1373
135.44
42.2593
233.87
124.581
117.914
120.009
117.146
40.1332
68.7225
74.5928
37.5132
85.1862
65.5292
45.16
166.559
40.0811
68.2633
109.212
56.2758
134.1
227.602
74.5117
101.176
31.9607
243.682
37.7238
29.7401
64.5032
76.1163
123.128
62.0848
74.9036
87.2603
52.4621
37.1815
32.6915
57.0384
104.765
43.7617
82.1168
92.9039
44.166
27.2265
195.752
42.5064
58.412
119.035
63.7497
27.1758
205.361
76.7558
27.7151
164.954
27.3295
28.7796
91.0546
87.0229
44.9021
132.505
85.7046
104.255
63.5806
32.3147
127.767
86.997
31.6248
36.678
78.134
158.431
69.4245
48.775
35.3299
91.0861
30.9569
26.4316
223.361
54.443
45.3266
150.069
247.446
163.79
189.465
56.1505
48.9173
50.1703
48.8437
119.988
261.62
61.352
89.9081
250.654
212.943
96.4591
147.576
41.2422
103.435
60.5842
123.213
46.0168
72.3134
44.8879
89.0707
49.3203
165.748
29.6279
60.8279
57.1081
85.5021
35.2391
85.7976
54.7153
39.809
37.9605
181.231
39.8301
62.0151
30.7898
51.7834
118.072
227.778
26.9168
84.4515
37.6929
208.54
192.092
42.297
61.7081
190.989
89.919
92.153
166.532
34.1507
38.3303
86.9368
160.579
67.0997
53.2038
57.7272
101.648
38.3301
58.9509
127.646
92.0763
58.127
111.299
40.0849
181.198
176.947
138.938
81.0015
91.7336
71.9524
115.309
55.2247
113.323
120.672
67.8132
41.3217
47.3724
74.0603
58.8385
138.646
31.573
26.5567
212.503
31.2115
131.016
88.8885
59.5883
53.0868
243.059
99.989
96.6424
116.343
37.0725
29.7077
114.009
40.065
46.1296
103.034
47.0879
161.641
212.042
95.9867
52.3245
90.2181
200.024
246.466
40.1656
36.795
55.3707
37.6453
57.4396
167.921
60.6377
90.4635
194.657
101.601
65.3281
156.058
186.394
124.046
69.5309
138.499
87.8584
188.322
74.2359
92.1181
73.5382
64.2243
78.3411
153.594
98.2102
55.6189
127.241
139.653
46.1285
75.4973
62.9387
97.0496
37.9275
56.6567
56.2341
47.9381
28.0037
35.1421
79.6814
93.9845
31.0207
47.0297
152.212
39.394
26.7124
82.1675
58.0242
104.636
31.6912
142.452
69.0628
54.9735
108.199
49.9242
83.4965
110.974
46.1063
96.8365
70.7517
107.046
127.078
125.932
70.7548
75.8333
72.3167
45.1253
81.5738
113.087
56.405
100.868
138.993
71.469
115.388
94.7462
41.8419
128.628
138.724
30.0283
63.3717
64.4406
65.9676
142.756
220.802
62.3374
29.8885
103.636
83.7699
250.72
90.2421
100.337
46.2335
100.235
99.8793
114.826
55.1471
112.323
75.9497
82.0918
75.4535
31.9712
93.7296
67.3336
238.651
181.309
182.434
39.1185
28.1322
74.6734
166.862
58.0497
53.1871
34.3123
67.7052
66.9467
151.174
62.3161
98.9891
32.13
40.4757
51.5762
26.5815
39.9949
43.8998
107.097
55.6325
222.308
38.1952
28.7572
79.1161
62.8808
162.736
42.5066
210.474
70.2708
40.0956
52.5888
102.741
100.016
101.311
100.062
127.122
108.507
155.36
60.1127
126.036
151.17
131.567
44.0549
39.8282
103.433
239.544
87.988
51.7551
57.1467
38.1697
49.3047
157.596
99.4264
31.4145
140.526
72.2401
57.9084
109.45
32.5781
83.7451
59.9353
91.6557
85.3902
48.7959
36.306
128.215
78.1346
27.3729
52.2676
34.9512
98.4142
220.905
96.8137
46.3716
38.2499
83.0097
226.017
129.835
77.7861
170.504
44.356
84.4523
127.857
48.0625
173.614
215.26
153.086
82.9256
29.8847
74.7192
94.9896
34.1717
229.788
103.793
58.9724
112.39
61.6927
70.5335
44.8676
105.834
76.4837
60.3987
41.6946
77.1696
69.0594
68.5105
100.491
96.6196
43.6354
42.6062
115.389
56.3391
96.141
199.849
50.3286
142.149
33.5471
34.3079
37.1937
123.228
111.376
122.432
78.7471
60.1161
40.9562
64.8107
154.138
127.884
38.7052
51.4053
174.278
30.9729
222.454
49.7104
138.146
77.1783
89.2144
67.0444
71.9432
41.7905
76.5951
26.625
90.2686
68.4369
47.1211
32.8012
84.9004
137.151
40.8373
74.1431
38.3821
43.5415
90.2931
62.6625
53.093
217.073
146.911
108.158
81.6506
32.1446
86.4751
133.594
84.3286
109.265
90.4315
197.338
49.4487
53.0008
51.7684
182.054
68.1277
195.352
40.4919
30.6361
181.1
113.121
173.028
72.8214
29.5102
58.0936
36.5911
184.528
58.8421
99.1645
102.448
71.6326
51.2575
222.045
42.1296
45.5567
49.1081
99.1138
43.323
76.1249
71.7486
44.93
115.855
64.7476
117.55
67.3235
137.839
30.9473
40.5727
49.424
74.2075
123.49
48.1276
109.774
74.8985
70.9626
29.7173
200.553
107.079
38.262
194.579
92.2336
60.3895
119.843
103.875
84.2888
134.667
152.575
111.792
172.881
135.3
41.2963
176.501
105.557
96.8759
123.812
103.31
41.6885
53.7409
151.586
55.6812
119.747
200.648
57.9605
162.684
246.44
37.4494
107.527
37.3885
87.208
141.4
34.0187
116.892
79.6749
160.568
41.048
56.3883
83.6074
131.864
109.667
53.3387
67.2508
214.232
199.651
72.315
65.8704
104.38
65.7881
59.7446
29.6566
103.193
89.6818
111.505
34.7158
68.1061
179.688
69.8347
81.5627
113.948
68.4548
98.352
58.5339
100.671
34.635
124.911
41.6576
31.8053
53.6287
198.29
244.677
217.89
58.3039
157.6
219.328
71.034
102.49
62.1774
46.1893
152.015
119.617
67.9507
45.7342
45.8542
148.573
64.0672
32.382
194.361
55.6765
46.1199
38.3955
92.8666
103.146
125.286
54.6259
153.559
38.866
29.7328
83.2052
63.4841
138.321
63.6962
42.9839
87.1988
27.5816
38.6602
220.654
94.8192
34.3453
64.8985
45.0588
38.7774
44.4622
38.3144
64.2575
131.913
128.952
28.3085
121.25
34.5611
52.312
89.7542
70.6842
229.294
98.643
94.7043
41.8411
246.476
65.7739
116.436
48.8568
120.877
202.543
52.0519
104.476
43.9284
68.2131
137.068
30.7757
183.142
34.7531
186.704
112.382
53.7279
203.803
81.4073
168.685
80.4733
40.2737
43.0948
26.9482
29.2254
39.381
133.093
128.151
124.833
98.4641
107.755
37.1345
73.5591
36.9004
57.5849
28.7493
51.4356
173.754
30.282
54.4367
35.0414
96.9464
245.119
58.7488
118.073
68.696
146.543
60.4745
184.999
183.702
146.728
144.653
111.067
49.4704
34.5085
37.5652
65.0696
135.748
55.2075
124.896
43.8907
62.6986
90.5987
35.8943
113.085
42.9295
80.2785
145.04
35.4261
128.045
96.7274
31.707
146.273
111.26
105.02
130.827
108.443
129.376
38.5445
29.0099
139.864
225.976
41.6384
160.361
164.613
30.6914
109.009
50.9918
32.4372
68.7564
72.3777
222.353
69.3333
203.222
106.858
122.533
73.3691
66.4385
29.4932
198.77
27.7877
63.0696
117.94
146.659
145.974
182.257
111.183
132.25
69.4567
167.221
40.6263
68.3779
115.37
86.2033
42.973
75.6586
28.4343
39.1886
162.232
151.756
171.574
114.204
138.726
63.3853
33.3201
42.2623
41.0886
53.2656
39.9694
40.6259
161.973
94.2266
228.944
69.8334
74.4483
26.6857
32.6368
58.1909
58.7145
132.352
48.5126
98.4482
65.5645
51.9122
95.2842
89.754
58.9805
39.7954
58.2625
29.7276
30.5139
44.8557
29.9017
118.522
40.6479
65.8032
129.441
51.1662
172.516
27.5309
91.8433
109.667
52.2092
185.532
43.7468
41.7602
106.334
232.201
203.144
103.147
52.088
91.5959
92.6353
37.5456
29.2533
222.196
57.0774
176.36
32.8032
147.153
39.2839
34.2366
45.3423
88.2985
80.845
124.116
90.8942
64.8778
40.8176
33.0259
171.097
91.9432
51.9553
30.5495
156.895
104.637
109.566
55.3219
146.444
36.1195
28.7148
187.015
26.5787
35.0813
79.2122
142.058
171.202
34.1879
125.237
174.346
95.0397
41.9357
68.302
105.17
132.285
116.382
90.9443
31.297
45.1226
48.5833
146.784
47.1914
131.92
64.1449
160.407
29.8139
138.766
66.0852
112.175
48.0556
100.412
93.4064
26.9734
95.5006
91.1597
45.1725
33.493
65.1795
86.7821
58.1621
40.2651
241.55
115.284
34.386
39.759
113.344
51.6993
88.9715
69.2568
109.212
35.1187
51.9321
38.4861
38.8571
37.5587
54.0463
105.078
48.981
249.31
36.0511
88.3014
167.909
156.047
99.665
95.3101
158.259
182.867
42.5727
173.228
47.6612
94.2697
181.541
101.414
51.8455
28.2389
75.6661
83.4539
97.4031
27.7015
80.1525
35.4563
118.705
82.6231
51.9589
43.9821
124.565
128.752
45.7993
140.443
111.143
41.6508
44.6637
78.479
215.9
48.6209
89.6032
94.0148
136.77
36.7345
100.953
58.4826
67.7009
99.7013
31.448
42.559
143.491
55.9309
34.2055
47.2476
39.1381
196.753
31.24
39.0418
31.8436
40.0027
51.3002
66.2716
122.894
56.0637
101.529
101.615
62.4973
29.6072
52.6158
255.615
27.0846
174.521
42.1628
51.7704
117.173
35.0614
68.2613
31.4722
105.723
76.3494
199.078
160.218
121.363
52.6278
56.7112
146.456
35.4392
108.346
190.904
50.7034
94.9503
67.7809
157.387
140.121
230.8
71.7455
44.0695
34.0802
34.6677
243.384
203.041
52.0389
43.3141
60.3935
44.5384
151.427
143.701
145.418
76.3396
149.413
114.761
29.3378
123.976
149.191
134.411
121.513
94.6097
166.286
38.9097
107.987
61.2585
50.3237
74.706
51.1761
209.501
71.1252
74.6796
104.604
110.628
38.7417
139.756
206.505
69.2655
240.677
88.7223
45.4952
83.5076
98.3446
64.8648
112.676
72.7159
66.0142
39.5856
37.0257
164.5
46.369
48.0168
55.3771
54.5646
42.3161
29.8203
41.4724
192.038
57.8438
74.8792
50.8736
78.4721
256.252
89.0222
70.4474
220.728
60.5461
32.179
73.3439
132.786
107.238
60.0242
39.5496
170.102
44.317
57.8124
256.365
27.0154
49.6856
71.5255
89.0993
162.856
76.5642
44.0237
73.2903
61.7153
71.6602
82.3616
150.645
57.8403
69.9362
118.082
72.6824
141.477
82.9997
44.9506
205.981
64.3495
205.808
202.907
49.9106
114.349
58.7994
42.7541
52.388
76.4306
161.631
39.9551
62.1243
71.2858
171.047
69.4017
230.775
123.547
156.609
123
132.924
77.2979
28.5085
72.5055
59.9147
85.3516
139.987
228.019
32.2709
174.786
213.693
123.155
134.618
133.831
30.3597
67.9968
48.2284
38.2256
87.7882
124.421
27.4274
99.7069
200.433
79.1318
54.9473
224.118
37.2087
73.4728
103.835
202.675
90.9307
168.277
162.36
81.2435
26.7099
79.6014
38.6649
28.5148
34.4252
206.083
95.9752
79.5603
46.2058
62.2933
92.3867
67.1788
54.208
153.797
28.6764
30.6421
66.0651
88.7664
49.5234
42.3833
88.7884
110.58
32.1861
59.6782
117.233
187.383
153.361
31.3143
44.3503
35.0039
80.8593
42.7977
115.835
31.7201
96.7467
28.6306
67.9757
34.4159
67.9018
92.8881
91.3745
47.3248
37.3477
149.355
230.275
29.8827
155.053
72.3456
63.6258
192.62
161.07
199.534
64.9035
122.26
92.3757
46.9327
83.1247
81.9158
56.8871
27.6536
44.3036
34.7385
220.134
206.763
144.148
87.1477
68.5965
93.801
47.8934
54.2607
211.288
93.4934
68.2863
73.5054
34.1808
58.1894
179.239
46.0095
129.785
70.8361
38.5162
55.0448
66.4994
102.791
151.081
75.5145
50.7263
43.7542
29.167
73.7827
105.529
50.2934
30.4531
113.333
243.786
50.2255
59.0863
32.5948
74.1705
256.3
80.363
108.879
104.069
62.1136
180.792
39.2439
62.6747
139.894
53.4968
73.8774
32.2916
141.373
43.1729
78.2803
92.506
181.25
105.489
122.018
36.4667
77.3005
116.177
86.6257
188.017
31.3899
127.448
91.3019
77.7627
129.673
48.4652
93.4177
175.692
207.761
94.2569
50.3431
41.9169
56.1593
180.998
127.732
85.7808
104.267
66.9088
64.2201
83.2523
206.39
55.1683
44.1636
121.027
97.8699
47.9107
47.4747
73.724
73.8686
189.979
52.6332
46.7132
51.0282
71.393
73.3955
36.9848
87.1562
68.0712
30.7944
38.4485
236.466
193.946
40.8314
35.3665
58.4534
45.3178
41.8558
86.6673
59.8322
228.386
50.8169
196.723
38.0593
144.083
134.956
34.8767
48.0648
95.6104
53.1081
120.521
81.9425
68.136
77.5176
49.4101
85.0304
142.047
52.2656
71.5933
68.0745
65.2301
40.3818
43.0935
49.9914
73.6271
145.242
65.795
63.3661
73.4414
121.577
30.1534
48.3877
31.1365
152.516
60.2104
81.6018
127.327
26.6365
87.3718
32.1896
216.79
88.5483
83.7628
153.351
55.0533
129.586
143.026
130.828
92.9311
58.158
139.106
135.911
122.921
108.523
67.3423
74.2683
46.646
229.922
100.458
134.192
57.4035
102.915
87.6162
72.8821
135.268
41.4
109.037
59.1072
74.4969
166.576
160.303
44.3954
67.0657
35.0012
191.404
52.731
78.3737
254.623
159.271
94.1598
45.1671
92.3557
40.4749
230.448
237.107
73.9839
30.4378
63.9406
160.228
121.535
66.9268
36.5893
27.7621
118.058
164.127
43.2561
81.3127
124.039
100.482
126.63
207.992
45.1898
93.7839
235.286
34.6641
143.646
213.015
40.364
101.748
77.4849
93.592
122.922
55.9442
86.7522
31.0542
68.7582
68.2924
85.8085
162.2
118.657
138.681
73.0835
133.841
51.2328
160.843
186.124
109.214
142.114
57.2744
72.812
32.3754
186.278
98.4866
139.18
91.3828
126.282
50.4893
41.0009
39.21
33.6627
133.766
111.242
77.5412
67.6503
140.747
110.209
65.8858
111.311
61.8371
44.1706
104.835
78.5913
73.7264
36.3054
159.454
81.8127
72.5456
53.1174
108.499
52.8973
119.649
37.8613
90.8942
26.7614
42.862
126.055
34.6556
141.715
85.1249
34.2025
153.454
61.8809
66.9771
31.1867
84.3103
126.264
191.382
94.2359
55.1005
85.8946
45.4092
31.626
30.5937
77.0114
28.5809
207.51
33.5852
137.199
49.6162
89.481
57.6642
117.211
30.3582
172.253
46.4866
188.187
70.6775
49.5557
113.738
199.119
29.9413
97.7053
177.082
35.5868
37.4164
163.444
235.351
80.4767
228.822
36.8376
33.406
51.6289
96.1875
82.0685
60.3106
47.0059
154.421
52.9847
97.6734
56.4173
39.6002
69.2533
60.04
235.851
57.6382
162.73
69.0389
61.4897
59.9496
82.2594
243.275
34.0241
41.574
41.1018
74.2782
95.637
71.2969
104.628
38.5601
76.1988
86.9967
74.1608
251.027
47.7756
26.5528
46.1055
33.6281
57.8455
83.9956
74.4257
45.6535
33.7998
36.5198
101.703
90.966
28.0829
31.438
58.981
71.9583
95.4411
40.8179
34.3142
111.676
76.7354
73.3446
56.1115
132.026
60.2049
94.0151
86.9011
77.2031
33.6823
178.31
54.1224
249.087
67.7854
33.5853
71.2039
93.5803
89.7197
65.129
73.7317
31.107
120.609
128.924
241.868
182.488
196.32
26.4387
26.7123
74.3696
102.299
46.0154
64.0096
67.3697
70.1418
228.764
88.0168
86.5179
124.135
106.208
59.6336
45.4156
125.232
262.16
80.7061
147.516
169.129
57.4686
68.403
86.6676
149.932
262.956
66.1809
50.5041
31.4062
187.4
107.23
126.745
58.171
89.6491
186.055
69.4064
58.7422
97.2606
99.1751
157.301
29.1526
185.723
68.8511
61.3425
60.5731
110.125
32.6
30.9899
103.751
96.7245
31.4544
49.2193
41.5453
151.994
96.7589
70.8755
66.9069
104.598
49.9705
162.707
34.7014
116.21
64.0284
61.1489
146.813
118.394
80.6408
153.924
90.1009
164.613
88.9222
57.1859
70.1504
149.544
106.696
39.5533
75.2803
81.5314
33.8939
93.4046
85.4654
112.526
53.8575
61.8162
46.0495
30.9139
122.906
99.7827
174.226
111.136
232.273
121.468
126.224
125.837
126.903
185.467
46.8268
35.8176
41.8908
95.6591
256.796
76.2405
118.918
123.053
27.5977
144.273
64.9312
32.0219
34.0732
130.425
162.444
95.1357
143.305
50.5515
162.264
61.9079
35.7393
139.975
59.4394
29.9361
42.753
71.8418
116.118
55.9063
68.1489
257.631
55.5688
43.5138
52.8859
86.3498
48.1931
186.398
68.9614
229.272
40.1204
75.7597
53.5903
84.0595
170.524
147.98
132.943
130.257
71.7082
36.943
37.096
46.6128
188.451
72.1913
233.491
46.4016
51.4194
143.723
48.3799
240.976
100.725
66.1823
35.9175
45.9658
93.1659
70.1938
138.393
99.6662
60.0562
77.8402
168.054
54.7561
33.8603
37.5751
152.111
230.1
116.393
57.789
197.192
109.523
61.4307
64.0453
153.215
33.0642
28.1095
93.0017
82.4496
66.9306
26.9787
154.236
251.251
42.5916
30.9649
163.141
26.9613
212.389
62.6568
67.2949
35.5526
61.8827
135.697
96.261
121.387
33.937
44.8034
97.965
128.115
91.3813
122.339
108.865
159.396
30.4727
117.139
87.6591
72.5927
224.11
71.5334
76.2281
137.471
56.3331
43.8053
138.673
52.3996
109.404
41.4226
89.3308
29.7838
38.685
29.0376
219.486
97.2657
52.6638
87.2448
216.554
110.23
74.388
43.5586
77.0083
83.0906
46.6466
60.3747
35.5295
65.1686
169.736
117.214
30.4689
43.8458
43.8852
77.7514
76.9662
69.0599
47.1415
59.461
54.2396
57.284
38.4311
197.367
28.7497
40.6232
170.613
63.7999
31.3869
157.535
73.8751
35.2063
113.177
120.193
52.864
130.113
53.8377
95.1337
56.7411
53.4872
248.323
28.1771
87.3706
37.8627
109.94
39.3658
186.665
64.6761
32.9546
149.736
40.6849
38.0796
89.5796
56.8779
50.4552
36.6184
80.0062
75.3396
36.1963
92.9784
211.995
37.7683
92.1899
113.77
82.8826
60.8871
54.8195
29.4872
58.5269
46.6088
156.667
138.182
36.4176
106.897
141.157
144.379
150.267
181.022
27.3688
26.9753
137.36
29.9443
30.0722
28.1178
116.586
67.1901
123.114
151.479
43.1071
104.997
74.2791
96.6355
62.6724
192.685
35.6692
113.155
52.08
54.1026
67.9726
153.741
46.0216
54.0665
87.41
31.0922
197.019
87.1804
37.4705
111.444
49.8537
139.315
36.0925
58.9146
71.9982
58.3842
157.278
109.179
35.3853
125.124
26.9563
160.249
61.0075
118.037
251.734
61.7685
109.061
180.087
52.8398
60.7059
74.6647
32.146
192.339
192.674
43.5783
69.8411
227.596
34.2792
30.1389
41.702
86.2162
213.952
31.6618
38.2052
46.0615
106.693
45.5961
178.481
82.2552
30.6592
177.653
88.542
86.247
27.5031
125.409
105.495
79.1266
65.7917
59.6232
148.588
94.9996
212.408
196.713
201.369
90.6912
40.5383
33.5624
81.0988
38.5963
144.86
47.7793
230.996
221.318
78.2423
65.6685
110.115
62.474
56.3176
28.399
37.6671
70.0243
261.694
130.558
172.591
98.1509
79.907
242.017
31.3445
49.6897
70.3179
83.2455
184.786
110.131
40.1089
104.595
33.2929
80.8907
56.9877
75.1286
73.8603
75.8018
104.465
60.0239
40.8288
79.4894
78.8542
119.234
43.6395
123.581
34.9786
104.686
33.4116
49.5887
80.8737
53.3251
73.058
26.8896
73.0682
65.6958
28.0468
62.7401
86.5733
169.22
148.137
28.7559
173.042
80.4974
71.3164
122.436
69.7499
36.0297
219.5
150.182
42.7982
52.9733
48.7104
29.1273
58.5802
84.5501
45.0626
76.144
64.5138
187.489
127.055
244.533
78.0367
88.5328
57.2605
76.445
211.84
63.5429
151.759
33.0166
93.9179
58.7465
90.2804
66.6103
74.3168
32.22
112.121
192.497
52.1917
30.58
216.086
60.4792
105.991
46.5215
93.0888
138.029
31.0217
134.59
57.6667
30.4828
41.5156
98.4775
156.38
39.2499
52.3889
146.31
31.9593
152.136
140.203
175.877
168.691
239.062
30.9529
48.3492
195.069
221.063
157.955
167.457
52.4353
35.0448
135.908
80.7964
86.8311
63.7232
34.2729
40.0619
73.0794
73.9395
176.586
76.6828
139.952
88.2862
67.969
122.643
84.9747
44.6463
242.681
166.797
59.6037
115.03
71.2132
124.4
75.49
233.157
142.516
26.458
220.273
197.774
95.5934
130.52
130.856
32.278
37.1503
150.755
53.3826
87.2429
33.5443
29.8572
40.6925
64.1361
42.103
61.0532
145.439
51.678
243.388
119.77
105.278
93.4531
43.5024
261.653
89.8148
65.2358
46.8853
99.0021
161.421
53.8587
117.879
31.7264
26.6258
163.739
74.1818
31.9119
31.5102
73.588
63.6793
57.9175
155.815
47.4365
74.0805
149.187
131.01
62.4323
103.341
37.6313
102.277
28.5212
45.0672
100.37
108.617
112.621
206.439
52.6871
106.455
47.9234
204.558
176.014
74.7946
127.841
142.287
89.9928
130.304
175.403
136.06
175.365
76.8576
28.7287
32.0542
34.7654
44.4385
50.2564
141.652
86.1338
31.9893
136.426
28.9656
31.0432
93.6087
204.218
43.1695
61.6376
31.3018
156.53
186.889
57.1336
93.4284
186.052
31.3163
66.1361
147.865
187.351
37.3647
85.3035
231.474
70.0992
39.9845
152.783
212.27
59.1343
252.479
30.542
88.0312
131.273
232.313
63.1653
44.7888
153.931
136.183
177.659
158.181
47.6741
104.64
49.405
74.8413
168.305
62.1179
43.9883
62.3214
44.6566
104.707
76.9272
102.7
50.9646
116.239
78.3942
36.5372
107.919
55.0153
45.4197
219.071
87.6305
44.3345
60.7574
130.505
28.7645
44.2861
119.044
139.843
28.696
78.5781
44.2268
126.101
130.724
26.8571
171.657
65.446
154.569
45.0146
142.28
102.568
105.252
33.9376
47.5234
98.0936
106.123
51.3475
45.5303
28.7731
86.3836
28.8048
163.642
114.228
32.9298
130.568
140.747
36.9417
113.05
174.991
50.1764
28.86
159.402
92.7633
55.1635
217.653
87.1859
104.192
50.3483
163.933
225.629
39.4723
52.3019
47.1781
35.2487
29.9004
188.075
40.7815
57.3048
44.0662
166.201
30.0796
28.7465
32.278
40.4738
123.899
138.492
52.4551
85.9142
29.4125
56.9706
64.5443
70.1289
107.668
82.8587
55.5111
30.8414
66.4181
90.9582
69.7008
81.7712
124.57
47.3842
122.682
63.534
83.3254
132.884
56.3925
54.6725
62.2752
47.5738
39.0926
120.274
152.058
100.733
77.6228
98.0691
31.5646
56.7394
69.5041
191.255
258.069
98.2103
117.357
60.5812
243.746
31.0152
36.0642
40.7973
30.4721
114.984
218.411
131.584
55.2317
62.3745
169.585
107.788
53.9886
27.2598
29.5029
76.2729
40.7495
46.806
28.1547
26.5851
67.3234
79.1615
169.582
214.923
140.046
36.2163
69.3452
34.6032
197.666
111.696
74.2712
145.366
74.5354
115.755
148.287
42.0943
82.8032
174.304
27.7071
144.986
94.7085
37.4716
26.711
100.373
53.775
144.713
134.958
55.8973
149.712
196.211
62.1073
49.6869
162.797
62.3158
87.6512
61.5965
76.6738
29.6188
164.736
69.21
142.49
221.124
58.6125
125.198
100.089
27.6172
31.0083
106.489
88.9568
44.8541
49.7341
35.4408
108.336
100.787
54.0523
49.5401
35.9686
197.266
58.7923
223.451
109.793
30.2723
125.373
47.2357
234.836
131.193
29.2224
38.031
39.0904
67.7245
29.307
67.7003
39.3348
135.618
80.6602
86.8421
197.423
44.8329
42.3297
34.7541
31.1997
188.369
32.9648
54.7647
56.8761
145.271
30.7996
65.2748
75.9634
58.4409
79.3521
260.453
168.357
150.661
73.4478
59.6796
37.5258
79.2787
222.145
81.1927
27.0621
78.0179
162.246
103.198
43.678
62.4362
86.1338
27.9013
85.3525
66.6204
151.905
140.826
26.976
37.0384
46.3767
101.348
72.3971
42.6881
31.1506
106.185
156.281
35.5525
171.648
28.9604
29.4208
73.072
40.4167
77.4339
81.8329
44.8722
34.2372
37.4155
37.3215
63.3486
31.186
74.6847
101.467
81.5828
112.999
59.3861
189.702
103.792
53.4435
76.4588
43.8081
39.2278
91.7797
62.8546
43.1048
181.488
77.2547
81.9022
89.7575
40.3864
107.663
210.081
108.392
62.9444
148.372
27.3693
54.1683
28.9638
134.326
28.1485
78.1885
112.076
60.524
214.567
36.0458
100.887
59.9818
39.7183
89.0302
28.829
31.9782
39.6792
58.814
123.333
81.9499
164.767
40.4538
36.2277
42.8697
44.9992
75.4017
27.6333
80.5502
37.8343
114.772
38.7346
33.7884
45.7621
90.9929
82.6216
63.8764
48.148
104.876
56.0112
139.49
58.042
64.0877
53.8876
100.794
173.215
215.435
37.8832
48.5246
41.2833
31.8759
62.58
27.1856
250.866
45.8255
26.7255
186.001
133.029
29.5376
80.5911
145.534
141.271
79.869
92.2984
37.5423
236.485
194.178
84.6836
38.84
116.71
30.939
112.776
85.725
148.407
174.299
90.4628
90.6952
49.9198
169.415
66.4154
145.322
83.712
117.294
157.149
33.5275
35.3322
190.037
41.1924
246.543
83.0092
86.4662
170.645
53.831
55.3109
103.452
111.335
157.871
83.024
46.7704
197.867
81.6339
110.662
44.6199
59.1534
150.135
56.2787
33.1927
155.194
103.009
69.9539
242.462
46.4452
73.4144
106.826
126.638
186.642
137.869
94.168
206.355
260.81
107.189
146.458
251.75
118.85
147.682
88.8828
43.2185
32.4778
122.051
58.7217
75.8606
41.3481
175.447
66.1458
71.4392
37.7949
82.0275
49.162
87.4958
33.1122
53.7412
93.3538
146.9
62.8968
37.9697
35.6983
87.7633
113.452
57.0604
86.4902
67.2484
130.72
40.855
145.674
59.3079
109.272
49.3451
110.663
33.0495
122.946
48.676
50.1884
119.234
96.4387
65.2237
74.3212
70.3962
64.3335
62.87
59.9993
38.7406
141.753
115.677
61.5925
50.2141
66.3694
151.348
52.3
163.341
203.274
115.084
99.5075
30.4606
254.539
145.129
36.1866
101.736
48.3761
83.9524
140.192
211.33
89.297
111.062
194.374
178.682
131.851
121.628
165.372
66.7617
75.4823
211.463
144.561
120.151
62.0233
248.608
141.379
71.8388
86.5711
79.3337
108.289
36.0782
65.6555
76.78
229.808
183.671
39.597
175.329
164.749
79.6379
50.4789
89.9858
133.42
30.6639
67.2251
48.4076
62.3697
148.897
62.0611
33.5858
66.7787
70.5699
62.9458
108.141
49.254
58.3024
43.1508
194.538
120.071
37.8075
122.454
234.241
84.7119
159.237
165.501
98.3817
153.536
208.907
56.7734
52.7089
51.8311
145.963
39.1083
27.7205
105.349
51.179
45.5208
105.392
30.7206
32.4394
49.6852
45.3452
54.0355
32.9371
54.4474
76.4978
88.5128
69.6621
232.075
45.1492
38.6046
73.7981
27.6447
158.912
168.969
101.983
54.5816
194.962
102.866
63.4679
68.197
27.4036
60.9703
108.068
26.9028
102.694
70.604
141.431
102.995
41.1362
38.9769
41.2415
135.673
36.1575
65.5187
42.5465
255.764
37.0216
85.3835
138.683
150.209
58.8603
203.712
48.3932
167.424
41.2342
153.781
132.767
45.9065
125.661
105.788
29.0008
73.4474
37.6719
101.165
48.0001
49.474
106.881
48.9717
27.4458
81.0873
32.8407
63.6399
151.497
30.4388
38.9525
163.529
39.5353
77.9257
113.857
32.584
262.817
62.7248
39.6023
73.5919
79.6051
246.216
173.932
31.9762
63.6777
66.1328
69.1394
65.3169
102.86
50.5703
90.4286
101.967
125.291
201.256
108.476
46.6244
37.3356
52.0205
77.9031
31.3468
47.6415
46.7516
35.4362
29.6
116.053
26.8966
111.96
157.638
79.3341
157.512
37.5198
38.7913
29.9095
47.129
30.9343
87.589
35.0428
259.962
44.6281
43.7315
70.8712
159.467
51.4847
44.9534
34.7122
49.396
144.712
35.0451
111.831
38.0162
134.368
33.9834
205.276
44.4439
39.4468
35.8329
52.347
91.9697
59.1202
37.541
80.3634
91.2303
216.993
126.301
148.267
35.3039
108.565
76.7254
64.7942
60.4708
98.0359
130.714
71.7987
66.2163
35.88
47.1221
33.4596
57.2739
259.904
67.1972
45.2077
49.6678
75.0175
69.5109
107.991
50.6752
82.4426
94.0683
74.4613
35.5527
190.568
28.119
89.3408
131.72
254.399
26.4334
139.091
52.3635
111.226
30.6543
165.145
26.4196
225.065
88.6934
67.86
51.2118
244.692
43.3325
64.0998
92.0683
45.9238
123.827
144.17
43.685
147.339
75.669
56.5599
58.2034
100.348
218.968
64.2396
54.3643
211.644
46.3559
77.2528
43.6872
45.1986
254.51
227.193
124.091
30.2829
28.3487
164.812
79.5459
29.0065
52.1221
40.6135
79.9107
64.8608
142.528
26.4974
66.4342
39.9724
103.846
149.064
239.659
197.949
26.4968
86.628
60.5459
26.7975
38.104
72.4763
38.4188
130.277
63.0693
39.2227
62.0903
74.9155
59.2675
35.4236
74.1754
33.1517
148.242
52.5471
80.7991
162.504
178.058
79.979
79.2804
121.41
31.896
122.886
37.91
49.7575
40.1545
83.3913
35.2761
171.807
71.8974
27.832
132.182
62.0708
42.7565
87.2308
141.955
54.9987
54.5738
54.5583
58.9943
34.3104
74.4544
48.4841
62.7313
52.7152
162.225
56.8077
84.1529
72.2457
104.294
255.148
155.565
143.717
74.2206
98.2848
49.0334
93.768
90.3852
177.666
201.603
47.394
43.1995
55.985
78.9706
61.8992
43.4634
40.2019
54.127
30.9121
100.755
71.1775
204.652
39.8078
104.08
49.461
70.3067
114.077
42.5183
145.466
39.0001
65.0562
121.868
27.3446
47.2118
223.018
70.3628
126.437
106.691
48.6731
147.777
68.6633
45.2994
57.1712
65.0004
128.288
27.7911
37.5643
33.6897
86.5285
216.033
42.7981
125.501
109.883
163.794
123.16
114.876
127.459
38.0634
79.0692
81.3648
30.0125
39.3483
48.5156
172.542
56.7565
79.8711
68.3622
219.123
49.1383
59.1628
113.159
226.112
51.0876
62.1726
35.3588
59.9245
29.7744
126.877
69.2786
100.598
127.825
92.4566
54.9218
54.4501
33.5221
156.417
74.2044
47.3118
234.792
27.3343
110.855
71.6907
64.7106
48.5343
106.394
40.1939
52.7648
33.159
151.325
37.0295
184.967
60.392
170.891
135.127
209.365
63.8404
216.427
34.8362
43.3104
102.991
31.6968
125.024
121.987
118.346
77.5047
43.7155
201.229
26.805
95.9267
247.923
73.0296
120.153
159.257
33.1782
257.721
52.5574
108.788
131.089
50.5447
199.929
126.015
48.0969
76.8975
89.1269
114.994
114.202
259.17
115.075
52.566
111.478
216.504
102.516
125.27
45.032
61.8756
90.1578
150.731
193.547
67.6858
134.796
141.82
59.3196
31.2468
84.8085
47.0015
65.7094
37.6647
128.14
38.7698
91.5191
112.252
45.8861
107.574
66.326
148.624
112.192
120.773
58.3674
105.526
32.4014
87.0928
65.9768
172.982
63.8802
97.1857
116.277
27.0064
226.932
53.0753
86.0796
38.6247
30.5288
111.671
30.5647
35.1992
174.767
84.8893
69.7569
45.4734
108.893
98.12
28.8386
156.54
65.3867
82.4781
108.01
130.937
88.6393
88.2223
46.6168
56.2278
111.44
41.2806
68.3804
39.24
39.8303
50.7725
108
97.3419
43.2024
186.099
83.471
207.463
54.5134
242.475
83.0187
56.3915
72.6745
75.5777
51.7232
31.759
220.863
34.6676
55.8499
146.408
109.468
100.749
142.25
59.8455
56.8662
100.196
36.2426
107.663
46.8196
89.7716
134.073
64.1706
54.4258
132.591
154.318
41.1667
103.365
39.1108
67.8532
86.1946
199.721
46.2433
84.0282
43.5723
56.584
211.309
35.8647
132.813
172.227
62.967
167.123
83.2878
107.485
98.0609
231.92
124.285
211.711
40.59
40.468
121.117
43.0587
29.2901
96.4681
119.958
42.481
122.895
44.2272
86.2579
54.1746
41.9085
111.806
53.286
86.2947
86.4724
30.7413
119.028
114.34
69.3599
167.897
46.2887
82.7983
163.184
144.433
69.0426
73.9162
27.9921
84.2641
61.7721
30.911
29.8016
102.989
57.8054
84.6086
94.3235
147.031
49.4616
39.4691
133.931
29.2537
39.4672
43.5866
33.0053
151.221
161.925
37.8403
59.7183
80.901
60.062
32.8883
28.2152
26.781
88.7319
165.598
222.942
218.696
122.092
175.58
86.0519
71.2728
132.672
35.4671
69.7274
138.233
115.112
72.8928
157.894
65.1023
98.3931
96.805
40.0722
101.243
118.338
78.2837
90.3814
39.3849
30.1297
126.608
230.36
95.641
62.1575
66.7386
31.4541
84.2309
34.6851
56.9049
67.5322
31.8834
70.4008
80.0499
83.044
130.306
132.878
235.329
56.3303
119.425
86.1147
63.7528
169.85
37.4239
155.766
147.138
210.59
228.652
130.013
46.3891
27.3222
151.015
49.2081
35.0611
137.505
92.3788
38.9495
145.275
91.5804
55.4372
33.9492
126.199
91.1345
95.2752
87.4568
130.398
177.16
123.586
48.7635
50.266
77.1602
207.87
219.051
30.0526
166.603
103.897
26.7197
144.686
35.0228
27.8204
51.6729
79.4818
173.423
169.278
125.149
134.934
125.319
63.3912
34.6003
155.371
84.8197
93.2282
61.1478
42.1302
62.7956
37.7764
68.8983
117.089
58.7068
248.888
52.6398
29.7805
52.3407
35.4702
79.6068
46.2281
91.4595
42.2023
80.255
91.9722
134.37
114.135
208.504
97.3066
61.9968
92.9803
50.8992
55.8575
42.6006
102.016
248.262
84.0731
82.4361
66.7593
62.146
73.5975
74.1624
55.8439
147.662
30.5878
232.924
132.275
193.749
57.233
238.641
68.3325
83.4688
115.589
72.823
194.222
77.4931
49.6644
107.301
50.9985
78.7734
63.7783
42.8373
76.8542
122.216
199.748
150.186
70.2792
98.1868
51.5398
101.576
46.5598
28.8703
223.611
27.821
234.24
40.1744
28.7186
88.6147
230.928
128.821
71.9517
30.5274
42.4843
135.786
249.128
97.945
107.504
50.3539
47.4995
67.8325
122.396
190.687
64.1422
115.73
92.3577
29.7771
180.023
90.6342
87.9625
102.577
78.6175
79.1923
216.749
65.0589
64.0642
31.4193
227.114
84.0702
143.178
27.6908
127.989
137.657
51.7774
37.5617
81.2751
48.0579
47.4394
70.5871
72.6557
72.0641
48.6227
163.198
85.6158
236.177
92.1019
95.9236
44.6099
81.3321
143.789
135.695
156.437
154.389
65.4487
91.8502
41.751
218.87
28.2218
45.7068
46
157.666
74.7482
49.2634
44.36
122.497
31.7808
39.3133
83.1625
35.7824
38.8656
57.5442
144.193
132.553
84.2718
165.717
49.6542
194.125
78.5849
36.7863
130.903
157.897
29.8271
36.3204
180.083
43.0151
145.53
231.315
36.2829
131.659
93.2329
125.494
74.2241
46.2025
193.918
70.0936
37.2505
74.5333
48.1864
43.3281
44.2749
144.723
78.4567
207.312
212.107
94.7177
90.7628
33.7569
68.7866
32.3976
71.4228
39.2045
146.913
55.1122
65.9759
35.5224
96.2443
140.73
121.603
45.7072
60.0596
63.3938
49.6455
43.3996
59.0273
82.427
138.398
29.0651
53.3696
59.3677
85.8186
98.5929
55.3886
30.4311
60.8694
180.021
46.5629
39.5907
64.3259
61.3449
208.668
49.1114
48.0223
56.2693
134.348
53.4756
58.9979
99.0289
54.6235
84.381
195.255
49.9606
26.6383
40.7506
171.09
48.255
58.8503
67.7958
160.335
140.173
123.653
225.38
156.681
113.776
250.921
47.6051
46.4037
68.5713
87.7153
28.1557
193.177
29.5417
87.4878
261.83
27.6646
36.6333
51.5317
184.587
34.6254
175.341
44.1879
34.9914
93.3248
27.0973
52.5601
129.231
47.4433
43.9666
124.475
71.4075
104.933
221.398
94.573
101.679
29.6031
27.9535
82.0027
26.5579
107.05
42.1738
85.3242
44.3233
59.9082
63.0213
26.4703
124.694
41.9786
84.8067
53.9395
52.6332
47.6854
54.4052
39.6365
59.5187
63.8273
28.315
51.9504
33.7584
74.1724
62.9451
144.822
37.5864
76.5602
59.6692
69.226
41.5522
40.92
70.8998
35.0811
194.54
238.321
47.6461
146.504
26.5787
110.551
36.0777
28.1084
27.7003
57.8979
87.2036
43.6017
60.7492
53.3559
224.584
36.4439
232.248
34.0441
233.925
231.154
49.8446
140.813
197.924
77.8264
222.963
138.988
64.8584
142.328
69.0805
56.4296
28.4
138.1
70.3364
91.5863
128.834
141.075
87.6075
64.9626
82.3031
46.9405
212.52
46.5388
74.2561
98.2233
67.4591
91.4548
177.941
212.306
194.657
35.0999
77.1314
55.4268
114.807
78.6877
51.5268
212.696
119.612
51.4366
70.0125
63.3664
145.329
46.3393
60.3732
66.5375
68.2268
170.236
36.4879
55.0435
31.387
57.0693
97.0568
53.3118
64.7698
108.168
90.6852
32.9625
168.999
160.177
29.0204
64.9619
41.8274
82.9476
107.783
64.3368
34.7154
102.192
62.173
127.207
81.5084
70.4344
76.2789
217.201
109.288
32.3532
118.418
74.8551
111.893
64.6688
36.6216
30.39
96.2323
203.02
69.8096
46.8036
186.973
70.9272
101.941
67.0088
66.8657
254.428
39.0177
50.6671
69.1901
45.3211
182.258
79.6881
179.899
152.131
54.7732
215.64
91.5657
95.0041
46.4818
31.7882
30.3447
251.761
148.697
39.5106
27.6653
108.645
252.799
126.98
87.0514
68.5064
164.238
216.843
223.544
52.7182
209.309
31.2636
112.595
195.477
95.6239
32.8236
67.6205
107.402
110.385
27.7434
39.7854
135.957
39.113
192.476
65.1685
49.3649
137.99
52.1108
44.5038
67.5836
137.431
78.2301
57.0697
124.414
42.6879
48.3893
52.4491
73.6629
30.9286
65.6151
59.6258
51.465
77.1527
44.1932
30.8927
38.3743
135.86
194.078
86.295
65.0579
121.184
66.9586
59.6214
26.9499
49.377
48.5948
72.4694
36.1086
104.643
137.421
27.0578
243.045
123.356
40.1088
28.9693
93.7571
92.02
66.975
128.018
185.724
37.1099
62.5135
92.2153
132.423
81.7354
189.857
68.0382
42.4997
161.484
88.1475
116.483
251.58
83.6561
256.959
93.8091
171.909
36.833
104.894
99.0366
64.8644
148.65
65.3665
30.4999
36.2167
68.1439
65.4294
73.6568
42.7534
63.4373
95.8547
111.423
47.9857
135.928
39.7805
33.8899
129.387
48.2009
79.6102
217.81
98.6646
46.2476
30.9815
37.5569
105.801
39.3039
33.6634
125.347
69.7948
47.5633
128.734
26.3627
111.906
147.515
74.5101
28.7812
63.066
54.7584
61.5845
90.8263
32.824
78.966
38.3009
248.424
201.126
59.7858
74.9586
172.966
30.8734
134.552
34.4555
84.211
109.204
52.2499
31.0912
121.165
86.9498
52.224
116.707
80.5564
134.563
101.729
43.062
58.2981
29.5158
194.695
100.49
34.6877
55.1331
31.1896
87.4141
41.9588
82.7887
33.4324
190.777
100.144
45.0995
42.1521
63.598
156.298
107.583
76.1621
180.597
27.6805
144.772
69.8763
32.4358
40.1429
42.3678
43.6722
27.3442
63.3356
52.7768
59.771
204.691
75.8271
56.3881
66.1731
104.113
50.2275
76.2152
168.198
35.2391
82.2855
86.5351
124.815
64.5384
153.875
57.648
224.861
32.6539
83.3158
133.55
103.428
137.71
93.9496
214.707
165.85
40.6118
129.135
62.5696
204.676
93.82
71.1878
41.7485
90.8985
59.0981
95.9834
51.3963
28.5226
102.515
83.7364
52.9923
99.387
231.688
46.1872
84.0376
105.554
242.476
44.6515
28.4328
106.315
206.816
112.854
74.9172
27.9888
30.9302
173.745
181.79
31.656
75.7302
152.754
118.789
66.8636
108.659
42.9664
234.097
48.4065
32.0498
146.072
76.4004
32.7226
198.999
162.758
57.7965
108.197
39.6189
168.413
97.973
34.6136
144.07
54.1778
71.9135
34.5837
49.4595
144.12
150.397
30.4402
31.1427
71.6598
119.816
29.7251
191.27
144.413
92.6027
76.1173
115.629
33.3508
68.6005
79.2032
84.7546
35.0668
58.1992
127.461
113.478
98.2314
38.5021
79.2802
188.705
148.056
94.1159
52.2584
114.337
69.1494
102.05
132.127
43.1903
32.3498
110.399
32.3253
39.4158
154.977
97.5663
55.6679
40.3937
170.145
93.1676
77.4626
79.1399
182.317
150.396
47.422
38.2959
90.511
114.215
65.7421
154.573
92.6616
35.7777
66.6381
60.2462
53.5802
41.9956
234.076
177.262
43.7113
152.832
83.0883
181.39
101.178
84.3879
38.0317
114.553
126.36
41.5927
188.705
45.219
57.077
50.9043
96.4467
130.16
29.6608
58.3012
123
47.0382
95.9683
40.5768
59.4136
225.792
46.8757
179.003
156.851
33.2412
35.7703
27.748
39.9263
75.2622
44.1218
174.997
124.617
130.675
121.414
69.4224
45.2056
57.6626
87.7209
47.6852
58.0857
70.1895
73.9379
162.07
29.309
57.3574
110.524
48.4021
109.958
182.374
180.007
125.712
26.4436
27.338
50.3506
38.2524
228.896
30.6721
130.511
195.011
234.54
106.555
155.392
234.163
102.709
126.266
253.92
186.739
68.0343
147.056
95.4382
69.2698
80.7921
40.5688
113.007
76.9473
53.7361
87.2284
121.486
52.5694
115.888
70.2013
54.5054
28.5411
236.91
46.7819
114.926
235.646
27.7621
182.833
130.091
249.882
66.8603
73.2058
145.72
192.131
28.8451
95.7819
62.893
39.9014
223.379
57.3783
73.9207
94.3156
31.6531
57.3801
75.4263
132.285
44.0485
38.617
75.3056
120.532
54.7028
85.5102
28.7344
26.444
104.818
164.325
81.7036
99.0791
123.484
88.8341
125.288
133.829
35.1143
67.9948
178.096
44.805
74.5821
260.901
74.6723
30.7034
31.3477
115.586
37.1246
30.3295
89.5099
137.904
50.0516
81.7371
33.7896
91.7648
255.846
26.884
49.6875
63.1814
52.0184
34.6697
27.7437
94.7741
60.7523
69.6557
70.551
252.611
164.93
75.6907
47.9683
38.7369
136.043
52.7512
66.3067
96.5658
84.0051
45.7503
52.9673
60.9848
85.1913
27.5587
149.453
163.459
145.359
136.07
89.4103
138.008
70.7075
103.011
61.168
71.9173
123.168
106.134
109.807
45.0515
112.054
106.423
30.5789
148.195
27.6574
33.1534
44.8976
149.777
48.2083
149.963
121.152
47.1957
156.179
73.834
188.454
126.835
102.801
149.821
57.4826
63.1191
29.8267
100.854
56.679
31.7493
150.193
101.27
75.4167
43.9113
96.3208
133.986
36.9999
28.7784
55.5315
91.9853
181.14
175.592
128.527
49.9605
52.192
47.8563
74.8705
40.7058
157.746
54.4307
47.0874
150.018
122.461
213.523
65.9888
36.2457
46.8695
62.6141
56.9985
197.77
74.637
132.634
225.922
42.9431
83.608
80.0142
27.2164
103.178
57.3327
183.779
183.22
72.5209
27.4291
100.466
217.508
29.1082
129.95
32.7571
29.2375
29.9102
205.367
62.1698
98.1761
140.623
55.7762
121.914
71.2987
51.5537
72.1357
31.4134
227.253
47.5906
29.2534
100.402
40.6285
220.138
106.577
84.0807
95.5002
55.1622
77.2674
144.278
156.92
44.3473
61.7763
43.1454
45.0098
54.5494
66.7182
40.4627
95.4416
204.721
58.3558
69.8646
82.112
79.0267
60.9172
29.5663
200.222
47.3127
39.3099
46.2608
30.4059
36.9483
129.516
91.2996
80.3678
133.739
145.261
30.2411
61.2052
99.9487
29.5949
36.3197
34.2578
126.446
60.8338
119.045
36.4793
164.37
72.9582
28.2099
154.208
38.6906
54.5416
115.644
65.914
103.117
101.37
240.951
54.3695
134.904
61.2401
117.311
62.8047
207.286
62.098
57.7204
71.5644
30.1805
109.047
104.192
55.2427
80.4703
85.0478
65.9781
102.248
226.132
59.5827
93.5595
70.983
175.371
117.497
47.1317
104.681
160.228
118.669
153.138
51.8214
126.566
73.0052
43.862
70.3976
82.2191
74.8505
57.0567
37.9331
135.403
65.9746
31.7148
43.7824
73.6613
191.174
44.1997
259.791
32.6923
179.348
123.165
42.7786
76.3009
41.8112
83.6931
65.653
43.0297
200.653
127.818
122.339
40.9227
86.881
82.6336
42.579
153.633
143.941
34.8427
69.3525
91.8776
86.3332
28.0622
59.0481
49.7459
87.6776
44.485
178.022
34.5654
35.2874
86.7806
69.345
67.8308
180.554
49.5769
153.722
101.858
86.0279
45.512
187.785
123.823
42.7253
120.764
43.0739
48.2728
140.653
56.5994
177.126
117.779
180.454
130.781
207.376
87.1287
60.402
189.579
61.7375
35.3036
255.603
110.328
119.9
66.41
49.8182
65.6514
48.5113
192.555
35.9609
89.9563
172.232
56.9592
169.506
223.037
69.0469
106.225
166.147
40.8045
114.814
40.7645
30.5056
67.8911
28.755
56.802
95.3523
49.1211
142.956
43.0597
167.876
62.0455
126.498
155.946
116.599
68.0779
125.23
75.5897
77.853
119.332
118.942
43.274
124.665
30.2442
55.0016
90.1066
109.822
32.2207
92.788
116.416
110.92
43.3597
70.2726
35.7939
128.271
158.143
47.1074
50.3574
50.3013
114.077
68.1862
46.3011
50.5864
146.195
44.4588
72.4925
46.1569
66.5128
111.786
64.865
152.024
101.265
157.372
112.257
53.5649
29.9855
100.205
86.791
68.3025
89.1229
39.6977
154.107
52.0253
32.2143
50.3163
143.767
33.2323
45.1664
253.538
30.0138
121.159
66.822
67.3114
203.58
50.2232
68.4291
201.812
100.352
144.148
187.868
34.633
29.0368
167.884
174.511
127.692
135.917
74.0394
61.2678
126.288
184.619
187.32
29.3811
101.847
98.8997
96.7381
106.177
39.8446
209.336
72.6133
92.4741
117.292
191.486
33.1499
94.3457
57.2224
38.995
29.9887
29.7035
222.746
71.9864
75.2721
164.328
39.2163
41.9926
33.6747
28.8331
252.426
172.508
90.4381
40.2799
64.105
59.9715
34.3439
31.92
78.7456
27.9557
119.129
239.431
68.7156
164.003
39.3103
176.418
30.5542
43.9033
175.798
104.081
50.9593
122.411
83.8999
37.7208
83.9932
67.8116
185.651
38.8417
237.501
139.85
84.413
55.1018
141.488
69.0265
164.294
58.2015
167.785
169.247
40.5115
206.018
63.9898
148.262
52.3668
35.6127
36.0197
57.1071
160.663
79.9588
35.3415
109.634
144.091
120.163
67.0318
92.5904
40.1395
163.244
170.881
60.591
91.8941
175.553
81.412
34.5948
200.906
94.0686
96.2151
88.4609
57.7111
54.703
56.6064
65.2501
205.607
95.2907
192.266
160.254
178.195
56.0912
138.152
62.1415
90.9981
61.9942
82.2702
69.3936
38.4905
46.362
116.144
27.1977
124.943
236.846
59.6973
227.192
105.572
66.6891
152.083
108.965
79.4524
121.266
114.571
46.0682
36.4708
26.6967
44.5945
35.7451
43.7915
30.6374
96.8345
145.667
29.4711
65.4835
37.3661
31.4857
182.274
33.073
161.72
70.296
129.508
33.971
124.545
93.0353
52.5331
35.0539
153.238
90.8857
37.3691
49.0384
41.8492
54.4908
92.9588
101.354
65.2429
65.7421
59.3207
45.2917
45.9508
47.6223
42.1546
51.4709
39.6257
160.917
36.8998
31.686
79.6166
26.728
30.5458
39.267
73.5052
78.9724
156.685
94.8635
172.097
142.226
39.0559
47.0497
202.273
74.8044
199.754
105.939
37.3693
74.5815
90.5022
149.518
29.3711
98.6886
43.4557
96.8465
49.2297
219.267
126.199
26.4395
142.883
49.0248
111.108
100.026
185.127
66.5372
77.2691
121.153
200.573
128.274
136.556
122.026
49.0529
53.2771
53.5543
116.051
69.1312
163.398
33.1696
32.4608
43.7716
77.7584
46.8502
45.8259
82.6065
31.6714
76.222
31.1723
64.8945
61.8021
28.1185
208.51
83.4609
258.536
198.678
202.323
69.1142
137.438
57.05
38.1623
204.284
109.949
53.2932
41.168
190.619
67.9397
86.6528
126.5
96.0223
64.6402
76.1141
26.6555
179.322
76.5401
42.5131
214.169
100.611
109.607
195.132
188.428
98.8185
54.3966
90.0569
248.062
80.3007
103.192
72.6769
84.2734
35.7164
69.1498
141.667
57.4097
99.153
57.3375
66.0223
113.016
128.978
107.165
94.7893
28.3988
44.7773
93.34
70.5117
49.7728
138.801
59.0805
36.7801
202.665
47.2531
105.308
89.5273
178.895
93.7024
90.1756
111.857
213.786
63.8358
171.491
66.0745
46.1814
180.98
38.3795
113.751
96.8454
119.064
108.095
91.2472
79.9277
94.4074
28.4848
35.8398
46.5798
33.5613
99.1282
260.874
126.461
122.146
150.109
126.839
32.6726
31.7036
110.439
199.584
47.3302
81.1588
58.2983
118.438
100.416
103.513
66.104
180.953
48.3256
123.752
27.8914
128.258
39.8683
163.259
135.604
168.931
101.845
115.174
49.2769
84.4963
54.8585
33.5301
160.608
70.4846
44.5315
30.4276
97.079
103.518
251.51
35.5159
65.9703
54.946
47.5362
35.4442
49.385
43.6052
83.7779
120.113
44.5778
223.63
42.4608
36.1027
73.7627
63.8121
90.7927
60.7533
126
131.637
76.1883
104.93
40.473
204.393
58.7256
39.0145
158.104
47.462
168.653
87.7379
97.9298
181.723
73.8518
87.8449
225.883
166.267
80.3195
56.3114
188.968
29.7813
60.9052
100.981
33.2466
112.394
34.8067
26.7839
41.1235
42.5897
50.697
43.7999
90.0124
102.107
88.0287
110.148
233.501
132.869
96.641
145.505
197.878
193.026
174.986
59.9667
125.594
42.625
113.664
46.5478
170.861
72.1551
58.9856
39.6101
78.053
205.057
35.8244
162.136
70.2354
96.4098
46.9834
247.364
28.2085
116.671
49.451
47.8057
95.1822
166.921
85.9284
180.192
60.9179
110.08
51.2829
38.5374
232.255
58.2971
58.274
157.325
42.9175
250.054
43.6542
88.0261
27.134
82.5725
112.358
39.2646
166.86
63.265
120.508
82.865
163.665
99.7436
48.5494
45.9265
211.622
35.9802
146.325
90.3949
73.5347
71.2603
84.4661
108.022
192.676
87.602
190.569
163.468
58.1494
130.664
103.064
161.822
38.9038
30.3855
195.742
228.77
43.9079
70.1737
83.0581
53.0359
219.97
29.859
152.827
45.3031
185.061
33.6328
26.9331
59.3196
180.657
49.674
124.308
168.023
77.8142
45.6228
148.356
29.9688
131.799
78.7672
219.138
69.4366
56.4634
70.3298
27.3064
71.4839
51.1093
115.193
53.362
74.1799
53.2176
54.0704
162.043
64.8066
28.2262
182.761
119.891
138.678
209.644
240.853
94.5146
136.224
26.5073
89.4442
61.1718
234.157
58.1788
27.8126
95.9809
110.422
52.9752
129.1
96.0489
100.566
95.4464
182.939
75.4355
79.539
137.061
80.8586
191.682
198.916
53.6206
60.718
38.4896
223.67
27.3075
139.81
78.4061
233.072
54.5315
82.9
34.3723
74.1282
46.1935
71.2158
104.231
125.61
39.7581
106.456
41.8726
32.1711
141.012
85.3017
100.152
73.6296
87.174
50.5469
33.5152
64.368
30.0311
87.463
67.0554
29.5168
99.3061
41.6613
165.675
100.783
103.777
176.452
119.609
148.648
123.485
66.3357
175.059
173.503
115.156
126.375
48.1939
210.874
51.1432
179.347
224.12
80.4633
62.29
82.6587
121.904
36.4478
56.8625
130.644
251.405
170.115
162.601
34.6368
114.282
51.3759
40.963
50.9156
91.5219
31.9229
39.7432
29.5938
62.7631
116.465
58.724
132.211
105.043
41.7512
118.608
67.7573
36.5153
102.767
221.991
196.817
139.548
28.8522
72.2686
94.1925
119.939
56.3289
57.9328
80.057
47.0971
68.9904
54.1351
113.292
51.5226
60.5689
95.2546
33.9765
54.1798
80.9236
111.115
63.8522
185.217
87.1841
51.6591
110.951
103.689
68.3459
36.3542
27.1793
109.329
108.534
42.7571
61.4034
32.1424
231.275
107.098
157.344
78.9558
26.3633
64.9197
63.9347
196.063
170.901
139.548
35.2671
222.385
63.093
82.6832
70.3993
35.6933
66.4603
47.2493
114.246
97.5327
26.3617
83.6152
39.408
35.9778
33.0197
74.9662
148.684
52.2068
51.8397
91.1776
125.468
149.95
142.411
35.7708
63.6557
34.4277
203.613
85.8069
209.369
130.513
90.544
120.85
118.352
31.7892
70.5791
221.186
68.6389
32.071
152.524
204.389
75.224
85.0167
173.986
67.0697
262.426
80.4392
80.416
28.5522
156.174
122.211
103.224
182.01
76.6376
111.25
78.4049
196.673
55.452
41.0252
100.829
246.118
126.637
204.39
87.8087
27.905
47.1717
48.3045
75.9875
112.973
29.4425
85.8452
163.441
60.7706
203.38
187.59
263.127
94.4902
236.177
115.839
57.2253
36.524
68.7995
128.732
194.832
95.4046
51.8513
146.967
118.524
157.484
39.5585
85.7467
67.7849
82.2641
34.462
134.967
69.0247
63.888
32.9116
31.7821
104.899
213.797
188.195
54.2334
62.6297
73.9494
36.6986
205.994
86.4127
96.0678
66.2538
76.6963
169.842
29.2914
157.374
70.3341
104.708
32.7786
129.955
90.5605
45.7705
107.279
109.961
60.0827
140.577
40.7781
100.417
52.6368
50.4981
54.7777
162.526
56.1632
27.2881
99.2294
245.43
75.9101
113.932
225.621
91.6873
87.4001
66.8576
145.686
42.0756
56.9125
152.818
80.7422
69.7267
82.2848
38.7513
82.6525
194.16
52.9845
138.653
58.5812
84.4098
74.7511
51.9832
36.6769
51.5434
107.994
73.7211
173.608
124.177
227.8
37.1452
93.8146
63.3173
51.2996
108.844
65.9816
35.2204
102.79
101.119
200.249
261.062
101.163
120.578
35.3184
114.552
87.8879
43.9283
92.8271
70.4742
79.7286
87.0851
93.3987
109.635
40.4346
149.32
119.98
29.4059
59.1599
129.457
167.114
37.5569
71.1121
89.0702
135.8
77.0851
38.4088
33.8355
79.9851
50.3022
206.856
72.469
49.8991
130.13
156.994
133.8
77.0232
115.797
78.9391
26.7001
34.6509
34.6331
36.0265
37.3259
114.873
90.6284
47.7093
79.9859
30.6339
40.6377
93.425
190.156
132.011
59.5098
160.699
64.3128
68.4524
214.038
96.1819
104.996
108.108
109.341
32.9087
192.925
244.333
169.21
40.2032
95.0762
100.957
77.0463
83.5166
191.6
28.5237
95.3256
111.587
46.2143
141.09
95.2806
103.606
117.349
44.9572
263.53
41.9201
58.3779
29.9082
27.8649
48.536
127.993
46.8366
57.1182
118.155
30.5728
219.228
57.825
157.253
136.509
194.601
178.941
59.8543
32.2811
70.3374
38.0978
170.829
118.717
41.0321
96.6
87.9266
27.5261
222.742
115.033
36.5719
37.4838
219.083
83.1149
75.5348
36.0662
116.497
87.2887
74.8677
36.504
147.425
132.152
81.0068
86.6789
46.5572
41.4649
133.263
108.467
36.7349
161.375
90.607
165.502
146.391
99.3248
102.034
28.4614
30.0197
37.4172
92.2265
125.741
73.1704
119.707
152.478
29.0948
172.463
168.906
113.023
56.4999
28.3645
90.1042
59.612
71.6375
94.0147
257.607
27.4925
48.1008
52.8558
70.7359
26.4592
30.186
131.441
45.541
52.5295
37.7051
177.228
72.8807
64.3807
35.1295
146.477
62.9786
143.027
66.9851
197.803
57.8372
178.116
127.187
91.1491
165.367
43.731
74.0081
46.4314
104.941
95.1733
131.582
53.6995
84.3535
70.8665
75.2397
131.788
43.811
38.0164
46.6103
177.516
62.3757
63.3577
64.7976
139.286
62.4233
32.8599
79.892
29.0293
51.703
64.9531
27.1113
69.2628
75.3875
71.493
82.1985
52.5391
66.4697
82.2756
108.29
57.1752
152.722
186.824
135.048
116.469
216.305
63.8442
37.94
212.485
110.632
65.1554
104.77
93.8708
55.7372
59.5965
42.335
132.438
52.6779
192.596
68.364
52.9902
57.8292
112.472
86.0798
39.1773
28.9254
108.308
45.593
51.6018
85.8475
66.4221
64.1082
74.8775
122.182
66.9296
67.2662
86.108
98.1604
34.9091
99.209
200.889
66.0268
98.2045
29.8526
131.168
80.9591
74.9367
143.338
58.5481
75.4364
114.368
45.2771
185.193
128.942
116.432
94.5377
69.4212
32.0285
31.9136
32.5458
62.8619
86.8928
255.929
55.1621
43.1926
126.935
118.132
127.319
139.257
216.895
67.3299
179.761
129.089
68.4013
28.0346
185.778
62.5021
30.0706
54.2828
142.47
182.582
133.488
33.5969
34.3622
213.894
90.8983
82.5349
70.3368
85.3609
87.2431
106.194
177.334
29.1981
187.029
48.2892
144.18
35.8955
40.7525
254.23
120.455
35.8069
134.726
61.3427
222.081
177.29
29.2285
68.1823
42.3312
39.3778
140.053
93.4414
241.047
207.23
56.4569
35.0608
88.1564
66.2646
51.8052
183.605
102.795
50.275
109.43
127.728
160.956
182.298
101.332
35.9738
126.844
38.8987
56.1163
116.922
67.5198
201.841
104.501
42.0879
49.3204
49.875
50.6535
45.3282
45.3851
36.7446
124.201
134.932
114.804
62.6304
103.265
159.967
31.975
36.2506
196.524
232.197
76.2842
137.904
41.6461
202.984
238.404
178.467
64.8814
247.469
104.817
134.168
116.665
82.625
221.295
148.422
120.335
34.6668
87.6845
40.793
30.7324
140.915
86.2766
81.8427
78.0192
32.5747
158.239
39.6928
57.9077
59.9548
87.4235
80.3222
112.641
130.991
77.9057
37.1273
142.657
136.959
42.9618
176.717
247.645
123.111
87.8605
71.7156
41.6919
105.496
126.264
189.156
169.152
114.079
125.297
72.3716
55.7638
76.4151
253.187
104.773
33.6535
86.766
59.6248
126.419
37.4268
125.968
75.5526
77.4104
29.2703
76.8807
39.478
31.281
31.2573
28.6706
57.3332
34.5691
43.4897
73.5144
57.8335
59.2263
68.3825
68.0456
35.3348
245.472
29.6162
38.5549
127.603
42.67
174.058
37.5843
61.539
29.0495
124.042
28.6278
29.4866
131.35
149.948
159.116
128.537
66.9997
75.6615
42.3159
39.1481
252.389
104.877
134.096
234.069
101.69
28.1869
56.5545
38.5603
134.976
47.1692
139.485
198.273
75.8068
120.241
62.477
103.522
53.3812
35.5766
78.5601
42.9006
73.2028
74.7509
80.9562
63.9441
42.6026
130.682
69.1523
77.1685
48.0243
145.481
64.9812
57.6241
99.4448
72.9405
81.8914
83.0119
155.175
40.4606
170.723
64.5625
174.757
66.7427
26.6976
53.7469
32.1925
170.984
79.0345
75.9256
153.995
206.645
35.4073
48.243
192.82
31.79
216.215
56.5567
144.678
27.6611
111.947
61.5599
70.95
125.772
52.0826
57.6705
245.594
221.322
40.304
144.605
46.9018
52.6809
147.322
44.3042
75.734
133.54
158.437
135.691
38.4114
64.2258
73.5107
59.2956
66.6603
33.0199
97.8912
51.6029
86.3454
112.474
78.9144
175.153
33.3863
34.2157
67.8935
39.6617
185.064
65.7541
28.573
101.292
49.4764
50.6743
34.0693
131.737
124.18
128.048
87.2507
101.639
28.8423
109.847
67.2839
104.456
47.9782
90.9507
163.385
58.4773
160.75
170.894
70.2024
66.4679
40.293
37.4801
57.6798
75.4096
179.215
49.5581
71.6407
33.6114
162.709
105.325
107.612
42.3405
170.584
178.625
111.713
52.7478
34.8981
101.065
75.3826
42.6734
92.9773
49.373
109.944
63.351
54.7178
57.0458
98.1737
55.3853
70.7022
120.994
77.5911
71.0718
152.62
177.823
91.1695
113.024
133.771
29.0016
48.2237
49.3083
40.6543
51.6871
210.489
110.367
66.6449
135.658
122.444
53.604
85.6466
96.6765
148.744
62.9412
125.843
70.5573
166.612
162.851
33.5746
57.4498
138.197
77.2319
107.583
40.4541
41.8065
137.618
118.108
40.9826
108.134
55.6815
113.269
148.523
101.072
64.1837
172.314
63.017
56.619
48.7309
53.6986
30.6704
47.7915
67.0754
55.4532
80.6181
111.031
33.7147
95.3758
66.1725
58.6874
60.3139
212.442
155.356
84.7257
47.2149
102.057
46.5654
42.3465
227.884
63.0113
29.4396
76.8608
28.7046
51.4903
76.3183
79.2216
33.5882
79.2619
51.0301
126.549
145.225
113.989
70.8248
54.6009
27.0754
31.9427
185.002
61.2086
88.369
86.0131
111.794
45.5707
33.093
44.5263
48.6251
88.1282
95.0528
181.251
181.416
31.4106
50.9693
29.996
66.9918
143.484
49.4223
92.9006
168.304
35.7342
58.6693
122.998
92.3795
146.706
197.313
50.487
140.592
123.486
64.8557
186.31
55.2277
94.4989
173.768
96.3338
191.397
202.362
31.8224
48.324
42.798
54.2222
36.1678
188.084
153.36
128.347
167.456
36.5001
118.041
32.4706
28.4928
127.636
64.5277
59.9057
32.1309
103.391
69.7582
84.6979
109.934
138.143
50.9609
34.9459
112.225
58.2356
235.37
219.82
137.081
39.4445
92.6435
63.8512
28.4458
193.372
123.645
119.715
37.6238
50.1399
46.5797
69.4374
244.178
62.518
45.5984
60.3238
125.071
62.2779
122.147
72.9737
38.2778
35.7826
240.71
145.148
55.0537
50.2642
39.9272
60.3759
43.3559
86.2244
211.968
28.6726
61.9619
261.089
145.098
77.1446
92.6848
46.2684
76.8216
167.162
210.332
65.8132
76.5655
29.3053
91.8782
33.7658
178.033
38.6987
159.829
103.582
86.7897
97.2223
261.41
64.3712
46.8223
80.2542
176.809
125.679
74.2706
257.421
71.9537
48.1545
64.449
134.127
78.4975
172.57
231.082
27.2095
128.682
149.38
129.852
50.5521
27.6967
135.702
28.7841
76.3077
152.202
29.3433
43.8235
50.1894
63.2522
55.4499
36.1489
127.622
27.1227
31.3946
76.5039
87.8598
65.8598
46.2474
185.02
54.8367
35.8903
48.3235
75.5551
115.237
48.8595
179.603
136.359
66.7767
53.2117
46.5682
105.005
50.1537
103.646
97.9142
118.994
39.451
28.432
59.6891
161.523
34.2427
49.2029
61.9431
111.689
68.2596
29.5422
65.5735
57.9159
58.5753
48.0565
156.131
133.685
94.952
85.3956
51.9559
121.563
65.8796
35.9588
60.7504
72.0182
61.4669
67.958
30.6528
67.349
133.828
37.3525
202.247
44.4461
124.884
112.058
46.3623
249.776
173.895
115.519
29.0219
27.7536
106.897
103.607
257.998
46.1299
146.148
63.3816
69.183
55.618
27.711
61.8989
56.8155
51.5568
113.919
91.6887
98.6627
141.3
73.5941
151.61
178.658
27.9979
80.1066
34.7965
30.3854
260.846
60.8251
210.263
92.3421
73.5766
29.8866
32.9494
113.214
52.6483
63.2125
29.8287
93.1735
35.2066
149.947
259.205
114.608
42.7042
62.922
73.6069
132.28
69.2064
123.302
119.318
124.519
68.4285
27.7948
79.7555
48.5452
96.7249
28.364
102.549
104.74
101.115
134.372
111.03
32.9651
191.442
118.887
85.7621
91.4137
28.5342
94.1982
37.1832
54.4529
110.376
75.1879
75.1265
94.8097
41.6232
152.287
53.0975
29.1958
200.515
30.0567
29.6084
108.54
41.8594
37.7881
31.7842
55.4601
49.3573
92.1367
226.449
38.8517
168.346
143.381
148.032
66.4143
252.233
93.3384
57.1587
101.155
55.607
67.1307
50.8275
250.443
169.097
74.657
120.301
150.753
99.7392
98.5733
85.3492
58.8426
48.5893
144.995
58.4959
85.8946
60.4565
66.2974
118.002
65.6686
58.1172
198.637
78.6843
68.2222
38.3329
38.9689
95.2487
251.218
92.5012
103.623
150.459
55.5934
47.2619
143.444
58.4796
172.066
97.9619
152.82
80.5698
64.5464
116.575
32.88
74.9238
112.306
93.2094
28.4852
46.3089
33.0341
233.005
138.06
56.9449
95.0711
102.623
74.0124
132.294
34.7863
79.2847
101.639
90.2761
85.2374
56.4987
181.692
235.476
182.248
49.7545
54.982
130.351
189.191
113.747
198.708
104.028
80.9372
58.3263
87.4507
194.951
79.1946
121.341
135.688
56.9118
33.205
151.815
204.013
174.746
179.486
34.7543
60.1227
135.692
48.6732
46.3921
76.0531
197.859
41.8809
118.492
57.7965
191.853
77.6369
123.371
68.8231
138.498
26.5154
139.521
46.8577
123.511
66.1556
71.2217
105.714
26.7917
28.0155
132.514
97.914
202.288
109.222
26.824
112.505
156.504
230.667
39.7976
201.969
48.2242
32.7358
135.67
232.552
111.936
52.8757
91.804
56.8305
195.297
37.6044
79.8408
33.4088
29.0387
31.9331
38.4385
64.2545
29.9083
28.6109
55.7501
44.329
92.6
34.3541
32.2187
36.2581
66.7577
124.341
98.0944
68.6992
155.289
146.536
36.8576
135.95
117.43
190.488
53.646
75.4543
46.5842
118.837
178.322
37.825
31.3256
94.5522
74.5448
64.0164
60.9503
204.464
190.898
40.9791
54.386
36.8448
65.6752
219.042
120.556
35.9774
120.885
43.4036
57.632
35.0039
121.361
56.4173
78.1848
61.902
161.782
49.2158
66.523
71.3937
198.885
137.235
101.632
89.4915
40.0733
90.6399
48.1352
62.1433
42.5254
222.611
81.8074
108.238
79.9179
128.383
28.3004
89.9351
97.6713
35.6589
95.3043
42.0608
39.4519
27.9115
50.9384
55.002
81.0483
85.4367
117.191
29.9607
74.3446
116.022
46.2267
41.1462
59.3009
144.454
170.384
117.69
171.861
150.559
39.7678
81.096
49.2193
77.3892
44.9416
78.9798
84.6136
41.3284
60.7567
110.956
126.964
37.6415
54.0743
48.6815
130.844
105.326
141.925
60.1335
198.088
27.6481
71.4271
137.727
39.339
180.578
67.492
68.9286
75.6512
42.0286
141.945
59.2073
80.1373
75.2033
49.9793
46.2877
50.9405
156.605
51.5968
44.8749
242.43
65.6935
127.146
83.1521
28.058
41.2803
125.067
84.1529
123.165
57.1878
29.2955
174.459
119.542
37.35
50.4305
27.0125
67.4635
66.3538
35.1499
69.7778
84.7404
39.0447
103.341
80.1838
96.9087
85.326
105.944
192.139
92.6556
46.7197
100.152
58.8776
90.638
152.228
75.5749
63.7935
133.977
32.4361
114.194
79.3924
53.8066
111.058
159.242
49.0231
86.7248
244.649
47.8086
47.2246
89.3329
65.3966
141.503
37.6732
68.012
68.4913
196.604
100.769
87.1255
178.217
60.0502
72.5261
31.8593
80.4945
45.598
88.7471
28.9924
79.9128
70.1531
172.181
33.0919
197.198
29.1378
119.562
42.2693
154.155
27.5222
254.873
96.3186
154.443
32.0628
73.2182
47.3344
98.6312
35.1458
37.8584
77.8585
48.6988
210.342
216.217
104.159
28.2198
36.2707
26.7744
79.7522
38.0838
98.811
43.2706
121.744
44.5273
118.02
59.7594
168.509
161.332
216.566
88.9836
94.2822
70.0314
154.854
179.963
61.6502
120.078
34.6645
85.1621
83.3178
109.926
27.3368
72.4737
66.2564
55.5643
201.122
80.5884
41.3999
32.7115
34.4659
35.1354
177.797
31.8535
108.135
71.8994
102.581
129.748
106.923
94.2588
151.584
185.525
33.1958
122.466
68.7534
49.5968
176.653
79.4316
33.8761
37.2029
234.112
59.3295
237.014
39.9176
166.125
27.0092
30.3663
206.719
33.6435
90.7286
159.131
33.0791
44.0311
48.8175
58.2521
100.534
121.972
32.8453
98.5512
163.295
60.7371
116.846
170.871
47.24
170.185
135.631
35.9738
71.2097
42.4122
67.3306
45.0641
83.421
52.2753
84.3258
43.1286
117.024
40.4731
145.425
26.435
99.601
92.5966
62.3594
42.557
33.6853
76.9264
76.0312
55.012
134.325
36.2161
188.051
91.3072
36.6668
36.1663
119.206
127.687
40.0124
97.3896
174.917
73.2586
31.9758
87.2587
135.842
54.7993
128.29
182.051
65.5345
86.4287
142.913
32.5803
51.0147
174.715
93.9388
27.0161
66.1221
167.673
40.3597
68.128
77.1269
52.2251
144.8
146.768
46.9467
91.0993
30.9184
32.2676
81.1494
86.854
48.0897
49.6476
92.0192
34.4741
139.693
168.58
116.371
98.8897
46.7473
89.8359
62.642
33.2567
72.139
27.5765
85.8189
79.4579
59.4637
46.0657
46.544
48.2576
81.7668
203.37
33.062
45.193
77.4895
38.9793
46.0774
58.7443
48.9776
100.956
40.9157
54.0359
50.6049
86.6543
113.748
58.26
100.916
114.338
37.0785
115.653
166.704
144.318
45.2536
97.1126
51.4652
68.3846
70.6281
90.284
116.858
30.9525
51.7453
110.784
30.9358
37.673
44.4985
88.5507
29.5661
54.4707
93.5599
33.9265
35.9878
164.227
58.9683
71.2227
98.551
94.77
168.33
54.9933
188.357
43.3159
116.332
51.153
109.607
208.127
89.7143
49.3301
67.2346
40.4226
164.693
81.3303
123.814
143.727
150.984
62.7825
239.474
191.764
126.841
56.4989
46.3616
44.2901
189.454
33.9368
231.48
117.515
119.044
78.2297
66.2461
141.37
41.8288
48.0084
54.4831
31.5476
41.0341
148.178
96.8505
119.24
69.68
53.8516
48.6159
39.5032
140.659
89.9801
85.5169
252.298
88.1492
40.6904
94.1209
41.1407
140.491
237.441
38.1077
70.6372
135.778
42.5585
36.9983
166.965
194.05
82.3124
108.965
90.0756
75.447
39.8438
70.1665
158.111
109.91
89.0806
45.5416
215.466
48.0129
73.737
113.25
141.527
90.2448
69.0784
118.881
144.622
104.65
89.1238
80.8472
45.1776
60.3162
86.307
202.13
109.127
182.134
115.584
75.9225
56.7368
107.732
64.0182
28.5666
37.0993
138.064
45.8927
233.866
44.7708
125.557
69.3665
55.464
27.7346
149.811
59.496
68.4176
145.267
97.9179
59.2955
191.095
29.305
64.8092
81.2602
252.921
37.6621
33.2351
77.8846
55.3325
47.0598
208.37
29.9852
252.378
26.5649
126.786
74.2647
51.7137
111.797
44.7382
113.137
66.0674
30.4233
35.3685
57.0207
43.1188
106.4
136.161
231.187
37.3874
34.3459
61.1105
30.3484
53.6547
99.9385
64.1673
68.7606
87.2037
51.2782
30.2246
51.9018
80.0758
38.3929
219.572
171.911
99.2208
32.6988
107.811
58.2004
200.567
91.2062
67.6929
122.669
218.048
68.1011
40.5488
141.163
113.186
129.268
194.662
124.282
136.853
53.9562
102.335
95.5591
46.7116
75.9295
81.4807
101.574
26.8708
122.694
67.8527
67.4333
61.5086
82.5767
137.625
105.525
89.9348
36.0013
69.4459
215.755
43.9406
155.319
77.1381
240.119
68.2307
137.128
161.186
119.519
80.3044
76.4472
75.6355
158.231
183.26
78.714
82.0913
89.7384
91.8938
62.2035
107.799
62.3325
75.1799
79.0667
149.306
201.985
111.319
81.7382
111.765
40.2826
88.6897
55.4489
83.0499
77.9628
115.413
65.0566
147.816
250.611
34.0315
30.6589
215.284
42.0282
140.94
141.602
32.1089
46.7419
59.9894
62.1559
92.5587
52.0653
98.2589
52.6502
63.6488
78.7804
29.776
62.2253
93.4585
104.677
163.186
126.178
85.5977
93.5298
45.7222
72.3931
75.9151
72.1179
113.371
94.194
34.307
27.7107
243.685
72.3892
53.7157
110.715
106.718
244.95
104.161
132.942
38.2371
59.8181
141.521
57.9267
54.9646
79.5958
78.7935
198.512
162.02
156.164
40.6753
93.5869
128.567
48.825
100.576
80.3177
31.637
112.97
111.31
259.413
32.6516
99.8786
88.6348
56.334
163.582
74.6595
198.472
90.7417
99.666
70.7052
53.4106
78.0605
95.4369
40.1312
63.3858
92.176
182.464
76.733
197.897
132.687
150.95
46.9413
80.8752
59.8022
71.6885
54.8671
160.367
237.401
120.851
94.0503
49.3593
34.337
72.0659
237.627
32.3263
91.1459
157.133
60.4563
38.7596
36.2627
113.272
86.5706
100.161
30.871
59.3249
165.325
45.0502
30.8338
49.0793
178.969
99.5659
90.5928
42.6232
114.87
71.5515
129.777
213.237
170.09
255.16
103.427
107.424
133.917
135.153
99.8843
53.3034
44.7477
55.4695
157.413
40.2148
29.8167
51.7929
163.115
53.7559
38.7597
50.5354
84.2672
103.698
73.0626
119.747
27.3734
99.0086
105.474
29.947
82.4185
33.1756
80.2769
71.7569
60.7492
252.968
148.549
189.288
77.9432
204.233
136.959
42.5841
70.0458
106.425
135.519
34.4326
82.3192
85.1497
28.2632
206.064
34.4131
105.346
95.0791
81.8654
90.6107
61.712
63.85
126.861
68.0033
188.079
72.5473
82.2616
152.979
64.3073
83.0476
151.072
121.27
58.1717
37.9625
89.5235
86.445
143.505
32.8756
43.2692
32.5953
71.2923
77.5264
133.716
39.1213
150.734
131.577
78.513
104.666
35.0955
28.7201
28.1064
26.5334
109.274
102.771
133.998
43.4095
41.8011
36.5021
41.731
108.288
48.6865
39.977
57.2241
130.365
37.5264
52.164
48.3968
46.3055
26.881
71.0569
184.279
58.9213
74.5824
60.8719
133.254
43.9367
68.1909
67.6329
45.5996
59.0261
39.0215
43.2902
86.9332
99.235
40.6839
111.505
78.5732
46.2043
106.267
99.7963
54.1391
239.421
61.1398
62.2765
33.931
43.4635
117.107
162.9
114.45
86.7151
28.7308
66.4785
153.586
188.453
234.755
41.5745
111.942
83.5216
63.8973
115.103
65.9484
45.4938
74.7833
124.265
35.3188
220.38
44.5012
64.4496
38.0716
41.9296
83.9546
37.75
172.408
57.3491
92.4632
63.1675
71.8037
67.2156
39.3408
123.142
35.2066
128.996
149.907
108.572
79.2909
100.207
46.7661
49.5545
63.4366
188.126
74.4622
212.907
101.469
139.941
33.6737
105.393
126.601
41.3901
126.543
108.418
194.943
213.913
89.5679
90.6681
121.36
207.744
70.4872
50.5365
187.573
27.176
87.7705
42.0881
51.3143
122.556
90.9157
81.9689
80.6988
71.3307
53.511
37.3437
62.8196
254.648
105.358
109.189
225.958
92.0439
134.277
131.273
73.3773
37.9611
148.497
48.5376
84.2504
220.501
50.2348
174.155
56.1227
163.441
64.4648
48.3334
70.1012
118.524
135.666
44.5547
84.0661
45.4712
175.049
127.848
28.9293
132.993
35.4426
71.1147
226.569
111.817
172.013
142.207
44.6462
153.056
60.697
138.471
60.0365
51.4675
175.849
35.104
116.929
101.887
33.5623
59.9673
117.335
204.183
164.706
91.4873
31.5453
92.876
127.941
51.7891
44.6662
32.5593
236.999
101.906
85.0637
74.0052
56.7982
48.8394
55.6604
133.741
29.6108
53.0805
104.01
122.29
111.986
33.3655
87.4647
48.0042
120.317
92.8927
201.428
31.2026
34.9185
97.0599
98.396
42.9878
37.7515
138.494
141.979
41.3419
104.002
41.0388
244.391
170.956
123.649
192.661
93.7319
87.3283
62.1052
48.2233
32.1689
96.1848
44.1553
86.9058
99.1695
29.4766
199.126
94.2491
132.603
45.1537
47.5359
64.0623
106.597
54.9205
63.3679
64.8876
82.0081
27.2806
37.1083
212.382
64.3768
176.952
88.63
67.8957
38.039
76.3487
45.7451
41.7195
158.541
30.4491
50.7174
67.0577
29.3554
171.617
55.5682
46.0099
37.4469
72.6742
246.644
49.7123
123.019
49.2387
95.3865
99.7303
44.2408
79.8507
144.324
143.877
45.3132
66.605
66.464
118.473
113.006
91.8614
141.022
162.657
85.2758
112.985
30.472
112.826
41.915
73.1618
43.522
39.5028
76.782
130.089
63.0002
95.3305
144.524
32.5066
101.576
28.2085
75.4879
130.788
128.257
76.232
116.869
105.85
33.1723
132.577
31.5534
137.301
74.5488
75.7959
156.959
79.4876
111.404
86.0911
70.5914
41.2346
172.77
97.8639
37.9945
27.6027
160.286
32.9159
31.5472
156.385
43.7808
69.3699
189.179
36.8232
73.5833
84.5816
62.6332
82.1287
62.735
176.545
44.9524
226.79
36.1026
164.633
36.7536
84.181
55.1043
43.2902
79.8462
61.4419
27.5597
153.03
142.49
78.58
226.878
64.5272
151.145
145.669
190.269
163.075
148.585
252.629
39.7113
36.5509
42.8209
56.1115
54.5634
69.2012
45.5282
41.0492
36.2082
74.8416
227.13
50.3234
67.4532
109.254
67.7233
128.479
159.023
105.07
63.2776
205.101
71.3143
48.7978
121.361
57.7616
51.8543
97.9586
203.054
34.1234
144.526
26.8808
48.161
51.6586
65.0039
239.738
121.878
33.21
67.0697
185.806
54.1555
108.594
41.3513
209.478
92.0068
210.245
46.3941
96.4215
27.1
43.8169
31.3473
229.926
66.47
108.548
51.6526
248.386
119.302
26.8222
95.114
104.004
112.294
137.001
104.674
36.1038
50.4983
78.7806
53.0955
182.681
130.723
151.362
35.9029
151.559
66.7224
42.9517
97.3793
39.7672
159.983
184.281
87.4977
121.567
90.5685
53.3035
54.0734
74.9842
60.6788
196.376
192.274
84.3677
38.1682
195.015
46.2982
65.5342
80.5234
51.8723
55.2446
135.43
63.9218
52.7311
50.7604
242.256
30.3698
168.274
84.1462
90.5211
148.281
75.6811
78.1721
105.098
52.9121
32.877
121.16
38.0108
82.7483
132.342
43.1021
60.2177
43.0647
140.543
120.96
87.9432
137.338
58.6187
91.7473
113.092
77.4815
110.344
89.9087
41.9061
48.9751
26.4493
42.8726
126.015
47.2574
57.5826
158.563
181.949
70.0327
68.8159
83.9883
127.621
66.8209
83.3508
85.589
74.2987
41.4983
87.9584
80.7235
52.8792
77.9418
150.132
41.0743
39.5081
104.994
28.9725
59.7012
137.706
38.5776
86.8475
28.5195
109.192
70.8472
28.2362
56.6043
101.05
33.6369
89.9812
82.0611
82.4781
94.7021
28.5233
209.519
53.1031
51.4166
120.891
61.1726
95.4362
70.7174
41.2553
144.973
40.9416
87.2146
32.6831
26.9401
34.3943
34.1286
27.7893
56.3018
71.2116
89.8915
41.4806
124.004
71.2285
191.228
147.439
67.2421
85.8798
60.1682
166.457
40.0885
33.9412
90.5184
167.216
120.653
92.6976
69.1917
187.561
101.718
34.2895
35.4748
85.7909
188.758
198.662
115.082
112.727
57.2293
68.3078
45.7402
27.6423
113.853
51.3556
142.223
85.8941
35.3733
86.804
144.231
74.0163
77.3457
99.9893
27.9949
76.6892
33.6681
44.989
30.6492
164.244
82.9917
156.24
39.3464
118.26
31.3367
34.1969
78.2505
48.9618
177.661
54.5174
87.7057
51.4938
33.0518
37.132
86.4551
55.5055
105.343
163.971
58.626
30.5716
78.0417
173.255
40.6311
78.1454
105.651
29.5372
119.249
95.2624
59.2035
173.182
63.286
147.842
57.0731
144.471
74.7044
53.6262
133.445
102.686
38.5449
48.197
188.131
36.2729
87.9106
238.393
60.9197
59.3981
91.6602
69.1578
68.6587
30.7973
202.88
81.7116
127.822
47.0987
209.435
42.8709
34.1636
135.725
80.3253
37.4206
26.5587
86.9617
39.2824
198.197
172.323
40.4505
208.921
69.1238
46.7262
99.4492
66.0554
89.7616
57.2379
36.7686
94.0598
123.323
78.965
58.3521
55.4003
79.1211
65.3035
114.891
55.2958
34.6369
27.941
101.461
177.028
66.9101
170.814
44.2579
79.2113
30.0484
100.498
106.298
35.3926
56.6905
35.6625
88.7292
113.689
44.6588
27.1922
27.2141
95.7525
174.229
235.043
59.1585
42.6927
58.4038
34.9569
32.9997
74.6538
34.7647
38.6177
191.036
75.0546
54.1579
133.715
116.511
84.7882
33.2176
180.721
57.7638
122.985
203.705
89.7686
33.8426
41.6914
39.3581
95.6047
37.1249
141.783
43.2297
144.938
78.7216
135.7
135.822
34.0244
217.776
61.8849
144.942
181.429
27.5784
152.694
32.3832
81.1426
129.222
29.5358
109.825
217.181
99.2673
121.622
54.9138
60.4638
39.5259
162.001
123.576
36.4784
164.468
122.464
145.499
38.6609
45.4481
56.8143
40.5941
263.369
105.988
93.8074
99.6342
85.5633
31.1475
134.599
53.6214
33.6667
41.7149
44.4
39.5124
86.231
200.595
107.855
183.242
49.1436
84.8196
95.1398
62.1889
136.526
210.736
39.3222
47.3715
121.921
121.712
138.934
79.5751
126.29
132.232
31.139
188.3
61.7567
39.287
40.7753
247.447
134.203
30.5084
112.041
244.3
49.3465
39.7471
27.6696
33.1596
70.6361
215.932
58.125
100.217
109.235
74.7036
41.0856
36.8031
70.5276
140.017
92.2934
50.9436
57.3108
127.425
71.0513
92.2004
28.0062
31.5668
45.1167
97.258
205.658
68.1512
87.0692
28.6503
60.5977
39.3838
232.118
183.95
225.445
63.6023
257.802
74.4383
219.915
85.5622
96.0441
124.837
45.8868
69.8454
249.777
45.4349
59.9768
230.071
69.8093
34.0856
31.4482
129.16
57.4256
163.388
111.34
111.552
36.717
150.871
52.1752
58.6597
89.2443
36.8266
42.6362
47.7686
70.9847
34.8721
34.9734
51.0823
44.1043
65.3937
79.3854
29.5795
40.5089
245.977
66.3819
96.3728
81.4348
51.9231
84.1454
60.4407
108.411
148.166
220.505
122.789
173.172
58.4617
205.829
38.8814
217.407
68.0547
92.88
49.5378
41.5236
103.021
58.9863
26.9933
75.5115
34.5763
28.6254
145.029
55.5051
149.537
27.1479
81.0644
177.937
139.349
34.6795
113.97
85.7433
62.5266
250.117
195.205
46.2777
72.6783
41.5552
34.3787
172.038
32.6973
113.81
31.9351
160.726
192.454
33.6676
27.9536
112.051
57.4776
71.0836
109.346
71.4205
81.8262
73.5753
124.681
79.7061
54.3625
143.542
28.2001
94.777
37.5258
49.1321
27.6652
102.657
219.509
96.114
95.413
137.27
102.494
48.5666
77.7348
45.3079
123.898
68.2494
31.3183
44.0913
229.648
213.216
116.046
257.094
36.706
94.5836
74.9966
29.2333
26.8946
163.411
79.666
38.8897
165.542
162.917
214.992
66.0113
44.5401
65.6997
75.288
31.174
53.2592
132.306
28.6109
50.159
43.4087
52.4069
52.2465
27.7635
26.5123
176.865
178.189
141.815
49.2004
26.643
58.3412
125.408
127.797
49.1038
57.4126
132.722
94.7962
113.91
166.103
81.637
138.362
47.1253
111.585
29.0427
27.295
112.371
176.01
72.7141
43.9999
71.3952
180.45
51.4108
35.824
170.919
48.1993
112.372
29.1937
37.118
171.033
144.798
122.264
28.6722
117.43
51.7849
32.2576
42.676
26.7681
36.6863
125.768
53.3908
176.464
153.063
110.296
172.84
160.376
83.7591
135.37
156.557
72.7152
78.0727
241.836
45.0666
87.4687
191.974
57.7656
36.5236
79.6136
121.04
55.6085
29.1959
194.033
133.886
44.2119
78.4414
26.4349
86.2415
55.4937
193.595
31.1579
205.379
101.721
215.076
37.4531
80.994
42.3757
89.2091
234.408
55.9304
43.4402
187.781
202.161
206.964
96.0571
36.3666
86.501
51.0096
129.512
128.758
232.062
69.299
209.026
87.8428
108.782
28.2284
187.493
76.088
67.622
42.1493
47.7946
65.6323
97.3325
144.32
91.7022
247.697
94.2406
123.326
227.971
42.6376
101.207
101.288
42.1299
107.014
57.506
44.4566
132.701
35.9008
64.772
81.0768
47.9769
28.8782
60.314
34.9001
33.0611
109.293
49.0672
103.673
63.4159
103.564
44.5
96.0611
147.67
225.323
35.8331
183.747
238.319
64.5855
95.3945
61.837
73.6254
112.494
77.4734
87.7321
54.9624
34.6432
148.571
76.4327
143.183
131.27
36.411
82.972
33.2955
240.689
95.7054
95.0638
158.55
28.9375
44.6625
118.959
155.269
88.1201
70.0898
43.3399
54.8639
97.4842
178.658
149.968
117.106
46.6426
61.4858
56.5948
40.6196
101.288
157.807
207.023
211.896
98.0872
101.404
74.6304
47.1414
47.4348
38.2242
97.7076
120.394
35.263
32.3753
153.117
55.9709
27.6985
166.359
146.831
126.223
56.4984
181.74
115.902
38.4037
53.6806
29.287
186.704
32.2457
32.9787
71.576
37.4818
48.9968
52.0348
33.2331
42.4586
82.7722
217.727
73.1318
99.9616
73.848
92.8636
63.477
35.3631
190.943
139.525
70.0797
28.7164
49.6015
38.8241
154.968
168.494
56.3745
180.569
41.9976
174.608
27.2072
96.4867
29.3121
40.9967
40.017
41.5271
103.313
100.765
96.8643
33.838
43.4311
146.358
91.7024
62.6401
162.105
135.944
32.5339
226.165
259.034
126.1
81.245
57.6507
58.8856
58.0058
64.668
103.876
94.2731
104.538
65.904
29.6276
149.784
235.877
59.576
61.6402
36.9997
31.1973
71.9141
27.6402
43.6887
34.8936
90.6709
104.805
231.538
54.5676
144.338
28.8854
30.156
83.6808
99.1743
105.256
83.0747
100.732
30.2325
179.45
53.0669
34.4056
69.9171
155.955
41.4167
43.705
68.6563
60.7566
99.7666
165.296
27.0541
43.9668
61.5827
43.7838
61.6491
72.1591
109.371
60.0468
177.096
89.744
30.8709
241.475
99.4035
158.801
33.0846
106.559
31.0639
99.8921
68.4472
73.9546
81.5363
46.382
32.5312
145.135
192.453
69.6404
76.9691
81.6056
124.474
81.1433
91.4105
69.7715
39.9968
131.434
117.546
117.969
31.2536
28.8429
129.075
141.094
36.8705
129.935
154.062
79.4078
45.7488
146.719
37.0859
54.2635
29.043
104.114
127.323
33.068
98.8043
220.182
109.631
134.222
37.48
89.1375
85.5277
100.348
125.763
34.0293
177.004
138.763
74.5676
81.8
153.673
37.1861
28.9042
56.9513
174.126
52.1616
37.5413
42.8836
51.2742
209.562
59.5254
155.781
137.202
53.4733
48.8529
39.0853
56.3057
202.783
96.1724
163.633
56.8811
59.8944
86
108.42
146.938
27.3019
33.429
32.5428
52.9298
87.0625
66.2796
171.632
43.3769
44.2373
27.9494
58.3332
50.0471
33.8029
89.1786
90.9752
89.5233
211.542
45.2078
76.504
28.8675
150.643
90.0794
50.1189
58.1098
155.655
56.2301
101.199
53.0937
65.3253
44.2203
261.988
148.006
70.2493
176.136
52.6479
49.4522
113.273
128.27
229.657
112.55
49.6808
83.9317
78.3942
181.783
35.983
137.494
54.9482
49.5
236.881
41.7633
35.8311
38.3699
107.888
45.5027
69.5326
52.9
94.277
137.444
100.584
100.855
53.1271
114.952
258.47
63.6873
187.437
92.187
35.0313
165.388
188.679
141.099
170.518
44.1725
26.6742
50.472
60.3346
85.1778
46.5258
121.556
42.9284
78.2677
85.0625
85.1682
58.9325
170.764
87.9398
162.951
30.1214
97.2643
58.103
45.9523
52.4811
181.937
81.8352
237.584
33.9435
76.7288
38.9094
78.8863
53.0067
102.758
221.405
43.4399
28.1238
87.5532
65.0777
31.7244
55.3519
28.7199
68.6217
78.9358
49.8513
99.1231
103.798
118.972
37.3128
33.535
147.731
160.439
59.0864
38.5108
76.1379
77.1785
125.704
111.001
144.129
72.6286
194.204
74.9126
77.6988
83.04
60.2251
139.28
116.941
179.593
36.274
27.0841
40.0146
45.8037
69.583
71.191
57.5111
58.3949
78.4902
36.3104
31.3767
98.0508
38.448
189.361
30.7666
223.521
58.178
189.663
133.188
34.242
90.4398
55.4179
26.7054
32.048
107.568
98.4176
96.3652
113.532
148.663
49.8261
36.3895
98.4945
75.4792
51.5234
42.2011
88.8991
110.719
148.123
47.7511
58.3083
36.0556
133.003
68.2116
50.9699
35.6205
168.686
43.5841
65.1494
98.5235
44.9838
160.836
63.8317
252.592
32.0052
173.403
27.3916
216.755
50.4275
28.0497
31.6996
143.201
36.0181
37.6977
135.867
62.7356
126.128
27.2459
83.4156
39.6482
228.173
34.5243
49.0864
59.2188
107.371
68.5754
72.1832
122.737
225.008
148.526
51.649
153.856
35.5896
232.287
47.0364
98.2705
31.2475
161.116
114.631
39.2936
121.182
121.281
180.956
126.135
174.162
47.5067
174.311
52.8514
27.0287
118.931
28.1337
188.711
59.0994
220.781
37.7825
54.4103
81.9628
52.619
92.7689
38.337
135.518
51.289
111.904
155.268
52.7965
40.4365
37.6653
205.689
44.0624
49.7892
155.228
74.8189
105.427
45.5927
56.6943
79.0458
33.4356
52.2565
209.664
65.3322
149.721
75.2531
157.762
60.0762
43.1697
27.582
32.9009
104.068
141.329
174.321
57.6996
50.7307
67.0234
105.958
26.8281
59.3471
97.6083
39.7786
146.439
121.303
246.153
127.948
162.134
47.4137
79.6627
76.5398
41.3627
108.398
79.2187
157.146
32.283
46.7003
41.7595
32.4248
34.9072
162.351
66.8648
29.9097
41.6162
46.8539
140.533
41.193
188.123
30.4868
258.231
89.1945
109.673
132.396
75.0613
123.333
51.9568
62.2706
201.217
215.757
35.6529
47.672
75.732
103.58
186.529
108.197
37.1053
68.9356
129.831
33.4707
243.262
43.4193
60.3627
150.771
45.0923
124.1
132.355
96.9806
72.1346
45.3713
54.4613
26.8883
41.2656
125.105
201.27
187.873
141.078
119.804
107.413
68.7503
99.9484
107.034
43.7155
227.343
124.282
38.3235
60.8525
170.654
109.424
70.3641
165.456
90.5894
183.101
113.991
78.5288
59.2459
52.9717
51.0376
39.9083
141.039
32.7973
172.609
220.587
145.438
129.795
42.911
58.0598
33.4394
29.935
58.4416
31.8767
64.8927
175.351
58.5548
179.037
66.2571
82.1557
71.8604
48.7284
46.9508
167.605
28.8652
32.9247
136.545
51.7588
178.345
80.2241
43.7377
141.392
97.6717
40.751
38.4585
179.498
71.7997
30.0879
154.857
107.846
173.414
46.6946
65.785
206.269
101.815
169.107
66.6678
31.7586
167.946
136.48
48.4765
250.944
29.9215
223.325
65.3383
74.693
76.2895
30.8791
60.4004
117.186
74.8306
113.141
214.397
47.8206
258.944
106.8
135.132
144.759
251.383
164.159
42.3896
199.651
47.7829
59.889
231.529
55.8006
56.0657
44.6205
42.687
62.6297
74.3665
101.977
85.2709
40.3454
54.5473
111.334
48.2533
214.367
251.705
183.392
53.3534
63.8649
77.0354
107.834
36.9351
30.0453
140.904
232.613
99.126
170.529
60.1679
29.6946
71.9988
257.666
36.4052
29.7929
109.95
47.1286
107.711
109.307
86.3433
50.4478
106.892
33.1632
134.245
75.8675
101.137
40.0503
193.324
38.5262
28.0217
48.1533
35.2838
84.1039
151.916
102.48
57.2679
39.8382
73.8972
64.2233
231.314
59.224
173.466
30.2835
160.996
41.1664
62.5402
32.0559
216.172
182.202
32.6024
120.752
66.4367
48.3749
46.819
116.314
107.124
89.2307
176.376
84.7051
135.263
119.602
64.3603
130.48
30.7591
80.9078
39.8493
34.5986
55.7612
151.746
214.595
144.522
59.9029
37.7556
91.4869
34.5107
84.0722
31.1913
244.22
27.2558
94.4022
48.9926
27.5562
132.151
50.3566
59.4791
37.2741
48.2264
43.6735
55.9896
115.076
44.3066
43.4382
151.11
218.555
68.3408
37.8609
85.1022
53.6149
99.4583
38.0963
51.9285
208.988
170.708
160.996
218.837
201.509
88.7806
68.7069
26.5051
85.5158
88.9181
34.4757
31.3327
35.7957
98.0279
45.0717
28.2835
198.512
146.032
87.7588
64.4508
59.2555
87.0919
33.4101
41.4545
53.1056
36.7604
99.0098
112.791
30.0904
82.2559
40.1502
151.497
49.8009
136.242
165.827
31.8319
57.4446
91.4681
119.386
77.3244
80.363
28.7388
45.5504
98.6309
60.4774
44.4986
175.977
60.3452
53.3435
99.3677
95.0629
132.052
223.376
123.096
67.4633
67.2185
110.344
135.084
36.5549
35.5516
65.3254
67.7235
118.202
31.8932
40.4129
59.6725
76.4804
179.364
28.4689
72.5275
160.367
84.4175
70.4628
85.8645
28.0045
69.1011
186.074
125.794
74.8656
29.1147
98.2308
61.3471
45.3862
63.1204
29.6938
64.0868
27.9978
52.5818
28.1729
33.8063
65.6841
111.723
79.3431
126.561
56.0368
34.3289
80.2081
40.3623
67.1721
135.725
63.8207
26.3718
151.467
154.227
50.9413
188.801
122.361
43.9739
68.7662
155.047
75.6767
27.6919
83.172
131.178
247.561
29.7106
110.148
63.3653
48.4753
31.3334
166.061
226.724
132.206
117.028
28.5522
56.8694
128.495
46.4049
124.18
56.3585
39.7353
51.1217
235.368
58.6651
79.3542
55.8788
69.0221
57.5896
235.671
39.1065
93.6436
93.176
204.76
69.8289
215.683
36.2948
48.6095
159.562
117.296
26.925
39.3344
209.236
84.7338
32.509
201.171
260.704
84.5372
80.6599
29.5705
169.398
28.8785
147.251
85.2735
162.324
104.289
213.377
79.2441
153.233
107.635
161.341
152.286
43.0365
70.6716
54.7915
30.047
31.4848
94.5379
43.7448
114.91
52.8495
50.5588
202.355
51.9994
103.42
136.777
40.8037
129.81
90.885
62.3762
73.2012
37.8321
135.995
174.05
62.2869
43.3892
89.3775
72.7635
66.5276
89.3623
69.5229
91.4835
88.7271
33.1888
140.52
136.184
47.1706
82.0246
71.5912
220.144
29.8241
85.5817
32.0659
47.2508
58.3359
114.639
118.792
191.27
111.626
106.754
159.599
41.0413
151.58
87.5755
139.895
254.652
108.757
118.011
74.4586
100.42
100.405
145.325
190.62
216.448
36.5098
120.785
197.355
28.0208
127.217
32.4341
98.0435
99.3817
55.8345
55.4306
105.098
120.963
28.8675
116.302
74.8823
54.6879
65.7231
77.0716
27.2255
27.0928
146.271
98.1493
188.984
70.6334
202.185
242.777
68.0027
134.573
54.5044
31.5779
240.389
85.2259
82.3756
115.26
160.672
35.6843
161.356
207.248
203.81
48.5594
164.362
114.198
64.904
27.0828
97.5895
208.769
121.418
93.6561
114.473
96.1836
78.9439
49.8832
118.447
111.641
71.8901
33.6979
128.643
49.379
203.658
145.17
170.861
123.409
93.5773
159.019
201.237
53.2315
32.7619
109.454
161.355
42.059
61.5262
114.422
107.586
169.266
167.23
31.3148
190.601
61.4861
115.139
34.18
127.892
140.184
141.841
85.6533
196.465
79.0637
32.2813
57.0841
46.2117
50.7208
67.1141
111.683
159.491
124.029
157.223
60.2135
39.481
26.5587
44.0138
26.6261
79.5228
30.0597
97.9324
135.093
70.9565
66.5689
88.849
190.858
106.262
88.937
114.771
41.242
98.0568
32.5963
28.4298
89.317
132.077
136.279
48.7451
141.044
39.7349
56.4226
46.8197
44.4728
178.231
50.3827
35.2237
35.987
127.287
37.029
29.2191
179.965
169.389
51.774
114.03
76.8336
126.754
83.2837
76.2971
82.344
138.875
46.1152
216.512
54.982
27.7828
38.9608
41.6611
58.9964
67.8311
64.1976
41.046
62.2366
188.607
118.275
32.823
171.915
70.1594
29.4443
138.266
110.994
168.852
235.516
92.4074
46.7371
136.012
46.7635
88.4232
49.7971
167.123
30.8121
80.0384
139.063
154.516
45.7121
55.6308
233.033
59.0076
44.4857
82.5571
107.671
167.394
156.2
85.5781
45.9177
78.5587
89.5075
121.108
61.5606
101.421
53.6448
40.3816
50.844
120.723
37.5393
59.5948
52.0737
55.7652
38.1138
147.475
183.824
89.0553
36.5013
63.656
32.2787
99.7196
47.4675
37.2297
84.6603
207.94
27.649
50.1661
112.674
57.9723
34.7744
146.998
100.231
132.297
109.018
86.784
240.877
38.2101
86.8484
218.223
57.496
220.754
75.2066
33.8956
152.159
68.093
122.863
67.4519
32.8349
66.7307
42.8802
76.6035
126.163
38.0982
106.394
37.2468
191.119
103.745
34.3113
31.182
136.061
108.407
45.6756
36.7635
48.7322
50.8217
41.7226
97.9312
83.5391
168.566
52.9914
170.223
74.0922
89.9817
168.554
89.2246
32.5681
76.6064
120.231
147.63
69.8224
52.1983
77.7685
104.951
54.4743
207.73
235.833
28.9608
28.4801
102.915
102.657
46.4308
73.2587
93.0361
105.642
41.6303
47.3777
28.7183
31.9195
132.215
66.4551
117.652
51.912
62.172
28.881
33.4739
31.473
32.3737
36.9921
74.2541
47.9261
57.2897
171.597
45.1791
64.6682
162.559
47.6697
79.9313
149.22
150.755
68.888
216.061
41.2517
174.974
102.292
43.6148
129.325
117.407
137.706
31.735
32.1869
29.5035
98.0425
28.4889
80.8922
200.534
54.5084
61.9966
37.5033
249.762
177.907
182.45
33.4651
67.7516
70.9876
71.4939
101.839
96.306
88.3717
67.2726
69.9557
112.552
139.337
53.9034
113.398
45.7292
164.246
166.399
91.7417
97.8907
106.504
101.238
32.9203
193.894
106.392
34.1752
107.756
30.9023
81.6987
71.4113
54.4141
244.555
79.3826
66.7555
29.7678
41.4254
229.848
70.6659
107.934
101.68
33.8053
182.196
123.951
65.3391
233.381
45.8272
64.3861
50.2152
47.2035
29.1613
75.9317
61.6407
67.9323
120.273
118.875
48.2701
93.3272
134.283
83.4262
187.564
174.948
51.6042
40.5404
172.378
181.637
28.3438
66.9674
133.422
56.1193
76.9049
37.8244
59.666
47.3397
76.9719
144.929
101.14
46.8468
97.1835
98.515
88.9475
97.4871
126.703
75.4847
28.2291
66.2684
102.015
199.417
100.375
77.6781
124.561
118.34
174.291
91.0992
134.3
47.0837
58.7346
208.033
55.0584
91.3549
56.2855
37.5338
37.4596
29.3224
40.5443
109.693
50.2691
224.096
133.197
252.629
46.2215
39.8968
50.5611
34.3058
41.8642
186.778
206.883
194.325
43.5383
67.5461
35.3218
180.43
69.3284
47.6425
35.8032
40.4157
71.6679
38.4898
75.1824
79.2133
149.586
77.9236
38.7931
97.7223
195.316
121.149
126.186
34.493
71.2143
39.7599
126.964
36.3795
50.765
48.9644
87.5497
65.928
33.63
167.422
113.501
64.0221
42.5373
250.115
140.556
64.0636
136.487
38.1271
33.0756
131.578
61.7346
89.0094
81.6312
134.008
51.8292
55.8217
75.795
39.4161
41.8469
54.0443
164.33
144.19
207.886
54.8544
250.814
35.2927
108.817
108.318
101.263
134.006
43.8966
115.72
86.3449
70.8787
47.0648
28.7406
77.8528
32.7892
42.2845
33.9392
42.1473
33.456
159.466
149.493
70.5885
43.5679
42.7633
43.5676
153.832
254.374
235.449
28.6538
158.947
179.23
44.61
32.5086
46.5159
73.567
38.423
92.45
90.6845
97.0929
116.694
50.7029
147.728
88.5096
247.853
160.429
61.0452
107.829
28.6154
73.2093
39.9564
89.9853
115.391
162.509
218.412
85.8217
39.2662
69.2901
56.8413
77.0554
181.821
76.1234
84.1296
37.1322
40.1938
238.355
164.394
240.298
190.921
101.539
36.4247
60.5078
194.553
82.0964
27.9339
74.1288
103.003
105.632
153.168
118.433
27.9395
26.5477
72.6619
41.7408
176.028
90.7636
104.688
207.197
54.9737
60.7984
114.195
114.71
184.428
83.1412
107.825
190.092
51.1086
153.422
154.693
73.8457
248.599
65.3256
125.503
108.34
66.3161
127.823
26.5957
66.4271
62.9507
200.852
58.4468
129.93
79.1846
98.0331
53.7863
208.156
54.4477
35.9388
26.919
60.7748
88.5828
103.176
56.049
65.9949
47.2509
56.5735
52.631
54.3635
64.9898
60.2839
120.383
65.3672
61.5179
125.757
42.3488
158.229
111.832
87.4118
142.851
179.849
38.6907
117.59
61.9234
71.321
37.9989
58.9507
67.0587
64.3231
53.1103
33.5589
44.1398
79.8533
55.3866
36.1535
103.976
51.622
40.0576
92.9744
49.2177
35.8221
60.9509
107.969
35.7161
79.2408
187.437
75.8453
78.7978
58.9329
121.684
80.4767
37.3034
148.687
113.204
104.855
43.7508
173.054
129.925
81.6239
38.807
73.7236
70.61
62.8492
50.3116
67.3108
82.3064
49.0386
52.4995
27.6219
119.859
38.398
38.176
46.1835
61.3057
46.3889
33.8039
195.17
74.6605
58.1753
56.8418
166.202
33.6356
26.9007
207.888
209.811
35.822
60.2837
38.2068
51.7506
40.8183
59.5496
138.502
36.4359
100.26
137.069
106.466
50.9914
251.768
172.031
29.0789
210.616
224.866
29.2866
26.8423
72.2482
177.058
38.3037
157.179
119.884
92.7017
42.4598
47.3354
99.6777
80.1514
56.8469
174.01
77.449
73.179
104.016
109.832
115.087
60.9527
236.757
78.7013
91.6477
64.0579
31.4321
61.2771
81.1601
114.375
76.0598
119.829
101.512
57.2809
143.745
37.3538
49.0898
85.7094
34.3629
31.2985
143.062
130.12
104.425
130.11
39.7984
84.8705
43.6449
70.4843
84.8181
100.786
35.4379
31.5883
158.739
173.895
37.9326
138.498
29.727
99.7442
41.4817
144.775
97.9737
195.346
31.0956
61.6826
54.3033
251.77
32.9265
152.215
118.512
89.1364
43.8347
121.878
48.9232
148.567
141.486
115.679
248.001
115.176
163.95
119.253
128.231
49.9262
37.3125
91.7083
54.988
27.3662
92.8563
29.4315
191.378
145.54
57.5224
47.97
114.347
104.35
37.4305
137.653
40.9154
116.877
28.6409
31.4382
143.085
102.541
75.5403
134.771
145.445
31.6474
57.0392
111.693
262.047
61.9178
247.693
118.906
88.2542
49.8801
51.9582
162.418
28.3675
38.2926
37.8732
197.049
100.815
37.6655
34.3466
72.3152
76.1247
215.161
230.981
102.639
61.6023
93.5084
77.9535
126.705
56.2299
28.9031
66.7122
125.758
148.568
93.7302
30.6366
95.559
71.936
205.969
32.3091
93.347
78.3596
73.9031
253.989
118.191
91.1262
41.3977
68.066
62.1863
29.2296
146.384
96.6873
52.2463
104.532
118.505
169.154
35.4166
122.183
31.5423
139.569
75.9929
70.222
123.934
162.04
55.4014
28.0988
145.628
65.5808
100.693
148.858
122.532
237.861
40.2979
80.4812
53.861
35.1335
118.749
62.8772
67.1036
83.4495
37.5231
34.4785
114.141
70.2614
66.0462
44.0287
65.5425
97.7105
246.423
106.27
160.556
116.807
31.8815
205.88
48.9668
41.9646
36.4309
119.987
52.1551
32.3497
51.1745
67.9505
57.7596
31.9568
91.7454
52.5312
92.4095
73.1661
40.6176
64.9181
61.6998
92.9133
92.8797
58.0531
67.9189
128.22
119.516
37.2763
93.1796
57.5969
43.1049
242.588
109.249
204.032
54.8511
38.1902
42.1054
232.1
151.862
35.8349
77.2739
83.83
32.3317
61.6535
84.9587
53.8277
142.213
106.91
49.4348
92.5012
63.6695
100.815
35.0343
77.329
125.863
71.1916
176.487
43.1786
129.818
97.2606
57.9538
142.704
28.6068
49.1897
212.168
113.965
48.0973
160.693
50.9275
248.035
42.8664
255.024
31.437
113.032
83.8183
104.067
255.399
83.8996
71.2379
67.9569
44.9798
31.66
53.4486
30.9366
254.6
112.439
96.3688
93.9234
31.6536
112.007
110.493
51.3129
216.372
208.569
41.9728
41.1799
30.3228
44.5681
82.3025
165.688
44.0313
27.4409
135.616
114.4
60.7853
108.019
91.7282
35.3628
30.5893
146.168
134.393
85.647
101.978
26.7649
34.4209
140.166
74.2113
80.3716
114.724
37.9775
58.1615
54.1627
212.204
44.7879
113.923
108.062
39.788
46.7693
106.145
83.507
102.775
84.9978
81.389
37.7949
48.6449
127.647
26.9394
60.2277
53.2535
235.668
206.507
32.4331
59.3052
79.9051
41.617
45.7742
142.625
74.9662
81.3845
67.7773
89.3852
139.005
127.558
90.7011
86.5946
100.305
125.491
54.3498
27.8275
55.6294
94.3976
52.0482
87.0427
212.412
119.046
122.37
36.9889
72.2384
105.972
112.797
135.671
108.53
116.441
41.9068
93.4498
141.643
46.6362
100.085
93.7594
120.317
38.2105
116.11
84.2798
263.622
59.7377
76.8062
153.148
35.769
89.1756
69.1535
244.095
119.943
57.6046
237.891
209.714
28.5129
144.688
68.446
119.648
31.8697
42.8057
143.235
151.338
78.4213
41.9269
59.1981
85.3772
116.274
103.84
31.5496
61.1506
27.9983
49.9162
156.61
78.5576
38.6085
76.1467
77.192
138.922
42.143
104.777
46.5448
47.2273
79.465
80.6938
192.256
47.8615
90.0521
26.4658
96.5312
33.6705
86.8914
217.586
29.5404
63.6793
74.4541
72.5701
216.942
29.3899
37.8114
27.8526
128.157
26.796
156.147
49.537
80.6735
68.3133
27.5309
63.5245
103.33
137.156
139.462
136.44
146.684
32.634
51.6649
76.669
91.5632
128.417
67.9724
60.7107
63.3629
70.7027
79.4112
62.1636
159.347
102.798
53.268
242.209
133.583
118.714
104.37
68.4598
86.6802
83.7093
82.4538
94.3232
37.4166
87.1227
103.024
90.0977
73.4123
56.4643
58.0528
185.905
84.3209
44.8128
28.2598
58.523
122.861
99.0928
99.6101
157.102
91.4835
41.5262
88.1868
88.4727
31.2447
52.5636
82.6866
233.529
87.4905
87.65
26.5843
119.765
34.879
167.006
127.043
37.7902
31.7724
69.3794
158.235
65.4581
50.1379
40.2353
37.2778
258.707
34.1333
88.2252
87.328
48.4474
66.7287
250.057
122.4
58.6953
77.3532
51.5855
78.5203
73.6739
71.6611
96.2338
51.4017
120.989
169.294
177.259
43.9428
31.4073
172.842
67.6663
96.6824
209.184
36.5732
82.3237
64.3691
43.8992
87.1057
42.0639
33.5036
85.9777
75.7278
55.457
33.1159
176.849
49.4789
59.339
200.814
28.0836
27.6607
64.3102
28.2636
37.1525
44.8283
51.285
63.3185
182.57
92.8241
35.5784
87.1284
75.0808
147.54
45.9808
200.377
38.8923
115.826
115.381
29.927
76.3075
65.0524
63.4861
82.9604
70.9037
153.309
33.5563
159.761
138.616
93.2315
29.2004
87.0374
28.5856
39.6758
72.3296
136.606
123.183
91.3145
42.2939
103.559
82.181
126.706
113.65
55.4146
89.61
141.219
27.1705
50.381
30.7184
29.0451
57.1736
72.4827
138.765
79.6485
159.91
55.6893
28.613
30.3685
49.3736
32.2891
39.015
71.2577
54.2854
122.391
158.637
85.5703
188.051
55.8823
75.8541
34.9485
153.95
60.8442
153.504
71.7218
65.3951
53.5423
65.047
50.4152
147.013
84.7376
79.1701
86.9053
57.9105
26.5342
62.0082
140.983
43.3666
85.008
129.749
53.1492
33.3963
56.4145
41.6575
115.782
97.2044
79.2933
111.48
106.86
40.8488
50.813
31.8677
107.3
48.8679
56.8624
42.8162
77.9506
58.5715
70.0242
159.733
180.207
94.2123
52.6585
80.2755
154.144
70.4854
235.525
129.659
50.6532
44.5459
154.698
77.5671
36.3846
28.803
195.201
39.2264
123.39
74.0936
96.1317
33.1626
61.503
61.0746
83.7702
40.1345
111.778
79.5764
72.9823
32.6219
135.464
48.8668
53.1712
76.1102
107.143
85.3466
147.003
82.8244
68.8699
74.249
41.224
42.9189
47.7536
75.7668
141.825
107.452
34.2053
94.5425
98.1024
155.396
87.7304
36.0926
218.979
55.8624
92.9013
97.4888
45.1128
172.995
49.2201
47.2682
78.946
87.9532
30.7319
155.296
37.2406
88.5707
128.248
76.0075
197.107
78.2214
154.541
77.6023
93.9006
58.2807
98.1746
39.8212
56.7641
70.6687
182.37
116.588
48.8133
86.38
88.9799
54.3537
86.6609
27.8655
74.216
76.9368
74.6947
170.223
236.225
180.058
28.0295
31.8339
45.5258
36.852
48.5604
88.3851
49.231
116.405
67.766
60.026
238.68
84.8723
158.706
71.7497
126.13
115.886
167.249
88.2617
103.363
60.7174
33.6881
26.5964
54.8889
250.438
248.11
64.6601
41.1503
42.0696
73.1532
52.9984
30.9893
60.097
119.699
31.1151
35.3331
32.8859
54.8097
135.358
33.4387
209.663
78.2384
118.586
235.234
69.0341
235.507
37.2234
54.2929
163.243
29.395
82.3229
59.85
165.437
75.4418
85.3591
69.1085
116.034
43.1999
144.224
132.785
92.7608
54.5323
26.3838
57.5469
176.054
52.9341
34.2731
57.0519
161.693
95.7321
190.074
68.1493
137.905
55.2671
85.5463
48.281
156.435
95.3423
33.8168
42.0549
79.2099
26.5778
48.5087
27.1821
75.1042
44.4498
38.9499
50.8167
92.5946
60.9037
70.9775
107.472
71.7297
163.997
36.0627
256.958
255.096
37.1624
201.169
67.5208
226.436
105.501
52.6995
73.5138
173.792
201.26
124.237
40.5207
52.3186
159.961
43.4672
37.1427
53.2623
100.205
66.3969
57.135
167.55
34.2847
66.6932
67.2045
51.8713
91.6781
33.0947
77.1522
37.2789
208.275
47.363
110.607
64.2367
112.642
45.9779
45.5254
198.663
104.28
172.033
85.7359
32.5428
60.8152
127.58
121.722
30.6119
49.9401
35.2542
61.8602
45.793
164.661
216.312
47.9578
44.0021
26.8672
27.8759
44.106
69.6073
59.6596
112.969
116.415
59.7975
154.777
73.4939
92.1819
247.517
210.221
157.617
31.3253
143.181
109.876
33.4411
30.4201
167.655
108.024
43.08
126.137
74.778
70.973
34.9553
60.8555
221.153
165.681
26.5565
99.6061
114.111
75.7155
107.722
68.8949
40.5476
186.96
27.7444
36.3997
67.9672
87.7921
169.049
128.33
57.0165
51.8119
84.6689
97.3846
62.6799
143.048
77.492
90.0231
62.5719
73.4904
37.4639
55.4889
72.0504
156.635
92.1035
207.241
81.0927
91.9168
46.6901
138.252
105.9
27.146
131.958
129.542
75.0672
42.392
73.1356
36.0093
53.1916
44.5882
121.92
126.633
81.1555
31.1868
92.1392
62.8259
38.0629
193.392
83.5695
49.1436
76.9178
63.9577
99.6146
111.514
142.803
102.432
245.333
56.8321
84.1604
40.7865
104.113
46.5829
165.593
86.2113
28.678
27.9656
61.8752
52.8618
42.0484
152.077
193.225
91.6157
109.565
48.0342
101.595
50.5962
107.558
125.219
141.888
185.518
35.1624
29.0712
55.0452
62.409
174.872
37.6943
140.903
52.1311
46.3486
41.4296
57.1062
57.9899
151.766
175.883
94.4285
83.9198
26.6872
41.1913
103.129
58.8691
139.96
43.1854
92.8082
69.2599
29.4821
58.4772
50.2087
216.067
61.8427
90.2213
58.855
79.6807
26.445
32.8368
124.627
27.6366
159.47
63.3898
41.4464
64.208
90.7751
124.41
59.4338
82.9906
60.6763
29.5505
50.0752
45.1753
55.3675
180.112
35.5365
220.849
62.1533
54.6866
78.5193
26.7564
120.921
49.0723
81.5644
116.335
112.837
84.8629
36.6022
32.7528
70.3231
41.571
138.231
160.193
161.46
125.096
37.8225
45.6249
52.5926
57.5678
185.698
103.971
80.3479
185.304
192.034
160.313
72.2462
105.132
130.157
42.2173
86.102
30.6491
94.1239
29.1994
147.816
233.041
189.778
70.3501
64.9997
48.751
35.3854
144.729
55.9141
73.2393
58.6685
51.586
88.2888
42.8019
28.5168
43.1507
30.3822
62.828
29.3093
61.8207
133.245
194.8
61.2275
40.7754
148.552
88.5505
68.7428
107.984
77.768
146.307
102.57
112.3
93.3637
64.0341
123.197
229.232
69.7165
156.798
56.7693
106.883
158.661
135.048
116.719
67.7983
210.993
169.339
90.3533
42.5844
50.4903
200.186
83.4475
108.621
114.257
86.52
41.1676
85.3693
241.606
102.544
231.82
80.4348
80.9093
65.727
87.0717
50.5921
53.3315
37.4993
125.938
91.7026
173.264
77.24
50.7945
205.481
111.881
84.262
50.6373
81.2457
222.92
26.754
54.9138
71.2956
137.642
36.1201
65.5409
50.1796
159.421
26.9513
29.4783
43.9471
213.989
62.2155
195.038
73.5678
70.8629
32.2226
72.7376
160.634
59.8254
35.1849
94.5116
74.6997
42.3883
35.8819
68.6854
113.781
36.2481
27.7489
41.5742
151.087
145.772
98.418
72.2412
95.3635
118.939
103.185
240.214
76.8149
36.9175
75.7568
247.81
211.145
50.9907
30.923
59.4974
262.923
105.83
34.0496
134.72
204.177
79.8178
99.7109
70.0236
140.827
106.723
214.265
135.329
72.841
58.7704
49.4009
57.5192
201.39
73.6036
48.5028
67.5474
47.4565
90.4611
39.5451
52.5751
38.991
39.1619
66.77
48.2965
157.959
63.7115
37.2512
93.7131
194.441
253.529
148.742
39.5108
115.034
179.319
192.802
61.5053
38.2371
46.5675
70.6826
203.098
111.749
139.039
84.3725
47.1413
34.2685
227.554
57.5916
71.3907
55.7554
169.458
243.667
142.656
57.4008
99.5446
144.775
69.8075
33.0111
56.1816
30.1105
131.506
85.4238
74.094
33.8238
56.181
40.8012
28.0626
54.254
104.852
66.9412
43.4508
168.74
31.2572
43.4566
203.687
31.8926
153.002
74.2931
104.169
35.6427
164.55
49.2655
172.576
104.463
256.73
254.826
153.019
93.0176
212.255
32.4149
45.7673
51.4029
48.9409
100.585
31.8875
45.923
34.7615
115.445
160.72
128.916
43.8601
78.2171
55.6687
175.523
245.172
42.6324
104.771
39.6021
37.1266
164.123
232.589
41.0432
186.61
34.7343
28.0743
36.5063
254.978
33.9091
36.3596
52.5521
152.481
58.7795
90.1636
39.4931
138.522
37.0017
51.8856
85.3258
88.2586
83.8706
152.86
50.0368
126.943
137.824
53.1696
43.4048
58.4505
49.9658
115.352
81.9978
71.999
83.6027
141.14
90.2743
38.1182
135.809
84.6998
118.389
51.2443
120.931
29.5615
79.2544
190.66
48.607
67.7613
114.343
193.793
62.9525
113.671
57.041
126.296
96.9869
100.738
57.0938
79.2769
230.326
74.5941
31.8906
36.0815
143.269
180.904
34.9045
239.889
122.161
33.5011
230.578
47.2291
71.5766
190.732
130.812
30.8174
153.611
185.078
74.8092
196.285
37.0799
172.954
53.408
119.871
147.896
184.036
41.1435
134.167
121.058
261.657
218.348
30.967
72.4608
149.637
176.612
87.1994
28.586
110.19
53.6146
79.1463
104.786
66.0066
28.2745
60.6755
49.8613
35.8686
149.202
33.2478
112.099
62.3882
65.886
53.4142
104.801
29.006
59.4722
99.5595
58.6315
37.4725
114.482
79.2947
56.7032
38.6876
122.985
46.9226
210.313
69.9352
32.2952
45.2408
193.526
132.396
134.919
144.132
60.5118
32.9997
206.789
55.1869
31.6972
180.43
132.784
90.6555
100.702
86.0281
93.8686
35.6453
27.6933
57.5622
92.4205
28.9934
49.4547
41.2574
50.5589
31.0976
58.6163
35.22
150.091
93.1076
41.8473
141.481
54.6702
48.0859
244.399
146.139
119.707
69.5032
31.314
39.1455
47.9625
35.5621
64.2979
230.855
56.0944
64.028
150.868
79.9781
238.16
135.632
74.6826
147.28
47.1745
221.396
47.5361
42.9722
209.746
92.4927
42.2391
33.8931
74.2379
48.2509
182.793
84.9972
56.889
33.5634
32.0894
58.3122
36.9526
71.471
76.5679
225.853
60.7433
165.328
200.183
180.033
262.131
70.8018
29.3201
83.7256
153.995
167.714
67.0521
169.248
210.643
30.9733
58.4639
101.074
111.116
86.8301
86.9292
142.592
34.2961
65.663
200.573
146.732
114.874
29.0065
30.7969
170.499
154.284
124.843
170.573
194.37
191.129
83.086
101.645
47.7945
60.24
71.5359
46.1716
237.869
139.99
164.888
54.8474
44.6295
109.07
138.856
44.6131
54.7849
67.7361
156.415
53.4254
187.574
75.785
105.025
40.849
146.387
219.886
53.6498
45.1817
62.127
71.7518
30.5878
59.421
52.3947
130.195
50.5133
66.3629
52.9768
90.9553
30.9843
78.8854
168.74
62.4537
98.8664
95.9826
121.116
139.173
66.4344
156.98
155.972
107.749
66.6452
176.051
236.156
39.1436
28.7865
185.878
37.6203
58.9247
223.403
246.625
104.485
234.695
65.5265
172.234
41.026
35.3405
43.6704
128.801
89.6182
162.204
213.387
61.5187
160.103
128.835
131.215
40.7846
45.983
228.894
70.1532
169.877
27.7217
132.997
58.9756
109.245
102.184
32.4886
76.9674
67.9439
156.288
54.4724
62.4884
199.685
143.503
121.927
52.2928
63.6673
152.086
80.1573
29.2661
34.5905
158.919
37.39
110.569
49.4007
76.6303
65.6767
155.354
155.823
27.3082
112.144
51.3578
121.56
58.0158
35.6427
58.0254
123.829
81.3086
124.979
53.0505
27.7945
36.6574
26.665
42.9885
165.667
52.3264
48.8747
28.4052
37.8012
43.6012
85.3955
27.6177
84.4116
198.261
34.3072
26.6801
54.7791
190.573
36.9438
41.9073
251.101
30.7834
31.9276
93.2645
57.0063
117.215
91.3028
88.4657
102.488
141.072
62.324
96.0528
104.506
45.0803
39.585
125.676
49.152
144.975
45.3299
71.88
126.286
128.261
133.712
106.377
39.8985
60.7753
182.783
107.981
51.0083
37.4944
238.501
79.991
49.4568
138.013
168.855
97.8802
66.2955
115.029
90.6241
143.904
214.743
63.753
207.041
123.649
161.772
152.79
50.4788
116.975
131.722
93.5223
34.9273
55.0627
84.0142
47.6521
173.799
28.1987
56.6403
107.847
83.4481
46.594
29.6957
115.853
157.492
180.681
44.3911
125.517
75.9075
97.8902
94.0808
82.8233
192.808
88.876
40.4501
39.5893
55.7272
86.8199
124.086
36.2679
55.554
70.5322
68.1264
249.234
62.4786
155.145
143.345
101.404
35.0859
99.0244
90.8357
93.0222
96.5554
208.508
38.8315
103.516
36.1114
88.4655
119.923
91.9531
97.1829
158.98
54.4299
30.5557
148.784
114.506
51.0681
43.7342
162.885
37.9058
69.9092
44.8113
111.8
198.904
36.555
62.0947
59.12
262.342
145.82
81.5827
145.924
183.695
58.8802
169.65
53.3341
95.559
37.2122
241.895
57.0617
42.8768
32.9701
37.077
259.39
63.0352
73.8895
151.02
84.4454
75.7472
63.9337
123.581
67.7871
29.512
230.12
27.4551
63.9347
54.1628
127.391
72.8384
201.106
93.824
98.0981
110.806
158.15
42.8904
57.5829
42.9155
124.079
256.781
33.02
61.3071
123.747
42.3206
79.7414
57.1459
29.4189
139.949
169.625
84.9912
60.4967
78.9805
54.6027
97.064
51.8971
32.0966
62.0716
35.1603
44.0934
109.837
73.7548
50.7196
40.66
42.2771
83.2265
67.3594
101.107
92.3041
95.3461
205.208
181.034
154.405
133.37
185.957
31.1928
62.6735
36.748
37.5666
75.2078
82.9682
132.482
62.7546
71.5234
133.329
65.7877
127.028
85.6491
70.8205
36.9097
208.548
58.9031
123.165
34.9505
54.5128
39.3325
235.873
63.7715
62.5622
162.47
93.414
89.2367
55.7644
36.3236
37.0775
198.956
70.7649
137.159
123.045
63.9599
46.0471
89.3859
31.3426
72.4903
121.498
126.223
137.956
100.168
27.537
45.9327
62.1628
85.9468
198.987
61.0005
48.3055
42.5546
235.389
153.634
128.519
52.8209
259.83
29.9728
44.3372
81.6686
104.203
109.327
65.9275
54.6243
50.6479
166.059
112.653
195.246
96.7459
175.04
88.5883
107.244
77.7258
124.35
55.056
98.6836
146.42
66.765
54.7343
86.9012
154.392
30.1142
94.6187
50.7369
119.791
75.0054
34.5703
129.963
89.2491
261.034
28.853
70.086
28.0551
35.7922
56.9349
79.3196
136.496
72.0461
80.9083
105.72
56.8326
98.6736
124.344
71.1091
87.734
90.4
109.883
216.941
70.2454
96.1661
89.9439
103.234
47.1874
98.9863
34.165
143.118
30.6756
70.9545
112.36
129.301
31.8948
61.7784
31.9616
98.7822
30.844
33.435
41.2106
98.5326
53.9049
40.2104
29.8733
111.461
162.428
241.21
96.6589
62.5489
39.0642
66.5581
40.1776
46.7456
122.705
121.637
77.4703
204.396
148.082
205.292
65.3375
182.478
36.0563
132.874
38.5239
112.241
178.52
57.284
37.8062
141.862
71.4767
130.038
136.391
38.7415
26.4325
59.384
40.7182
117.383
90.8257
41.8805
28.7377
57.0361
194.839
134.991
174.798
224.153
117.024
76.4442
70.017
59.9215
34.8681
43.5253
35.7366
68.6629
114.551
91.2996
45.7906
35.1625
65.7146
48.5344
46.3178
244.699
149.712
53.6313
49.8821
60.8031
30.8276
39.4297
175.723
166.04
60.519
93.4728
67.0506
28.0257
54.6
53.4674
191.464
28.1196
58.3672
27.7667
100.214
77.0246
27.9982
182.848
135.116
26.9672
33.7237
34.9193
148.537
146.643
32.2223
136.808
31.7541
92.8912
135.116
86.2075
34.3879
244.383
196.625
56.0912
82.796
137.793
86.3219
30.5429
41.3612
125.655
60.2788
29.5244
62.7133
185.1
121.457
109.248
70.1067
78.2592
63.0775
48.7604
87.2851
126.113
106.252
176.77
148.591
142.516
61.6742
74.9886
27.5529
125.986
59.3918
38.8116
41.6663
54.032
96.8426
26.8841
46.5288
171.509
39.3293
53.8505
34.948
88.8164
170.698
137.247
70.9748
105.103
87.2094
110.922
161.724
42.683
109.351
55.9806
89.6743
215.723
37.6987
43.174
202.296
56.4502
40.2162
119.465
176.227
128.624
59.8743
155.158
69.8589
78.8285
92.9313
28.9551
194.782
77.8727
57.7419
88.4975
36.0438
51.8825
76.8345
119.704
109.53
67.6358
60.2592
112.011
53.959
28.107
27.7336
130.876
214.432
81.8479
99.6229
32.6718
47.3794
123.984
56.7877
233.551
117.732
42.1556
108.782
183.474
81.5722
167.46
85.3347
141.272
45.5175
104.057
48.3005
261.142
183.054
33.1923
134.654
75.3646
159.267
138.571
107.146
137.726
39.9971
77.7555
93.539
139.373
31.2695
29.1331
45.2479
30.3467
159.776
28.4042
138.235
88.0189
74.3143
37.5662
166.509
83.1078
27.2506
53.7758
63.3485
42.9875
171.234
156.256
189.959
47.4374
107.916
46.3721
123.098
33.9647
44.4855
69.1088
43.4419
65.5119
217.195
180.462
115.73
130.039
156.09
160.253
28.5471
64.2436
242.503
29.1304
35.4648
66.4719
76.2641
40.2054
44.1979
201.328
61.8206
217.304
210.834
76.0348
45.3735
38.5979
142.585
29.5692
43.3939
72.439
35.4988
28.4002
89.6983
35.3677
28.022
48.0616
110.194
95.6513
70.0383
33.7718
101.475
49.9125
206.05
180.576
50.0079
195.811
88.5256
150.177
169.826
118.46
150.883
43.0835
74.3421
35.0772
33.3376
121.597
104.761
27.7402
81.47
75.2918
39.0458
101.448
85.5797
42.8938
58.6538
44.7626
109.111
114.293
51.7803
100.529
93.821
140.132
219.27
123.737
60.4456
79.6618
101.822
66.6544
65.7795
81.8124
133.421
144.816
27.0056
119.459
116.737
87.3752
76.7641
118.65
85.2943
113.323
140.846
41.133
46.2701
114.817
48.1248
26.8573
28.7645
64.7472
188.233
92.5824
42.2308
96.3553
168.842
105.712
217.14
109.315
103.893
57.9793
34.0794
42.2095
47.5535
37.1204
187.342
79.0355
170.853
52.4947
141.125
55.8063
200.093
88.6828
211.556
30.9447
100.771
60.5265
125.062
52.9996
108.108
153.053
36.7257
47.1881
118.224
178.331
79.2561
126.305
117.127
212.186
44.9115
29.2197
74.7878
70.8048
140.78
160.799
47.4324
242.596
57.4341
202.05
134.929
38.0781
99.106
72.6788
95.3088
58.1502
137.142
95.2574
52.4484
82.1646
83.6728
106.201
130.107
45.9719
28.4623
142.823
84.7506
27.694
32.3914
58.9889
32.3589
61.6257
50.3236
32.6052
116.929
55.539
51.1638
131.578
57.9812
77.9298
42.4627
119.879
154.93
224.925
41.8958
138.905
113.296
65.2638
32.0191
226.429
144.959
36.8169
68.2608
57.1103
98.0116
154.957
48.3108
51.3383
257.085
122.413
37.821
43.1108
50.4382
63.8868
63.3041
183.214
64.5164
48.8279
87.7696
87.7029
115.275
158.582
78.1399
54.6667
131.579
101.524
124.394
61.5212
178.916
33.8026
170.377
74.9423
54.2219
48.4172
99.8001
73.81
49.6587
121.004
171.779
121.226
81.3604
53.7534
51.6668
66.8264
80.8678
58.923
29.9924
81.2516
142.493
54.6887
58.9565
245.198
166.463
175.114
27.3933
42.2891
72.9788
62.1721
197.332
192.247
80.498
30.0384
86.4728
33.5096
91.3306
181.6
102.848
45.0356
69.6455
165.656
57.5673
210.728
96.2068
97.3667
60.2096
32.9431
55.7755
65.6132
43.5971
38.485
31.8866
127.599
59.8559
27.3051
35.9497
60.2143
36.3064
110.888
34.2662
74.2561
110.082
114.661
34.4517
36.5346
34.9631
148.776
170.747
30.0842
147.601
62.9515
82.3322
189.593
45.8499
76.5917
39.4057
94.5707
83.0968
103.437
114.248
63.5266
209.991
36.5269
60.3886
26.6708
64.3478
92.2709
108.055
33.6564
39.9177
43.4035
144.848
162.128
83.5591
47.6364
56.7284
168.36
63.9493
36.0329
148.307
71.1686
34.5314
27.7233
74.0472
203.359
54.0022
82.9953
40.4555
27.358
66.7692
127.864
122.12
72.5642
48.3415
32.1807
101.425
33.6992
72.3911
179.561
44.6296
109.821
41.2686
94.3816
152.898
39.8823
62.1351
33.1411
229.374
86.3637
46.4536
38.5692
176.536
47.082
149.598
214.108
66.1938
45.7015
47.795
190.12
147.799
149.939
36.5338
91.1322
144.929
62.673
47.8812
50.5905
82.0608
73.7206
120.671
33.7909
54.0307
53.036
91.3672
84.9487
88.8675
51.7361
71.8761
84.3258
53.937
100.656
62.1789
76.5418
116.308
87.6621
68.0321
181.047
41.9486
27.9349
27.6746
35.3613
37.0594
55.502
90.1807
136.434
47.4507
49.9701
56.7579
87.8757
33.3076
243.902
75.287
75.9678
181.608
139.682
35.9602
208.942
42.0292
124.409
114.38
106.197
109.856
178.369
178.753
38.9322
35.1379
89.4993
50.5983
55.923
179.601
56.3248
107.321
136.879
40.5905
26.3679
116.908
28.7309
51.5733
147.935
40.4878
143.144
65.3143
75.9342
67.2308
44.7504
31.176
75.4678
43.9871
189.247
35.4399
96.4604
55.4918
101.279
79.5738
110.412
129.867
215.832
110.238
102.126
91.4483
46.6186
51.4189
36.8682
227.016
38.5729
35.6556
183.26
144.899
69.0101
67.1086
36.311
60.4482
44.3596
109.17
139.991
56.1785
33.644
185.335
59.6283
30.5537
107.621
144.193
44.3776
27.1112
47.273
201.253
69.8308
95.6036
70.0345
29.4581
139.954
245.93
52.1899
31.4303
41.3544
50.9162
55.6214
74.791
57.2729
136.232
105.307
239.378
58.9607
133.508
69.7617
38.9196
230.646
53.0252
36.0884
204.666
42.0673
36.5583
27.3067
42.0737
115.056
34.7169
168.623
146.028
83.8351
165.028
109.948
111.53
26.5904
62.8288
50.1172
27.5417
107.58
261.595
250.665
27.9906
62.85
49.9374
41.8112
236.573
249.957
71.3506
81.2459
33.17
62.4983
190.118
54.5235
39.0624
195.011
101.608
28.3458
208.163
57.0538
66.7547
150.735
70.7075
36.3218
127.921
31.5494
44.301
71.8198
104.947
62.4753
194.221
50.4111
54.2282
52.1756
34.7917
50.6508
31.2615
261.585
42.5392
51.9732
28.0854
27.9455
111.535
27.6486
115.314
42.4936
171.953
73.3709
90.9705
58.5271
84.2725
68.3306
48.3703
133.268
117.795
211.333
251.603
34.8005
35.6217
65.6153
78.4182
89.5306
106.18
61.3992
133.094
33.7026
94.0937
60.6325
38.6262
32.8945
193.492
104.86
35.2525
100.557
45.0905
41.952
194.706
45.6255
46.8341
90.5359
39.4694
65.3726
154.868
132.405
36.975
103.218
47.5972
48.5596
59.4058
61.4531
224.864
86.0736
27.8795
43.3542
71.6245
120.537
29.5741
87.2648
110.152
180.286
185.073
123.515
80.7394
66.0782
84.369
263.263
97.339
56.3129
133.494
113.583
45.6243
83.029
121.09
31.2109
113.749
34.7194
45.1227
56.1132
50.179
104.462
104.858
136.468
35.2735
92.6449
43.9601
215.169
29.4881
181.025
46.6275
55.2577
70.522
96.1883
107.114
91.302
78.6338
63.2839
80.1831
216.042
80.8497
108.676
47.417
130.915
28.6689
80.2663
32.0909
70.1653
121.072
89.8891
168.33
47.8537
110.232
60.7906
92.5878
85.3253
118.601
35.0611
60.9591
138.857
151.203
77.2545
88.5957
141.693
71.3211
170.429
44.8346
120.868
30.6275
33.9591
39.4685
27.7849
97.6389
123.423
100.634
55.8888
118.211
107.5
206.498
50.9937
77.3338
176.945
66.1596
33.4725
86.826
75.7929
32.9374
77.6948
37.8171
34.2715
149.856
232.674
73.119
133.898
44.8226
54.347
212.341
30.6462
48.1401
46.4539
242.862
57.4202
67.5065
120.109
69.538
130.597
70.5761
75.0142
115.123
112.174
79.633
135.144
67.7205
30.4795
36.8441
69.6396
36.7155
50.677
93.358
38.0578
169.265
104.053
38.8797
28.596
112.909
57.0932
44.6228
140.836
44.2436
67.6672
45.16
130.135
146.567
165.555
165.569
26.7872
91.1704
97.488
209.74
37.5178
80.9882
248.267
35.0454
233.481
46.2692
56.0823
115.165
55.1941
247.321
200.97
54.086
164.942
88.6995
55.209
43.9774
111.201
63.89
26.5181
92.921
53.6945
35.129
85.2494
57.9562
103.267
168.806
55.7137
162.112
152.662
100.372
57.2475
54.7803
176.291
42.5315
125.356
38.2116
81.9122
93.9527
65.0753
217.607
54.8435
47.178
113.223
235.839
60.8642
34.2864
96.8065
242.151
45.0024
54.932
73.469
49.2649
139.552
148.692
144.308
113.325
48.7429
27.6659
104.35
27.6213
151.14
62.1284
30.7587
173.574
93.8096
60.0916
54.0283
68.2612
70.2447
206.073
102.073
97.7417
107.201
149.092
93.845
37.9492
63.1056
103.82
95.8003
58.0924
210.948
159.602
64.67
86.423
51.9096
45.5672
26.965
58.2457
33.0981
60.0868
86.1809
196.382
36.9544
67.5063
55.3892
73.1673
35.7906
168.189
91.8392
36.9147
99.0223
84.2074
54.2494
216.278
106.075
101.58
217.534
106.33
165.579
99.3688
112.595
46.5333
87.3299
104.95
103.115
137.171
85.8979
116.433
156.634
129.762
110.332
27.3696
168.24
41.0796
109.304
64.8379
35.4138
70.7387
111.114
93.303
193.832
89.9335
72.1638
57.581
196.335
30.0176
53.0438
83.1992
65.1641
149.525
65.9224
237.073
88.7943
253.171
61.1436
110.173
32.289
106.097
43.9629
55.6717
36.7629
72.4411
131.429
68.3931
116.47
67.0238
123.272
132.018
79.5479
151.335
157.244
60.7785
33.9719
30.7494
234.156
83.5096
97.6817
28.392
159.778
130.38
50.8781
37.8042
36.0971
40.6028
97.6561
58.0545
43.4564
73.4426
33.9731
150.23
244.522
136.197
69.5346
73.2991
249.937
46.4984
204.275
140.553
141.603
43.7069
117.44
60.5999
169.011
39.6538
150.341
138
57.0386
31.5911
88.1169
26.6553
193.176
161.566
250.399
156.416
36.8386
95.2183
72.4292
229.624
88.4231
63.729
87.0297
50.1965
34.6503
179.376
54.3609
46.5234
50.4469
58.6375
113.427
108.145
59.7084
232.069
195.162
55.0359
198.539
36.6466
60.7988
33.4886
99.2862
244.557
231.215
110.882
142.288
228.23
110.661
32.9084
51.1878
28.7837
97.645
97.3019
57.1456
107.89
73.0295
52.1151
59.0052
190.274
39.9658
147.637
133.804
37.7066
62.3291
83.5531
85.4148
32.4031
135.274
83.593
37.6383
30.1156
40.7862
34.1703
81.3108
99.119
122.677
157.036
31.5709
38.3062
92.7955
81.2297
135.888
111.056
198.185
87.0219
203.029
32.2003
69.815
165.954
61.1443
38.6893
49.6116
57.8143
31.4062
44.9234
154.44
110.345
180.749
137.325
84.0045
224.148
95.0632
190.791
76.6846
38.6522
49.3542
26.4996
69.5048
254.839
103.541
43.5189
36.225
80.9184
248.321
83.3186
93.6943
32.8229
155.271
30.2832
46.0287
60.6756
58.1237
56.313
60.9688
69.8615
199.695
184.022
76.0373
45.5751
29.9115
82.1148
69.6257
30.697
63.5031
70.6095
44.1344
50.0694
166.472
41.295
188.545
128.528
51.2435
184.291
57.0366
66.0884
37.8575
138.504
43.5339
85.6823
48.2869
38.6475
50.8849
43.2203
84.2636
39.7833
81.603
65.6743
37.1545
51.5477
33.9766
64.8161
26.9404
44.0625
86.5047
31.1056
49.4603
49.0207
129.864
48.967
61.5475
113.513
121.246
51.2809
46.6247
38.2923
84.5888
135.065
91.1878
111.553
168.51
65.4017
95.5761
147.541
64.4187
70.5314
254.986
115.286
44.6104
87.1793
240.829
33.5902
233.838
50.3642
102.949
78.5303
28.413
69.4221
72.0328
50.08
114.346
92.1367
81.02
52.5076
52.4372
223.521
49.2657
96.7585
97.9729
47.2657
147.6
27.6795
75.0978
142.768
83.3334
239.52
88.2781
76.0857
48.7388
39.6717
212.269
53.8001
146.339
41.224
33.3871
32.8504
48.9316
48.873
36.6682
49.6259
90.3066
92.8649
129.921
63.8682
35.3257
182.427
45.1021
41.5758
168.425
163.58
57.4285
60.0461
255.706
85.3864
86.8678
29.9424
95.2079
182.673
167.723
32.2734
135.274
114.519
105.779
170.227
33.8436
82.935
219.344
44.931
52.7287
120.336
143.522
108.876
33.5345
31.5509
50.5456
56.621
124.323
246.171
95.5742
52.0027
110.45
111.33
69.3225
87.6149
71.5296
45.3053
32.2112
36.7239
97.8327
93.5009
53.5621
238.631
49.6471
124.325
85.4841
199.376
110.395
37.8497
249.094
130.85
61.6918
141.416
164.843
217.099
115.533
67.3973
40.9404
95.7862
71.7662
32.5584
81.3786
34.1506
49.9675
130.392
34.1955
65.4112
33.1651
27.8827
42.0093
179.006
110.608
60.5295
40.6282
164.566
131.631
40.4145
31.2987
36.9291
142.117
62.8735
67.5896
172.067
61.1795
161.018
69.8626
47.6437
52.5973
86.0625
31.1591
252.138
97.0758
53.6251
192.727
141.505
51.982
83.564
28.2781
42.5628
66.7472
45.8147
28.0327
89.9513
231.604
32.0343
56.9963
86.5027
28.5099
128.785
108.237
63.2817
31.4754
163.042
112.255
63.6089
48.3626
30.489
33.9388
82.4805
175.543
61.4907
77.3353
31.7894
48.0729
135.928
180.882
117.948
165.622
124.928
91.1839
152.068
57.6454
125.429
117.889
99.2934
37.7685
27.0857
64.4935
70.9955
202.099
133.472
197.115
88.1555
41.451
64.2989
105.726
131.745
124.013
46.1871
141.772
63.1791
95.7281
40.1003
109.367
34.869
144.942
169.883
120.291
205.485
76.646
90.4133
61.6947
82.2205
49.9653
43.9347
94.1182
63.3412
128.715
103.382
84.8625
122.21
67.3555
66.2115
38.0361
174.564
157.673
40.7407
191.726
35.2653
90.7817
27.5464
106.594
97.8771
187.604
27.1679
31.5467
105.348
57.2427
66.764
153.373
37.5744
120.612
155.769
182.153
152.565
234.752
253.276
32.4394
59.0856
111.204
167.891
100.812
60.8928
90.7244
43.1038
230.417
76.2362
76.1759
29.5392
146.57
26.6518
32.2113
47.8892
211.975
38.22
88.577
50.9489
149.127
28.242
41.1462
219.218
51.5568
33.8236
149.567
116.977
59.0806
92.3839
145.954
124.727
89.3608
111.032
67.0557
83.8621
260.733
109.541
29.2158
29.6927
73.2301
134.444
188.607
42.9526
30.9322
58.9386
115.764
57.2075
86.0017
226.093
42.4963
51.5078
252.69
44.8912
30.2597
50.1511
85.512
37.8915
81.6632
51.404
212.922
53.862
46.209
99.138
51.7706
33.8019
59.6345
183.125
51.6846
104.213
120.922
53.6457
65.7494
69.8353
63.7966
96.4993
134.748
232.093
61.9353
78.4176
44.0456
218.48
27.1213
28.7375
69.9295
55.6091
47.7853
230.793
30.8429
47.038
51.947
150.598
43.7436
78.9764
66.4316
171.798
99.2226
52.4838
96.641
196.229
128.202
89.9774
177.814
75.5438
35.5243
175.885
56.0819
67.4998
145.904
63.884
33.896
64.6861
86.2599
36.0618
84.6689
55.6704
127.041
39.756
244.277
103.784
161.287
40.7008
90.4074
114.769
70.4112
27.7879
59.8721
110.006
36.3236
179.284
80.2351
55.6346
102.764
55.4149
33.8277
103.505
133.787
245.425
26.4988
67.306
179.369
45.5858
174.056
65.0434
111.102
49.37
132.951
203.146
63.9611
99.268
45.4658
113.972
44.7341
148.821
97.6069
28.4819
42.5652
54.4283
123.631
42.7087
211.956
64.7992
159.645
104.964
56.6726
71.7862
34.6152
41.5386
186.703
183.181
237.558
60.7134
72.1313
118.242
72.1256
65.2287
120.559
40.539
26.5866
200.801
57.9215
141.587
51.0259
113.486
198.509
57.2275
125.775
106.878
146.066
74.3444
197.652
83.6574
80.5786
110.722
161.995
26.7069
110.868
131.759
107.825
30.4142
53.698
102.691
69.1745
101.061
52.3577
141.277
63.6867
107.961
186.662
194.521
41.6992
43.2829
150.477
33.4651
58.7719
114.712
135.487
214.778
46.7744
187.603
66.2841
174.419
64.8612
29.1544
52.3902
161.774
47.7839
40.6966
75.1133
155.113
145.813
37.1948
232.501
58.4994
66.5647
70.0868
86.0019
110.871
31.5827
165.726
69.2493
132.417
118.381
208.45
46.4182
70.3135
36.4858
95.1302
206.016
60.1355
77.7618
226.852
76.2703
91.8709
97.1103
46.9949
46.5615
30.0444
47.193
56.4967
50.5039
104.726
63.2454
86.5095
79.6827
45.6436
155.15
168.606
111.035
43.6736
49.5771
207.492
36.0697
112.463
58.6371
94.2478
120.045
84.9276
33.1589
27.3649
125.099
42.0572
45.6153
52.021
117.435
71.393
28.9366
57.9779
48.8739
37.7885
69.6707
40.582
164.042
102.126
201.653
117.071
207.234
66.5565
142.861
46.418
63.5073
40.3666
129.609
119.55
41.1943
42.0219
65.4081
36.8607
27.9338
27.7652
69.8737
219.645
84.2929
260.132
38.19
41.4518
170.025
202.125
27.1495
51.8252
70.9278
70.7339
45.6588
96.9522
95.6457
49.1532
55.5591
224.664
84.7324
63.4507
93.7153
87.8264
64.4679
32.3971
50.1022
96.4765
53.4037
110.111
160.841
52.468
93.642
156.693
61.1627
47.6472
43.9709
113.037
144.675
59.1972
229.455
52.7396
67.0266
80.5692
59.9653
62.4086
87.9161
51.0733
114.009
46.8805
58.4946
29.8906
90.0836
65.0382
215.508
27.4259
218.095
233.121
68.1336
111.269
220.61
41.2298
29.153
80.7926
79.8122
90.8852
88.8247
156
41.141
133.37
192.9
132.61
124.641
126.574
71.2474
53.622
118.076
56.6592
150.837
179.194
124.533
45.9554
188.333
244.536
51.4478
140.765
138.543
146.907
27.4021
51.8133
169.773
126.743
109.42
158.316
82.5712
34.7488
54.7826
36.5354
63.7205
30.1089
39.6838
42.7875
36.0393
101.004
112.799
47.5792
52.5766
78.7593
51.1059
97.2627
31.0592
42.3551
149.194
43.5908
225.717
228.681
230.007
225.916
79.0551
150.108
81.1209
115.944
53.9902
147.287
54.6649
72.0942
73.6655
142.435
89.4452
32.9112
53.801
147.252
206.008
74.1045
26.4269
30.1088
70.1754
48.8746
68.8032
42.5339
32.1619
31.6141
174.195
210.979
170.364
39.6939
102.823
133.649
34.1941
66.4977
56.1875
163.45
195.357
53.1195
171.401
170.451
70.6913
96.0314
57.1221
52.1087
108.277
40.5242
27.892
34.3405
124.006
55.137
34.2545
103.709
78.3275
81.8225
83.7844
40.6671
35.5669
77.5772
45.508
105.59
155.017
49.4634
67.2508
175.737
44.4964
29.9742
126.864
64.155
145.766
123.978
90.498
44.4534
60.1483
32.6754
82.6476
137.998
44.6021
82.2363
142.508
93.3307
153.7
70.3848
77.2541
41.9354
39.7851
44.6072
181.18
138.054
76.1518
128.892
233.178
31.1117
260.729
54.2172
164.353
63.058
47.8144
53.2009
200.469
89.284
59.1903
48.8956
33.338
37.3394
67.6149
89.9891
110.972
27.8975
31.9662
89.1576
54.901
53.3894
158.637
48.0267
32.367
109.585
79.9
82.0137
65.141
49.4638
42.3984
62.4476
51.3672
106.609
141.194
81.268
123.125
117.803
28.3726
102.896
184.956
118.944
125.977
134.257
111.584
99.6153
62.4121
256.036
49.6107
37.6363
26.8077
201.182
45.5364
69.4758
107.048
81.009
29.1137
139.987
216.578
146.262
150.461
90.4346
68.2489
28.1405
77.8566
218.265
60.4973
30.9629
36.4211
140.783
229.759
114.756
27.2327
194.084
28.9294
79.6851
51.1623
52.2075
134.638
50.2031
117.164
130.793
47.9376
106.501
28.6086
77.1847
69.675
44.5751
35.989
70.0405
50.0062
73.9744
38.4038
50.5667
51.2464
59.7398
99.2229
150.931
72.0589
71.1307
100.73
44.0327
85.7518
36.0468
94.6847
192.444
51.5022
142.886
101.073
99.0198
84.9076
52.0174
57.8053
59.5551
68.6925
67.5646
151.15
86.7965
105.767
47.2513
33.3036
31.1814
112.884
113.827
91.4814
116.786
262.826
37.6357
231.145
27.4898
81.3026
86.0098
144.781
91.5547
232.086
72.2931
33.1242
164.893
72.7869
182.253
58.026
198.549
31.2301
73.6411
111.302
158.974
93.1161
152.634
50.4009
63.6717
124.239
29.2949
87.7221
36.6079
119.886
39.1765
96.4449
66.2297
104.968
116.511
141.957
199.812
171.533
32.6483
114.281
135.995
126.795
38.3473
63.6863
80.5064
178.843
46.3662
36.6791
110.394
39.2328
81.2195
50.2631
102.252
33.1715
32.3187
71.0996
47.7534
114.903
245.078
125.641
100.791
78.0482
117.671
79.6115
212.369
108.178
106.149
70.021
154.675
68.3598
91.6228
136.294
43.0614
40.719
133.435
197.001
164.317
132.2
33.2771
69.8747
70.9567
38.9818
50.2814
67.6246
124.026
106.06
214.657
63.2751
59.8112
54.7472
170.927
35.2945
57.6676
53.5371
52.6755
58.3427
41.729
150.456
39.9959
128.149
41.595
34.6588
74.0867
32.1612
28.4606
88.8637
69.9802
119.182
109.035
69.4571
49.2119
158.195
143.671
106.643
122.411
38.8005
213.388
83.3921
57.7827
56.983
174.757
32.2925
145.993
208.724
102.684
28.7048
162.166
45.3839
53.3578
159.001
52.8124
38.2236
225.105
162.322
29.4141
119.276
93.9668
87.3339
38.131
190.435
65.2614
37.4661
29.069
31.8254
156.953
168.778
58.6946
70.1669
82.2791
39.8033
135.368
29.4839
42.8619
148.21
58.4257
77.7389
65.36
47.6553
32.4617
53.6754
151.96
162.358
87.3374
89.0381
81.1369
100.372
52.5579
58.2094
34.2801
173.976
79.6121
114.35
53.427
36.5636
70.2594
42.761
27.7891
91.2803
51.3792
29.4284
29.983
155.133
213.473
138.234
26.9848
60.6799
146.354
181.439
48.5219
69.3723
32.3877
63.1374
40.6303
132.29
56.8356
26.8269
160.505
146.605
51.882
66.547
89.3844
98.0527
107.588
196.856
106.498
126.249
181.769
93.2859
50.2573
28.4274
82.1823
104.107
31.9559
167.191
32.8724
99.2358
165.459
33.085
40.0505
88.7066
26.4058
54.0593
84.5235
247.421
88.8997
71.926
79.2581
82.742
137.211
103.074
206.59
109.625
157.419
40.222
26.6491
84.4496
121.41
84.803
160.599
87.6711
168.739
78.6975
56.504
109.441
136.314
60.773
42.1374
42.951
76.7762
106.539
71.6852
56.9727
92.2841
97.3002
39.5563
35.1743
63.3868
64.6853
55.7696
83.9697
41.9348
113.445
146.984
211.076
38.1208
50.016
250.96
30.9414
70.3374
27.4679
89.2231
63.0484
91.0598
134.845
35.1191
98.0129
103.733
123.884
57.7365
80.8405
64.5312
39.052
222.359
197.565
29.3782
263.884
89.4834
123.802
81.8229
53.9971
37.1395
55.445
39.7972
64.6217
72.3045
58.3097
63.2344
39.8157
84.6218
31.3915
105.942
104.255
63.7587
44.7917
126.781
176.199
30.8978
68.0194
79.8693
115.045
134.875
34.4924
148.35
76.8112
249.336
175.686
105.377
40.4985
46.378
35.4058
76.4243
127.735
141.719
56.2204
109.072
87.5913
163.487
68.0031
231.308
61.4606
64.1426
70.7763
103.453
62.9592
93.2827
111.442
165.648
32.8798
65.2645
56.4688
60.4919
30.4548
224.913
125.275
32.831
53.345
45.5607
79.1031
82.8321
76.9974
107.214
66.0191
149.295
109.984
81.409
48.0882
74.9337
31.822
66.2865
37.048
91.3111
186.542
116.836
140.351
39.2786
132.87
53.1798
26.4545
51.7653
26.4694
93.3389
60.4565
134.81
195.01
109.611
50.2104
33.4222
116.072
35.9687
144.824
40.2278
45.0808
83.1445
46.9943
103.552
29.9786
82.9272
40.7411
39.217
180.398
106.643
97.6198
67.0411
46.3119
56.7044
44.1685
57.9911
107.819
105.127
30.5332
127.594
54.0895
77.3515
52.9286
96.159
89.9644
177.333
43.8376
68.3099
27.4078
48.9802
35.1325
112.215
78.8182
108.056
85.6934
133.414
156.401
158.627
129.065
40.6929
69.7133
78.5083
141.167
62.7302
28.0376
43.2134
179.292
44.8423
71.4922
85.8042
26.5545
133.72
99.1179
106.699
42.726
84.6748
27.9766
72.6034
87.8762
67.7873
129.648
106.887
46.5801
89.0947
74.1002
29.8884
35.4354
49.7128
116.486
49.461
180.907
129.869
85.7531
131.205
49.1368
186.12
172.632
100.42
217.01
68.0937
54.1141
40.3483
78.0412
175.261
218.842
46.3237
28.8506
30.6452
225.981
116.721
145.921
65.3412
105.285
77.5469
193.391
137.059
59.3409
73.5327
29.0612
52.4711
170.203
121.504
50.11
178.45
92.2764
104.409
260.338
203.261
202.588
40.0646
55.6876
213.92
92.8103
75.248
45.1973
114.298
125.547
67.6566
123.078
261.096
57.1716
45.0606
72.7957
41.4772
66.4156
118.086
75.7587
127.165
33.2741
137.652
38.4612
104.022
127.237
33.9627
46.108
54.4407
132.314
38.2387
82.481
110.363
42.7394
121.002
60.3046
41.3325
59.6786
127.379
27.7719
55.6236
103.209
224.299
61.1321
181.582
31.8783
37.0024
31.4657
26.6763
94.0135
162.722
131.294
56.3928
124.748
34.4475
46.9335
100.171
207.532
73.5484
245.412
34.0881
196.907
29.6082
96.2364
203.394
28.7042
40.7103
30.9297
91.0947
30.1114
32.9362
87.4652
246.257
100.816
105.996
213.709
57.1587
155.823
133.914
119.907
26.7503
60.8934
32.8437
54.5417
51.812
33.0547
73.6027
116.502
156.095
87.4386
128.872
119.153
54.3136
32.447
106.231
29.8841
78.5747
69.6298
70.4392
79.5247
251.302
58.2651
57.7658
104.761
46.0521
117.799
31.029
163.963
167.716
102.056
60.7349
52.5687
35.911
139.171
136.328
100.105
64.6222
109.081
44.745
83.714
70.1761
26.5892
170.867
30.2906
89.2433
55.204
83.45
118.599
155.483
46.5366
65.8754
69.0235
91.2011
213.054
53.5103
48.2214
60.3761
161.012
51.5027
55.1474
46.869
160.327
33.3654
54.5283
150.482
41.1695
30.7493
160.204
58.1658
103.465
136.41
179.203
86.0506
54.2906
82.4013
101.896
87.9464
203.842
141.403
79.9749
185.631
76.4558
184.342
73.9496
112.046
135.351
59.7283
43.0953
73.0179
72.8192
82.0199
121.805
40.3502
117.933
31.0364
41.9825
119.919
61.1753
52.6803
176.718
33.7549
209.152
103.062
28.8096
163.15
141.033
114.323
91.5465
56.7067
63.2991
35.5677
83.9034
95.9063
64.7466
56.7392
84.6881
34.3705
46.4237
38.8623
219.09
117.8
31.7208
53.0101
107.804
98.5272
101.329
43.2562
239.269
90.2812
221.778
224.764
43.0009
129.116
133.79
47.1919
146.804
60.8277
66.1218
44.2794
61.2227
212.308
33.7947
106.782
54.5982
101.693
37.0058
28.2911
155.726
86.8447
117.519
47.4072
136.455
131.263
88.4597
66.9425
131.038
143.368
67.7689
90.3472
26.4495
59.4282
99.3291
73.5568
32.2917
64.5775
65.9436
27.6806
72.1308
57.1364
70.0229
158.102
67.5488
64.0439
32.8937
260.209
29.7656
87.8226
102.31
118.849
116.751
133.603
63.3388
30.9962
107.761
235.728
36.0724
115.349
65.1106
40.9368
93.0755
82.6668
168.031
132.195
32.2908
41.7244
91.6896
188.482
62.9417
195.354
33.3536
93.8138
217.713
117.181
27.1579
162.161
37.2677
66.3505
247.755
96.4434
51.0579
139.192
94.5475
77.0282
60.4535
78.9633
106.226
76.5965
127.035
43.1839
147.53
178.165
38.4404
52.576
97.6019
34.9755
32.07
129.867
168.911
108.142
191.329
29.3115
218.411
38.0012
53.4238
90.1327
30.1191
106.099
84.2917
207.714
61.1223
47.4306
34.1912
62.1222
80.602
78.486
122.614
199.264
71.8078
46.1646
64.6134
36.1863
78.39
103.793
43.3157
50.3492
89.9293
90.8576
57.7872
57.3118
51.184
29.8496
143.313
61.6512
103.076
26.4772
57.6945
99.357
105.28
193.562
30.7693
98.6234
68.6968
95.8979
31.9599
35.5311
81.1032
110.519
33.2677
86.5972
159.542
57.8407
54.9159
52.3846
76.6981
118.873
122.293
62.2255
154.778
75.7567
174.988
99.7298
125.976
237.233
115.4
82.8297
200.046
85.1826
85.3511
60.1087
27.0407
146.613
105.437
34.7535
77.1156
40.5113
51.2
40.6638
38.3261
166.072
56.3827
57.0772
101.432
116.561
183.501
45.9684
67.0164
82.351
90.4633
144.999
32.1044
246.283
55.2713
27.1116
83.7002
171.824
35.8149
39.1698
35.0587
131.603
177.599
234.938
59.7797
74.6999
101.935
110.811
38.8423
46.8997
80.7682
44.6519
49.8969
112.948
80.1097
26.3794
79.6308
72.5253
47.7584
77.4386
159.579
202.419
66.6729
203.138
48.9062
28.0657
102.475
37.5001
31.9375
135.318
32.6755
98.9958
77.3098
246.185
160.326
69.2693
85.3773
30.351
27.736
183.546
48.6856
45.2917
78.2031
79.1386
241.754
99.0946
57.0292
44.219
115.954
173.672
102.837
156.462
104.677
106.889
27.2523
118.767
113.571
98.5177
54.5208
39.1107
87.3864
38.6458
97.9256
82.147
257.338
176.851
90.1609
71.4291
44.6428
125.43
55.5198
93.7553
37.3094
128.407
54.9376
60.9899
53.4518
73.8164
29.1721
88.7769
41.7264
95.3238
37.8481
233.126
64.4295
40.5766
42.0601
100.184
178.631
69.4077
33.953
48.2953
56.7867
72.4502
145.054
34.5908
56.374
139.74
52.3863
137.976
36.0373
48.5763
139.965
108.678
123.597
43.3693
126.066
54.999
106.3
111.974
37.0679
67.6002
125.101
98.7749
97.2897
41.5655
40.0523
37.9966
169.222
54.7652
39.6312
65.7703
223.286
36.2953
47.5816
204.004
90.2928
120.225
167.656
169.257
125.168
75.5152
124.223
51.2762
96.3686
78.0369
60.723
248.672
74.5274
95.1242
156.16
158.241
57.5589
92.269
158.976
43.286
93.4494
86.7958
44.6046
81.2024
27.9439
79.6499
40.0832
104.551
40.1483
130.096
183.681
183.781
184.201
100.65
52.4324
30.8268
34.811
75.5951
92.5713
137.124
93.6149
238.228
50.8704
56.242
71.7273
64.1861
75.8606
164.586
50.5009
71.4408
94.6004
43.9385
120.171
49.2911
26.8873
131.488
94.0021
91.9887
229.144
182.071
31.6951
262.081
53.7631
55.2916
132.652
225.155
55.0906
29.8365
35.7126
81.0893
133.962
37.2637
57.2385
93.3434
108.603
40.4066
76.7685
97.4906
103.475
104.385
28.5605
176.202
46.939
142.792
230.329
39.812
65.8529
46.1285
51.8818
64.003
86.9082
115.168
29.2263
90.7857
54.9159
62.3405
35.9376
64.4404
66.5434
61.1331
93.0448
156.602
26.5755
184.754
203.74
64.9826
70.2486
56.5959
34.4673
175.676
114.986
51.1203
98.7484
233.971
40.1178
57.3516
250.758
161.171
160.94
230.256
112.703
84.2562
79.902
109.726
53.9677
52.0416
31.5671
76.8951
36.0544
100.15
29.3762
103.992
103.414
26.8653
49.3908
50.1921
39.9553
208.457
48.5289
63.9184
38.192
160.507
28.3368
49.9119
212.795
54.4711
85.1776
34.2725
52.3435
73.1251
120.72
35.756
79.5448
65.9694
91.5675
35.4827
49.5061
47.0642
30.4404
79.5764
56.1473
159.164
115.965
106.482
82.1399
113.751
32.8558
199.06
63.1456
188.361
50.0844
85.8992
60.8977
128.124
65.4807
31.5916
74.9686
38.2014
82.0995
40.7781
62.0457
108.954
156.102
122.483
236.381
50.5024
106.491
61.9217
103.837
32.5762
96.0125
48.1722
220.935
67.3199
123.753
191.379
96.1171
112.432
46.6367
47.4334
262.139
203.704
63.2699
167.208
65.7497
57.9903
98.1304
30.2666
36.1907
79.7375
30.8053
64.3187
100.278
68.9702
151.17
42.0369
30.3609
85.9933
70.6027
96.9692
49.3799
63.6694
76.0879
132.662
151.521
65.004
82.296
94.7695
45.0956
69.1915
43.5584
87.7838
112.599
124.601
69.6147
28.4457
176.286
80.3224
63.6735
91.4893
33.987
34.9979
117.743
231.435
63.6657
196.965
194.235
67.2355
68.026
34.1917
68.6497
36.7218
145.242
79.4068
171.271
40.4833
96.9871
43.727
117.507
31.4289
72.6741
62.8833
41.9651
97.957
166.793
43.544
40.1174
60.3154
81.3909
47.8714
59.8266
39.3722
46.9487
73.3962
33.1002
88.6124
107.182
116.03
199.38
247.972
55.1368
112.055
56.0998
189.971
48.3055
61.8708
97.471
113.621
260.586
45.5401
255.74
141.502
120.387
100.638
219.444
102.131
45.7115
65.0673
131.948
124.277
116.375
178.848
42.3263
27.8483
53.324
59.1969
86.6063
67.8331
43.1861
33.4214
200.016
26.9492
27.0066
48.9301
194.974
54.9602
68.3636
63.1075
45.7524
63.3746
94.3201
34.0946
118.791
60.5007
71.223
65.5101
30.3075
63.4336
87.3098
42.5538
132.761
30.6506
76.5164
192.02
42.1917
222.868
81.4937
69.2259
52.106
27.8839
39.8367
88.2385
197.38
27.3251
56.2684
118.523
43.7545
100.389
78.1421
126.546
147.774
178.345
41.6588
35.797
47.1326
29.6887
144.665
33.6849
58.1662
95.137
136.196
44.9629
49.2565
78.8716
149.958
76.7044
197.646
111.203
101.458
34.7351
52.6732
70.8233
167.842
76.4246
81.3846
101.985
138.619
144.222
26.6576
38.9559
78.7347
113.076
27.2153
113.18
136.697
26.6559
99.3261
83.3502
100.367
218.885
46.6246
155.15
97.47
136.383
80.8693
99.8421
36.3298
85.7575
43.0312
191.027
153.944
62.221
108.925
134.246
67.0289
46.1121
87.0789
37.6405
38.5722
33.5447
27.9836
67.5732
107.493
76.3861
83.8267
112.638
144.778
34.576
89.4304
28.7022
47.1208
131.78
167.895
183.109
65.1524
94.5561
35.3734
93.0681
31.4803
32.912
49.9709
27.0703
59.4076
169.397
91.3224
98.3292
100.736
127.136
143.097
40.27
64.2156
95.6432
120.747
40.1559
32.5484
70.5232
102.792
92.2457
61.6327
77.9569
49.6276
48.269
32.884
91.3886
62.985
36.4743
155.724
85.245
30.8539
71.2152
70.5299
150.638
63.3621
119.054
58.3201
189.725
85.2146
66.9014
109.208
66.6773
38.0941
42.7837
169.272
240.075
49.9213
227.153
110.072
47.7248
95.9708
39.8908
54.6181
93.654
36.9154
81.6947
194.991
111.816
151.179
155.048
63.5464
52.2296
55.3404
101.096
234.593
202.453
58.4499
196.305
100.5
201.173
60.7637
232.074
99.661
44.8474
262.575
37.1014
166.419
32.69
52.9106
57.1535
83.7163
44.7086
55.0925
44.5342
160.617
78.4541
157.04
41.0085
31.2347
73.9433
156.209
31.757
86.33
81.9416
44.1748
116.153
59.4426
37.103
51.8839
30.2754
123.149
60.4008
111.166
43.9274
52.5197
82.6136
146.261
62.1575
79.482
144.485
173.323
117.51
76.4698
34.2559
127.57
36.5992
76.7035
91.128
31.9173
107.238
44.9911
113.818
83.2799
178.684
44.9959
30.9931
61.1081
44.7141
105.779
39.4657
37.7338
110.572
118.14
78.9047
120.121
28.2795
165.623
33.5607
94.5386
51.6068
153.297
43.0452
34.636
31.9308
33.0442
121.186
27.0834
126.82
53.2502
54.1363
61.5981
77.6686
53.2836
200.319
45.1291
75.5045
66.1614
144.594
111.437
44.4553
213.155
35.7738
183.089
41.6259
102.022
48.813
201.019
203.335
96.1995
30.611
98.1972
184.061
113.312
97.3642
126.215
75.282
46.9549
112.602
38.3059
51.6485
52.6594
159.085
102.071
39.9252
30.4314
34.6577
133.521
178.204
246.487
69.8852
59.3719
197.516
42.4393
92.0963
129.238
63.7128
109.851
76.1758
61.0065
118.078
154.671
104.457
167.843
93.4893
170.157
60.6167
51.3475
108.678
72.793
184.667
56.9138
32.3213
119.517
29.0486
87.283
50.5789
140.779
103.444
34.437
45.9379
193.714
254.946
145.645
109.254
53.8949
39.0093
29.1819
130.057
76.5979
77.5419
84.1082
53.0412
30.8645
68.9685
204.587
30.6638
117.454
49.1847
33.9688
57.8206
76.1032
63.9362
187.264
31.0358
26.5863
199.189
33.4327
76.0246
110.855
101.954
56.4393
121.798
136.761
254.576
55.1056
100.742
112.917
94.6136
70.0332
110.56
34.9169
210.366
136.925
68.7133
65.5094
33.2206
105.35
107.624
68.3335
50.0917
85.8707
67.6375
74.2416
151.144
26.8536
52.5969
211.399
131.571
62.3282
101.221
87.9971
72.9345
127.598
56.381
29.0073
71.9519
154.545
126.407
31.8029
145.7
88.3701
73.2565
195.439
46.4808
60.2897
27.0336
201.802
133.885
65.0914
40.0003
128.579
124.51
27.6029
40.2039
209.642
43.7844
117.561
64.5056
63.6643
56.5587
63.0456
92.9586
50.5864
39.1941
75.0461
46.3484
227.787
63.6367
38.1637
60.4286
104.989
48.4809
129.483
30.5542
36.5689
149.474
74.577
45.4128
49.355
49.0222
32.5091
73.1284
61.6111
111.734
134.188
35.4661
178.799
147.046
39.8068
36.1845
57.8488
43.4579
156.421
34.1906
51.6621
52.8537
42.0368
43.6447
58.6721
57.6099
30.8193
138.036
84.7451
144.047
87.4739
33.4367
157.883
75.7964
82.561
133.635
118.942
121.083
224.236
188.533
83.8347
58.4325
130.61
132.223
41.494
102.426
172.412
40.5782
32.6562
30.1904
50.3025
47.1918
83.3429
114.807
155.604
105.816
220.483
34.5041
111.208
118.088
103.931
126.407
42.2091
44.9747
36.8508
261.428
32.3687
80.5507
80.1329
186.02
228.991
36.1245
235.371
68.6923
68.0269
71.9621
113.73
85.9207
79.9458
106.368
40.4958
186.078
27.476
81.0676
45.4931
57.0921
187.468
89.0444
92.0968
170.692
30.69
181.941
97.708
44.0755
83.4632
82.6514
31.1755
150.389
260.862
28.1475
49.1465
47.3405
96.709
34.4609
214.688
113.289
77.4549
128.304
84.0723
31.6185
36.5481
171.834
36.159
50.113
30.6928
212.917
59.8547
211.627
121.598
221.985
41.3423
68.31
90.5816
141.272
85.7007
26.467
159.744
88.2895
56.192
74.231
85.7088
50.4845
116.66
162.427
101.177
108.583
68.366
68.386
64.5854
27.2382
123.273
46.7138
102.495
180.623
78.8626
102.279
38.3423
29.0123
121.263
38.8234
149.38
124.111
111.085
228.168
32.4628
83.9812
51.3081
158.935
29.9937
34.0314
210.796
113.99
35.7512
88.2047
61.2701
94.0092
98.5994
67.0115
69.308
105.791
114.214
44.0235
94.3444
64.83
99.635
118.325
47.253
41.538
125.645
45.4957
181.49
207.469
60.3165
32.3713
31.6986
156.097
32.9017
26.4114
61.381
27.289
167.683
68.1984
69.5261
124.61
46.4885
124.086
85.3255
85.0135
67.1489
160.994
150.848
36.5766
44.7859
86.6155
63.6234
43.1234
157.852
67.858
204.405
124.451
55.2569
101.753
110.405
63.1512
45.6316
85.7157
27.8467
89.3484
94.2717
80.0073
106.945
42.6621
68.7571
155.769
86.0948
233.099
74.166
51.9293
110.526
35.2663
46.5931
78.102
33.9023
30.5523
106.024
193.543
241.394
48.9203
30.8897
230.596
100.967
204.622
49.0025
138.364
48.4758
77.7161
34.7461
87.157
70.272
52.9831
70.9394
64.5126
84.811
208.464
78.5249
49.453
75.9158
77.2962
41.3019
111.829
148.901
99.346
53.2036
131.174
33.1941
53.732
84.9574
38.432
58.4032
89.723
64.1557
57.9985
47.6655
203.109
62.6608
95.5853
86.1606
184.317
37.7341
107.749
36.8917
97.5834
39.7579
129.254
92.7381
129.897
68.0913
144.231
28.4605
118.84
214.992
156.241
48.8301
174.361
57.3888
180.549
43.9144
129.146
141.885
57.1008
100.435
167.11
65.7277
215.396
181.784
84.4775
128.714
209.998
98.5958
110.6
36.1549
107.915
49.0242
81.3215
235.559
68.1032
68.2649
132.272
200.425
140.738
130.233
165.02
115.181
86.9577
41.3508
43.6929
85.475
87.8322
156.864
34.3879
59.9412
38.905
30.934
38.617
118.256
86.3552
47.5996
182.865
94.4073
49.755
191.683
73.856
68.9597
97.3776
245.786
59.068
105.485
158.474
123.503
62.0194
88.5798
119.168
28.5091
35.3898
74.5379
114.649
220.357
75.9006
117.228
52.9058
52.9097
106.566
166.548
115.714
48.1084
26.6539
209.926
72.4357
112.786
185.948
124.319
49.6863
38.2701
33.5296
54.4279
61.8003
30.3373
121.683
125.987
189.638
190.669
35.3933
39.5062
251.483
97.3057
88.0107
57.6878
68.3319
208.093
80.2567
76.7178
179.911
45.0804
143.524
57.0502
145.634
258.388
86.1951
76.7852
68.0869
76.2264
169.063
124.164
41.7127
51.5501
45.4054
130.323
48.4402
70.7945
225.548
40.4363
167.507
92.9611
145.764
88.3385
175.59
51.4736
71.3692
118.837
148.771
69.2366
69.6488
45.9168
59.7064
195.732
51.3627
203.992
69.1896
48.8762
96.6137
28.8655
194.038
190.662
63.4389
60.7179
50.5149
60.3534
240.904
44.6387
49.3779
60.1197
136.489
121.35
170.649
141.159
33.6001
38.3163
132.767
32.5967
62.0785
251.675
87.2409
56.3285
40.3775
105.773
150.409
101.482
57.43
47.8877
39.8917
128.076
55.4532
187.529
137.605
154.729
28.3244
127.602
34.555
90.7246
56.5752
57.855
75.0713
109.876
183.175
34.5133
68.3838
74.5274
35.6055
59.3177
33.6749
151.736
179.824
37.9999
112.357
103.485
189.139
47.136
38.303
188.232
33.6438
92.5957
135.232
108.983
116.369
138.203
79.6615
98.4603
74.8119
36.6421
79.3923
78.479
88.7356
153.11
229.309
179.839
40.7811
218.007
141.824
34.4586
92.4502
74.9521
206.689
52.4903
59.3932
210.083
133.348
88.7301
114.96
115.465
110.903
120
118.675
144.428
37.9892
72.7122
83.4288
247.071
29.9072
65.5527
77.125
230.186
53.8265
126.405
149.967
28.6575
102.607
207.796
63.1763
64.6341
36.7353
41.5479
142.834
241.986
68.9617
66.987
113.917
41.7587
82.9393
60.8496
85.5968
74.4442
79.1712
54.115
109.947
31.772
69.6508
37.23
140.961
106.809
76.2979
52.4367
157.558
104.402
62.0136
51.5238
40.2144
181.219
75.9047
53.4754
95.4242
50.0235
168.012
73.1514
83.3792
27.2493
69.598
137.374
83.646
63.8836
84.2877
51.6766
31.1491
162.021
59.7469
49.0539
54.0805
256.824
164.537
223.972
35.3595
46.9279
257.697
131.009
51.2436
171.502
45.1894
87.712
103.89
173.041
163.274
86.6753
219.59
90.3932
55.413
44.3633
217.171
174.741
147.861
237.769
117.95
136.646
154.751
31.9089
71.6852
31.1858
45.5206
56.9312
29.1491
110.696
152.519
152.08
119.812
168.162
33.7247
85.9503
211.253
84.5699
103.482
105.356
144.484
84.6322
75.6591
71.4706
58.5686
76.0597
70.2351
62.0509
127.869
67.488
80.1248
167.929
74.9787
89.2783
86.2524
35.1426
171.841
178.503
27.82
156.199
57.7173
65.1619
212.305
214.607
184.646
57.6649
26.5526
71.3051
139.86
83.8503
64.6902
38.4714
113.988
116.391
121.355
87.7483
65.0443
43.3032
221.259
136.233
29.95
123.735
63.9969
108.771
44.7795
58.4385
61.1093
68.3882
32.5984
104.081
97.294
84.2568
47.5246
196.46
70.487
30.5071
241.125
74.437
86.8884
136.665
44.7137
83.9665
134.815
85.752
50.3771
123.763
49.6487
81.4896
86.6858
183.6
42.5454
58.7271
67.0328
55.4342
48.5785
59.7721
34.0551
30.0374
106.818
192.268
227.93
62.2202
85.5825
64.0868
57.9128
72.1784
48.3158
47.3803
68.9044
95.2391
103.69
216.614
90.4256
45.2183
75.6605
61.3275
108.044
67.6892
208.736
187.827
212.004
118.005
83.8321
63.5009
47.3865
165.384
44.6619
67.1954
236.467
30.4942
51.371
135.752
34.3316
185.246
31.4417
170.146
77.8505
96.2174
62.1255
81.0818
48.3112
48.134
151.516
153.672
38.4548
204.822
219.748
57.7957
35.9297
168.664
195.177
57.483
162.433
55.0553
75.2808
65.3667
72.7149
47.5615
77.5998
76.191
40.9971
169.035
27.4729
66.8959
77.963
137.926
30.6337
50.6415
202.466
157.544
49.1635
47.3297
176.234
88.4442
104.131
161.085
190.65
70.8437
39.5738
115.578
80.1965
39.9328
35.8698
160.924
33.5673
41.2075
51.3875
28.7369
54.0799
46.5004
239.613
55.0425
218.874
49.2133
111.213
185.514
50.649
57.4578
72.0122
31.982
39.9054
65.1798
120.645
47.518
219.709
74.9978
172.166
48.7374
69.3475
87.6768
37.5966
29.6068
56.125
34.2974
64.0335
33.4923
188.959
121.823
113.457
29.9736
221.893
57.6138
117.818
239.27
43.102
139.114
76.7804
41.1085
129.38
93.329
47.0578
143.296
75.5121
79.7635
42.5772
155.256
67.6472
45.29
76.1382
174.686
112.456
74.7845
54.2024
108.798
68.4501
46.4274
153.847
35.1974
114.948
47.8784
66.5688
174.605
70.8434
103.56
26.7833
83.8782
40.9738
27.0347
41.14
141.042
69.2574
48.8611
51.4258
104.164
114.324
49.1525
161.119
46.9595
46.3897
60.486
37.3418
142.994
53.1014
56.0138
77.1645
41.068
43.2425
107.637
48.348
98.5554
85.9658
122.985
121.373
88.7411
114.152
101.832
56.1648
59.2604
27.1143
162.739
26.9525
100.284
140.899
233.229
59.0291
171.609
68.751
61.9949
27.0352
102.049
30.8135
117.053
114.307
258.926
54.5606
36.0446
140.109
31.7297
46.9437
37.6732
72.1471
161.709
53.1369
39.7119
69.8102
114.669
123.574
38.9871
35.6288
122.724
31.3144
31.2824
104.172
35.0114
31.4957
151.312
40.3707
107.038
85.1124
31.8339
108.763
63.7641
113.506
36.7588
75.1921
66.1275
249.643
109.714
35.0466
27.8778
57.831
114.343
110.414
31.3132
40.7104
67.9503
56.3065
122.187
61.6324
144.42
72.4941
83.9458
83.7939
72.8704
67.4298
53.2492
124.916
93.383
43.4092
35.4813
147.83
56.4001
78.3651
69.3196
29.0984
41.2873
104.987
29.3525
62.9217
189.327
160.277
158.715
45.7975
42.5723
35.167
161.476
60.3042
103.506
129.309
132.816
109.469
48.8525
32.1666
144.687
134.621
46.9808
88.6964
54.7275
41.1825
55.3492
133.294
106.352
85.3599
93.5451
53.6661
187.071
53.8755
95.3541
188.075
102.793
79.1132
80.0124
45.9506
230.412
129.674
184.723
145.848
143.971
56.4156
238.671
38.4148
84.7916
220.545
107.036
117.907
100.399
99.2779
177.807
74.4819
57.5765
151.182
33.6844
154.562
139.575
86.7538
161.405
80.1839
43.1724
73.9907
169.751
33.3772
32.5315
109.865
78.3856
79.2935
55.4622
233.765
212.231
30.7383
76.5272
76.3066
153.537
66.1402
76.4787
32.8278
67.0046
141.877
43.2468
113.408
31.5174
87.4604
48.5988
236.106
72.4893
105.882
187.455
37.8416
113.203
30.8557
55.2817
48.3386
85.5734
70.1424
27.3604
35.4621
96.2993
30.0962
80.2942
63.569
77.5769
93.5231
44.6516
47.5946
83.4024
133.546
38.5097
28.8386
161.416
182.362
132.707
252.222
29.874
57.6592
32.8653
44.8717
35.9398
227.112
230.098
39.7581
138.374
73.712
53.141
40.0688
107.898
101.175
35.3542
55.7175
45.096
66.8437
69.4662
143.384
118.548
65.2792
43.9843
51.3411
85.4225
31.2239
41.7237
32.5077
38.0253
122.578
70.5154
178.603
60.172
138.477
238.662
58.8906
36.8786
67.8147
54.0689
35.9879
227.731
110.345
49.747
163.319
37.3123
51.6734
41.7249
59.6537
61.2266
58.7144
82.1638
35.2696
53.1223
57.7157
48.6737
50.5512
94.0629
41.7254
203.982
32.9172
40.5023
177.052
75.6378
34.588
44.3813
31.2303
97.292
69.1124
249.836
101.196
119.737
125.055
78.7322
189.197
43.4935
203.171
43.6961
70.9185
31.7315
59.0982
80.5015
56.1397
33.4534
56.9537
43.7021
66.1505
35.0945
117.948
124.557
44.1906
136.148
92.3457
29.4257
49.015
142.501
141.936
61.8033
40.2828
32.2454
92.0738
46.4668
133.783
50.0139
96.3245
75.1708
47.2225
67.644
88.743
51.236
90.0787
144.567
47.1017
92.8142
87.6005
56.382
223.139
108.549
73.6231
38.6732
27.5083
96.89
30.7887
90.9506
51.914
88.4414
89.0899
41.6884
96.8019
37.8725
78.574
93.965
125.837
83.1714
65.5048
207.367
75.2174
80.983
97.7517
30.2299
116.92
46.5419
217.048
61.7574
74.3159
94.7738
51.8352
71.1786
34.2276
187.129
118.381
138.83
146.593
106.694
48.0978
113.366
185.662
30.8787
186.482
80.2557
90.9599
55.4552
29.3782
78.39
196.885
96.3805
260.788
80.3723
93.1882
70.1336
99.4163
45.3982
99.1554
105.997
85.7326
83.1071
27.834
59.0622
63.6718
239.655
63.3894
130.877
45.4941
131.019
28.5942
39.3136
177.754
35.5817
56.8413
100.21
31.4869
35.7346
225.16
227.222
128.704
59.9049
29.7569
136.718
62.5931
76.7206
145.607
82.2913
37.3996
49.5502
100.659
27.2694
118.251
163.279
133.69
50.13
75.0477
71.6703
121.854
26.8666
180.285
200.278
157.109
100.589
139.763
135.778
34.3621
79.9273
52.0809
35.2024
195.841
66.2898
128.519
61.11
27.6883
88.3326
256.579
192.112
92.989
40.8742
27.5763
148.584
90.7019
45.494
66.7881
131.386
83.7336
46.897
141.292
122.552
36.4713
119.274
98.2394
34.8109
116.453
78.5012
26.6419
81.7346
135.544
170.026
138.219
106.375
117.702
168.358
31.6763
58.9869
38.4772
84.2269
188.106
30.78
45.4928
99.9601
74.1258
159.503
87.9117
71.6578
151.488
89.5011
229.382
49.9104
29.8291
98.0349
90.2165
169.865
32.6648
82.4689
27.7765
32.8084
106.975
90.0441
38.3447
31.4785
80.981
116.13
33.9396
45.7383
212.309
104.557
105.461
66.4381
198.906
168.432
47.3815
179.787
29.2581
143.92
31.4861
136.694
184.912
121.742
87.0331
127.657
75.9874
48.638
122.144
214.233
42.8334
157.605
246.65
94.9568
91.2628
78.9634
67.9976
40.4499
33.4368
53.6243
158.894
134.666
75.175
42.4395
91.1835
134.534
29.9939
52.4132
155.394
67.4523
41.0642
45.9181
51.6387
180.525
69.6885
189.035
53.6312
27.7172
109.796
72.0469
107.027
214.792
45.1705
77.9504
37.9857
33.2002
73.7774
41.7884
40.3461
146.826
53.8335
96.045
154.93
41.7664
40.6532
109.613
128.57
77.7194
90.7148
106.996
48.6623
103.423
202.063
34.6407
39.8865
74.4447
58.3632
31.9418
50.5838
76.4847
29.9829
29.4674
31.9761
99.9497
166.635
40.0965
66.7065
92.4612
110.577
141.034
100.978
67.4869
90.4753
39.7347
102.758
41.4349
31.8799
52.241
103.192
64.1643
119.892
65.1078
38.8737
52.2793
80.61
47.0401
53.7273
147.298
47.6354
109.408
135.92
156.157
33.0113
105.352
29.8027
126.527
252.118
37.4712
72.6495
153.384
142.891
193.85
50.7863
127.608
86.1282
60.4914
56.6253
122.192
83.0671
249.724
97.9395
108.53
34.064
39.8601
43.8404
44.1971
54.2726
75.0716
37.3247
33.1582
131.983
52.9151
45.4366
93.5761
137.048
53.7682
194.586
43.5319
91.6563
99.3685
132.186
62.7258
84.1828
52.9052
87.2516
45.5997
68.3482
70.753
89.4483
68.0444
171.458
33.4681
106.101
53.2966
167.764
139.348
48.4747
80.1575
45.1556
139.988
55.9943
118.595
31.7238
39.4125
71.914
78.8886
88.5439
73.518
26.3905
254.042
97.316
139.243
48.4515
82.3319
94.457
99.924
178.385
138.958
35.9462
65.0162
89.1709
65.4587
124.622
124.858
42.6022
164.523
234.327
74.2346
101.657
50.8198
87.0882
259.961
127.742
82.731
87.8441
94.2912
33.2885
26.8196
143.281
166.709
147.44
40.6116
37.9134
45.4297
108.608
199.177
183.738
109.193
28.7809
38.7657
114.31
121.685
63.6495
76.1405
65.2891
139.271
29.5322
129.686
54.8021
63.6415
107.975
32.2604
61.2767
106.898
59.6906
179.867
90.1813
42.8734
168.197
119.834
65.3468
247.883
73.0891
45.4623
77.9702
68.3244
53.0963
43.2266
101.128
32.5728
159.694
40.1715
70.3485
99.6733
149.416
110.791
26.4357
126.293
50.1701
234.169
42.7376
49.8621
153.326
73.6248
87.1385
153.269
113.491
62.9158
98.6515
33.518
153.083
102.433
170.154
63.0129
81.8645
32.4677
221.765
26.3869
29.0073
51.0894
73.8959
128.292
62.8013
165.693
43.4421
78.9356
71.7427
76.6591
171.749
104.44
66.6545
81.7283
67.237
199.186
40.7984
95.037
120.304
32.1142
51.7216
176.134
118.081
72.0633
45.5875
216.721
41.312
248.761
26.5763
206.327
52.6289
58.7015
94.1335
44.9863
40.9335
74.8277
122.001
97.8472
107.14
137.084
222.06
169.019
72.4955
84.8106
107.579
201.048
188.523
42.0236
27.7845
130.496
152.981
249.401
90.0823
27.2537
61.8203
77.6351
82.9957
38.1455
67.546
35.7269
233.211
122.901
92.569
78.4889
50.2013
28.9082
56.8626
94.7211
94.1899
125.711
98.9615
205.861
87.217
101.919
36.3628
38.984
80.6039
38.2728
86.3265
96.9825
211.536
82.9024
137.744
105.966
107.922
163.836
86.2071
83.1917
130.268
202.484
143.803
63.3652
43.6776
42.9013
175.701
196.284
151.882
73.1491
72.6385
33.9814
45.558
136.471
45.2012
45.9009
58.6075
175.992
178.128
233.693
166.145
68.4651
142.166
128.049
66.123
108.132
141.751
33.7752
45.1969
105.566
33.541
121.069
96.5537
88.0358
58.222
131.059
52.8989
38.2294
53.0976
53.9347
45.71
62.9317
48.4621
86.0068
203.319
83.4652
147.025
100.804
116.713
47.9148
77.8145
144.489
100.916
132.662
70.1156
67.5503
33.7707
140.983
80.9547
79.558
91.1773
46.6391
68.7928
261.042
69.3195
88.6314
150.864
155.173
48.2648
63.3157
132.452
47.5237
105.587
59.0551
61.8451
94.2019
110.561
83.3528
78.2979
60.0643
31.858
63.7536
31.633
97.2502
74.159
32.8631
53.5742
82.8369
91.3677
46.4982
50.9444
81.2054
93.8384
66.2177
87.7794
136.159
27.1264
32.6823
228.45
58.0329
51.9761
27.6101
30.0332
56.2562
62.5163
243.351
144.668
27.2964
173.142
159.84
137.486
118.352
115.964
44.6704
192.388
62.7405
54.6723
57.5093
84.0827
95.2082
35.4807
30.3449
199.779
80.2199
74.4747
184.314
40.5789
36.9296
64.2514
32.5816
49.4945
57.8485
27.1653
29.1362
38.2641
42.4839
55.7552
28.6975
29.0396
90.5579
138.581
28.4124
38.537
247.012
39.2986
117.402
109.985
57.151
26.4821
51.4936
45.7854
129.692
42.9357
82.0886
84.5208
41.9309
95.2246
28.2265
158.683
115.049
37.3525
40.5874
119.752
86.7927
40.8781
74.7639
54.2142
172.733
44.5106
126.554
46.4441
94.2388
35.402
124.379
102.549
42.8266
75.3313
100.079
144.164
28.9764
86.279
91.6801
149.834
157.297
51.7275
54.0283
38.9992
36.6545
100.005
32.922
75.8514
67.6339
99.4352
36.5569
141.462
263.64
32.2929
118.235
146.028
65.7294
200.17
246.995
109.597
206.844
204.281
141.053
204.632
112.592
125.73
57.9946
117.23
91.3407
44.4615
106.222
29.6563
151.286
28.5147
49.3073
97.6711
135.535
44.1532
208.681
200.212
57.1362
169.045
158.79
51.2451
98.1126
68.1656
107.053
169.385
89.8581
75.8742
26.6091
29.5641
219.601
80.1928
123.556
48.1371
115.026
183.594
93.1746
139.4
140.967
65.7414
97.3066
84.601
147.552
103.799
38.6377
56.4921
69.7913
85.7926
69.991
84.4175
82.5719
110.989
96.7548
191.26
80.067
178.788
117.762
104.357
122.365
51.0929
259.916
55.7675
34.1053
35.9644
135.052
205.463
58.9347
47.2677
29.2908
94.2385
51.6143
45.1714
77.0601
46.9945
54.6652
31.2147
94.0325
32.0031
141.102
111.546
102.5
83.896
134.16
73.3927
60.3908
37.7729
178.457
81.9215
40.4364
151.789
110.839
75.645
48.0598
134.532
50.1493
156.351
143.356
33.1769
70.7733
48.3576
31.603
132.834
35.3171
37.0913
145.728
37.0988
26.6802
29.9034
145.619
68.1736
120.78
78.3539
199.678
71.6526
54.0707
26.6958
81.0417
165.082
47.7809
32.7783
47.5091
49.5083
191.26
42.1403
96.9721
52.906
165.64
46.0327
73.529
44.2048
116.98
51.864
97.2266
74.3775
38.8138
44.115
74.2728
32.7475
34.541
116.31
63.2365
27.6036
28.591
31.4224
96.3001
71.6615
28.596
154.086
48.1363
170.831
47.321
80.8743
111.719
145.558
130.464
57.8512
35.2374
40.1901
138.884
224.868
27.6725
169.275
44.8479
155.079
48.9458
28.0011
29.0053
139.076
31.4367
105.516
92.7821
27.3831
84.3602
28.0613
53.0782
156.04
113.486
75.8754
36.1762
146.234
118.774
43.665
64.1679
51.4427
28.841
42.6661
47.0091
237.777
36.6328
37.1121
222.289
32.7702
150.835
99.1316
111.837
58.6512
61.7108
32.3647
33.0707
146.367
31.9485
82.5321
102.678
102.555
53.0783
116.184
30.7271
161.14
90.6751
84.1468
107.458
62.5928
120.961
81.7897
94.9717
118.786
169.976
251.712
261.741
200.565
79.5118
69.6098
46.0587
50.452
34.5946
67.3035
28.4432
94.3448
190.379
53.9189
147.198
42.6896
96.9357
131.324
153.402
93.0311
75.1301
82.6278
68.6328
48.6554
250.115
209.45
131.494
69.3753
181.868
65.4826
97.458
133.764
78.391
52.7931
83.5402
104.602
87.7074
46.6354
251.615
33.5072
136.361
71.2891
162.908
43.2371
233.346
157.283
157.574
80.4089
54.6303
114.737
155.391
44.0095
142.822
84.141
58.466
79.0326
75.4252
118.072
167.828
124.993
50.6147
80.7893
66.8286
28.197
73.656
175.038
75.349
54.6275
107.663
153.642
116.446
44.9581
143.437
155.762
166.183
45.0227
76.7257
86.1135
179.148
82.6967
66.8565
164.127
34.2883
38.6854
101.234
156.328
38.3437
148.633
41.8737
120.546
35.3449
48.7507
215.921
98.2006
40.1869
80.2606
26.7541
39.4057
42.6195
44.1202
114.016
48.8961
169.423
55.7476
78.6486
98.4549
130.66
137.098
43.5937
133.03
45.0072
58.4062
173.641
62.9659
50.0068
59.0266
168.98
35.7084
37.2827
29.922
32.1626
34.9976
28.264
27.4066
242.238
116.697
31.3744
147.875
167.954
46.7828
88.5653
36.4731
55.3535
97.6206
39.4529
70.8705
133.574
47.5089
120.437
96.5581
101.629
229.113
50.7533
128.853
26.9061
54.8319
114.769
70.7121
28.5998
37.441
47.1026
112.923
31.6425
33.0412
95.8569
50.546
186.019
73.651
233.504
44.1074
81.1368
58.2875
50.4493
32.0353
141.396
152.908
115.511
51.6121
79.8809
118.387
66.1772
255.379
91.0876
144.387
48.2112
129.993
124.997
32.5858
79.4108
90.8635
69.293
60.5313
165.62
207.548
83.4431
231.543
78.7844
44.8176
150.622
94.1256
47.4506
123.384
48.8334
40.3755
54.6731
40.1807
227.874
193.812
27.8026
203.022
33.157
32.8404
76.9549
77.4984
32.1407
46.1984
150.665
32.9698
124.46
88.2873
77.5253
144.032
151.343
235.163
202.734
72.9121
100.843
61.0487
127.523
75.9948
196.669
74.9762
89.4719
26.9337
117.925
35.9288
29.2544
235.675
28.2922
95.1971
94.7216
81.8842
35.8884
59.5909
47.3156
171.348
31.8837
31.5389
94.4096
97.7762
39.9432
90.0485
54.238
172.455
53.6726
85.3065
110.535
254.441
160.072
143.215
132.385
55.6168
97.8665
32.248
52.8844
119.733
65.0614
44.5041
47.8296
162.866
122.98
165.507
68.3596
114.707
72.0133
207.321
34.9887
139.162
33.2816
80.7279
29.4543
137.849
101.188
73.8634
148.323
39.2885
33.6216
100.091
70.4854
121.844
194.583
35.4301
51.7756
26.4725
118.197
112.496
58.3595
79.692
48.4691
93.3177
221.553
107.74
129.118
91.1368
83.1744
30.31
61.4422
91.0609
114.394
104.344
48.8726
30.5778
42.4196
39.9983
143.157
62.9747
70.5477
253.964
115.178
59.143
38.5595
30.3089
107.249
175.667
87.244
41.145
29.2461
176.252
134.954
63.8005
49.4103
135.358
70.7184
257.792
42.0218
28.5166
84.0291
68.9468
28.8825
119.597
53.7132
166.55
181.201
45.9206
176.99
75.3433
37.8643
191.405
29.2739
52.3191
52.1191
33.3852
45.1427
29.2428
113.134
53.9684
170.575
53.3116
43.8843
219.508
83.0446
134.045
40.2074
27.9798
51.3001
55.287
51.2861
44.0087
163.358
92.6943
61.8281
204.198
44.9782
251.71
51.3011
28.0766
167.513
126.502
103.02
40.3679
140.016
54.206
38.02
34.902
217.303
38.1658
33.7855
71.4359
77.9865
118.347
114.799
165.249
53.4764
60.2193
113.324
236.023
130.489
80.3676
42.808
103.132
123.584
47.5795
221.493
90.4315
33.9718
63.9111
135.684
138.456
125.15
60.5627
80.4055
69.4914
31.8915
51.9886
75.7181
111.352
115.086
127.87
89.5274
92.3125
92.7241
205.38
103.115
100.643
36.8002
40.8618
55.3946
115.634
55.5325
56.9746
84.6811
56.1518
140.278
32.4068
60.3379
37.7393
64.9236
117.211
70.4742
67.9177
141.339
168.136
30.5798
27.6601
202.655
167.557
160.669
215.962
83.4568
203.653
182.644
97.6489
252.272
55.4703
52.7751
211.893
245.948
55.1334
130.885
42.6537
34.2988
36.3295
120.954
62.6889
248.485
100.759
169.452
178.047
124.132
43.0896
52.1353
224.115
59.1739
84.2104
186.003
35.0268
128.783
64.7555
39.2961
90.175
46.0652
39.1247
111.79
122.645
101.566
26.6676
132.705
153.647
43.551
211.099
57.4641
200.435
193.863
156.748
55.506
62.4878
50.7454
201.297
52.7097
117.378
62.8447
159.746
196.918
45.7902
82.8499
104.752
100.175
71.1498
181.517
90.8159
59.9445
188.779
120.562
136.758
70.5348
120.078
29.6659
46.497
103.734
66.9674
62.3638
70.8613
37.0287
86.7766
47.8907
214.928
75.7756
94.5006
94.3518
72.0573
47.5963
173.482
64.7158
136.578
159.827
85.9923
91.4352
40.1859
39.0712
33.6697
60.8409
101.276
69.8365
76.5605
27.9039
183.398
87.6191
106.957
56.486
162.474
175.938
58.0197
192.499
99.8879
110.974
33.3333
80.333
31.6527
78.1012
122.024
34.4507
107.231
112.812
116.778
148.75
93.3828
122.664
110.1
47.0353
30.5235
87.6585
243.38
102.29
139.251
30.6582
45.8912
248.208
138.359
222.528
189.637
39.4245
62.1879
169.436
56.3808
109.346
29.2146
160.668
35.9329
30.3042
238.724
164.274
28.7456
255.529
86.6015
63.9003
107.874
62.107
76.2959
58.4388
49.0398
80.6288
105.676
48.8062
144.266
176.076
70.6505
40.7646
117.084
35.6021
48.6259
165.277
106.881
222.2
32.2667
34.9587
200.223
69.2193
45.5689
247.936
73.0398
77.8899
56.4975
52.4993
65.7878
72.9251
234.967
248.593
119.235
60.3764
70.2061
127.466
71.2141
57.0788
32.1329
119.13
41.5709
65.9659
106.386
251.792
99.9553
54.8651
46.8896
87.6313
44.0576
34.7746
41.4893
110.297
78.2233
34.3025
87.8496
32.403
30.0796
98.0375
114.498
95.9267
46.3916
27.5751
41.1465
110.402
42.6091
185.198
207.755
193.517
151.96
115.038
50.9406
106.427
72.712
178.866
86.3167
65.0521
156.609
86.757
91.1615
56.4354
82.6083
68.6745
37.8581
26.7745
38.5058
43.7221
40.8918
164.049
116.145
127.407
86.7791
74.476
69.306
242.452
252.581
70.0425
81.9508
48.7369
94.2901
79.1533
75.0491
35.4517
69.8865
31.1173
252.545
91.739
44.1897
40.3305
228.981
27.2481
60.9583
32.7664
49.1038
68.3426
39.0388
76.2441
31.5061
28.0748
160.204
107.466
28.3365
183.782
121.744
71.0374
94.222
70.8816
83.6937
178.893
172.511
68.1058
105.43
46.059
115.871
29.2128
48.6304
94.4738
45.8047
166.953
52.3964
47.6946
163.558
167.355
40.1362
51.5423
137.78
66.4807
85.3292
81.4978
96.777
68.2111
78.9454
61.1671
174.172
83.0432
34.0469
108.001
76.0586
53.35
30.7426
38.9278
30.9319
83.2752
228.631
198.321
171.294
56.3926
28.3941
38.5094
37.2381
119.115
95.7474
31.0868
37.9893
63.6285
146.008
53.4795
71.4456
33.0167
65.3087
166.536
205.853
192.651
63.1914
187.066
64.9851
119.504
115.768
47.7317
55.6704
34.8949
60.8923
152.748
161.315
83.8929
62.4455
31.232
32.5498
40.055
27.4149
188.294
124.122
71.342
46.3301
45.2342
54.8409
178.837
186.284
131.382
59.9332
194.67
35.8977
121.937
87.942
185.527
247.642
71.2064
107.042
63.5426
194.42
59.4035
75.0425
40.5733
27.04
86.5303
66.1821
69.5806
143.388
59.3713
182.192
142.895
62.1785
92.9864
33.8095
101.529
95.2762
81.0533
58.8051
31.0344
130.828
200.679
238.929
63.3861
123.618
133.159
83.5681
44.0177
144.17
28.3664
60.4357
55.3792
74.9526
34.0084
78.9647
45.3344
99.8921
156.76
43.757
172.039
75.7277
126.754
88.5676
78.4728
47.4762
88.9478
89.0674
31.7184
169.746
56.3791
29.4818
178.433
69.0195
121.001
56.1184
43.7603
179.487
263.448
80.9066
111.23
31.3364
166.895
60.1097
48.2414
60.6455
246.189
35.1004
72.6472
56.1586
26.8202
69.439
74.8612
236.823
42.1978
101.864
67.3277
72.9359
104.666
163.516
76.7987
88.8775
38.6545
66.5737
78.9582
99.3109
53.0598
30.0075
239.908
80.0818
78.5896
39.4018
32.2927
149.84
35.8036
263.117
30.0391
33.6563
134.823
59.606
150.547
56.482
110.991
137.09
217.179
121.916
180.973
201.035
27.3561
93.1762
63.5872
95.2944
61.7546
31.6748
35.1046
53.7344
28.9807
129.548
51.7585
43.1874
29.7664
95.7353
62.2237
118.985
161.068
64.7609
59.9033
38.0043
94.2751
73.9186
82.6419
213.872
111.014
107.193
101.716
158.748
58.6933
90.6838
54.6237
228.91
35.2903
29.9715
41.6853
41.8731
91.9189
37.7079
153.088
129.072
49.381
132.592
96.4362
168.126
79.9276
31.654
120.366
97.9461
76.6898
80.4086
84.7351
195.948
119.996
213.788
240.125
98.0682
44.7147
46.2258
85.4853
209.151
157.179
120.33
186.416
86.8177
140.086
99.4234
28.2283
182.652
99.187
205.169
134.255
79.4326
103.912
79.7769
91.346
209.624
45.8892
150.194
238.557
47.2835
173.245
136.335
250.514
164.229
43.3693
124.153
60.6645
28.4658
169.536
38.657
100.62
47.8251
73.6705
111.613
126.125
66.4512
49.7935
170.315
71.9517
38.7902
59.224
46.168
102.485
32.7754
60.2166
71.675
101.076
120.221
47.3035
81.8474
166.294
138.901
164.149
32.4945
82.7239
140.672
125.16
124.281
53.7378
42.6782
96.8087
55.699
36.1799
57.1525
91.8702
36.1821
62.5165
207.976
28.0673
160.852
133.748
82.1165
53.6765
39.886
30.2465
104.054
47.7432
113.542
62.9178
29.1286
55.6239
48.9654
148.243
68.0268
28.5274
27.349
57.0683
126.801
28.3476
26.5956
83.2589
41.771
27.4152
100.266
59.7346
62.3606
31.1097
157.264
88.1785
165.62
67.7345
210.231
66.9691
70.9586
116.676
63.737
72.8297
93.3415
27.4478
210.994
229.15
45.3659
47.6703
32.8545
154.624
46.7218
37.7069
185.357
30.8787
68.3221
112.822
62.6452
216.823
103.234
65.6597
73.6026
35.0952
135.638
41.5562
87.0037
73.1673
242.469
93.456
108.654
58.0234
109.622
146.489
30.5141
96.4397
149.017
171.305
65.9821
34.6354
61.0984
71.6075
156.422
56.284
71.7906
51.1596
46.6344
31.0951
133.647
58.2149
49.4286
80.4101
39.9034
115.131
46.5113
28.2772
49.6741
146.931
36.9901
180.719
85.3959
61.8886
114.732
176.38
154.241
113.792
39.5857
47.17
115.445
73.941
44.0424
213.137
119.651
29.1327
44.8692
43.0303
31.3459
112.323
40.1195
62.8255
166.236
140.68
149.807
63.2028
81.3485
76.8447
70.6624
32.3716
56.2807
63.8364
56.1114
38.342
67.9985
121.924
53.789
232.898
72.7359
40.949
143.772
30.4221
39.2221
29.1158
70.8931
27.3143
41.7997
121.307
99.2221
239.739
77.091
93.8949
239.927
135.328
125.465
76.0511
39.1562
54.4069
65.1459
27.8745
176.322
52.4738
50.4513
206.154
104.594
34.9639
43.19
26.8094
35.1676
44.5399
163.395
32.2693
110.878
125.019
119.045
195.842
87.0526
48.9637
108.272
60.3457
38.0653
61.6844
115.01
102.287
33.2126
30.973
83.8319
87.1747
128.857
82.9193
165.483
127.432
50.2663
105.523
164.566
27.5516
91.4278
38.0772
30.8068
54.3791
30.6195
62.7697
186.636
62.5414
46.2912
101.097
144.316
46.6291
83.9912
187.963
206.354
192.025
53.1064
54.2093
48.0967
119.573
132.14
29.9457
242.398
35.673
122.616
84.0385
150.785
67.2166
124.156
88.2789
43.6407
98.1855
87.8604
65.9567
47.4914
38.9567
49.0482
146.997
68.2755
56.2488
47.117
188.81
40.7606
45.1445
151.701
32.1564
162.53
171.021
72.7845
212.41
177.777
86.3151
121.908
68.0882
104.529
112.207
86.3273
217.485
44.5509
39.5696
70.6044
50.5394
34.901
142.855
37.9051
32.6957
39.3674
142.224
135.487
55.0865
124.227
70.6755
133.157
57.2544
218.556
35.1646
116.721
26.8581
129.699
51.5128
49.7436
173.345
72.0497
97.6896
54.2191
72.7658
42.7876
79.7969
109.502
152.074
127.517
63.6753
47.4148
42.9729
53.8419
111.585
92.1942
102.134
52.6849
38.6886
50.5534
194.995
127.463
36.6208
163.751
200.319
64.2368
108.208
49.7138
51.0787
34.9294
98.0685
40.2972
74.0488
47.0668
179.682
50.1775
69.8796
85.9506
47.133
151.781
46.6291
112.481
29.0339
148.946
49.8418
106.801
48.1161
136.131
77.914
223.037
41.3066
75.2433
57.5674
107.115
57.0972
152.656
205.646
68.0591
32.5804
62.9029
100.951
49.2823
152.647
51.4042
74.4727
142.33
124.396
144.368
37.4843
80.5277
67.7333
48.3492
49.9974
140.326
33.7099
28.6242
158.722
101.24
166.789
35.1158
30.6226
58.7897
141.804
174.208
162.272
66.1892
113.39
60.1912
224.11
50.041
57.5656
75.2646
38.4244
44.1888
40.2571
92.7997
156.284
37.3205
62.2169
230.047
84.986
27.7373
27.515
44.1376
96.6943
81.152
112.474
39.3719
93.6441
214.807
31.2806
33.7543
45.6557
133.71
31.8753
101.752
144.838
94.1434
50.8022
52.6649
190.071
161.065
57.9513
46.7647
27.488
65.504
56.0609
63.4283
59.4718
50.1613
235.397
126.322
101.285
94.3558
41.8853
27.0386
70.8351
128.544
206.001
30.9518
94.1292
125.219
53.8571
67.0815
66.9647
52.5439
56.8354
58.8384
91.5365
31.2043
184.698
38.0663
146.858
160.925
86.6083
202.5
36.7435
127.226
51.099
187.262
220.535
98.4913
47.5301
27.4118
106.945
248.087
64.2279
73.0564
28.8997
66.0892
104.519
120.072
63.6628
51.5072
61.1154
51.628
89.4083
183.222
61.5375
64.5122
27.2449
57.94
71.0472
173.509
107.597
83.1494
159.877
198.53
30.5742
226.475
101.989
127.405
56.0799
54.5143
75.2613
57.9901
36.2913
54.0353
58.1245
200.974
38.8741
147.96
140.972
78.2768
50.3424
61.0071
35.9606
79.7278
237.263
90.7424
108.771
42.5864
75.2742
30.0162
105.708
62.1031
49.4343
50.0305
195.533
218.984
49.6178
69.97
32.4374
98.2212
65.9363
28.2558
86.3166
43.7006
51.1678
84.8351
50.8711
46.2482
66.2846
239.633
44.5364
200.214
61.4387
101.626
121.21
27.4002
46.3111
148.96
47.8851
122.654
151.695
28.2574
83.5329
34.5929
72.7381
150.889
200.189
72.0265
45.2241
31.829
179.116
53.0704
69.6067
66.1216
36.2893
35.6966
152.842
110.054
31.0812
69.5969
51.5147
44.0378
110.105
220.922
48.9114
83.4126
50.9779
64.7385
38.0047
90.5342
218.186
92.6589
28.4404
159.749
48.7922
88.6675
212.583
133.762
34.2969
83.0781
167.406
60.7268
84.3328
53.3467
229.349
31.2216
73.4393
134.748
55.759
59.8514
65.2138
67.0054
121.705
47.1193
82.5088
48.5769
95.2403
195.819
45.7099
60.4589
89.156
116.333
184.802
107.236
171.622
61.9806
36.4747
218.337
79.1969
122.809
118.58
119.451
46.1123
27.7024
63.7002
33.857
54.6664
213.537
95.0601
119.352
53.1469
54.1513
28.0729
52.8648
156.649
36.7474
115.507
73.6367
193.369
53.3463
90.0051
31.3474
94.4952
53.1791
47.0544
109.991
176.593
84.4181
127.841
87.1604
60.7398
101.939
257.55
61.2657
50.7405
157.033
81.3409
183.319
37.7913
95.0655
29.868
251.112
71.8273
120.287
87.7471
143.725
71.2657
47.2929
39.0125
48.7667
71.6513
35.328
41.0422
79.2365
107.424
100.474
155.498
48.1522
81.2516
106.726
28.9684
188.64
28.6094
95.8412
167.609
169.515
55.3853
75.5227
109.627
35.757
46.9108
47.546
44.1237
29.7857
137.884
82.8166
34.1964
28.0566
68.4665
56.6379
77.2076
69.3293
69.323
66.001
55.5338
158.081
38.3601
218.914
92.7763
37.9364
38.5724
138.359
79.7309
72.0609
169.806
52.2643
34.5291
44.4517
48.424
82.5743
35.1756
41.8697
62.6547
101.293
187.717
177.781
92.7273
122.757
49.1454
161.299
123.995
99.4432
96.1582
61.2369
112.887
27.5348
27.0042
178.084
57.5682
38.2175
39.8986
61.3266
100.238
74.462
92.2013
29.7446
57.1972
111.136
161.185
157.413
44.5227
31.3935
75.4873
148.901
50.0334
126.766
78.1856
69.1664
92.3956
50.9091
27.8838
34.1517
225.895
52.8918
37.8635
112.045
76.4821
73.7546
82.1103
32.1655
81.7461
27.348
69.5474
97.1403
49.0849
72.1668
147.49
131.392
59.5644
97.5336
29.2809
55.8309
38.2482
40.4038
238.756
51.8655
41.2602
158.465
44.8551
98.6907
94.0289
111.549
109.017
254.139
26.5227
37.5148
139.423
107.143
249.129
36.3876
68.1018
162.571
93.2328
40.0768
155.736
61.265
27.9101
133.524
91.3587
44.3697
74.6848
71.6671
42.5853
62.2453
63.9564
55.2551
171.98
66.8094
57.4628
27.9876
87.4265
98.6287
64.883
179.651
100.651
58.6568
84.1142
102.628
53.5558
51.8904
169.507
119.476
42.9392
239.939
50.3233
50.4749
40.9821
54.9291
72.7056
109.431
108.297
109.104
33.7956
204.095
42.2834
169.986
137.927
49.0291
51.8744
93.3799
27.1012
159.431
58.2874
56.1786
59.4553
56.884
37.5612
93.6539
236.802
217.121
148.98
125.527
131.938
99.1323
198.119
122.885
88.2134
166.06
44.8532
64.9905
154.841
175.564
89.8206
33.1653
100.968
260.669
33.9398
40.3682
141.104
36.3785
40.5107
136.714
113.82
105.487
97.8644
100.748
214.391
132.132
152.001
60.6413
39.9673
108.275
34.3272
42.7208
48.1486
56.1489
188.034
70.2969
134.545
128.347
60.809
39.1509
68.2723
37.85
147.86
41.3525
112.57
42.6839
65.6064
99.6668
259.07
86.6139
74.0101
102.803
135.576
66.3893
37.7632
60.3129
141.268
30.4403
28.8599
30.6247
169.108
52.0028
79.456
154.979
196.28
48.0423
44.3155
43.7461
85.9429
145.557
102.202
76.5681
42.6839
37.0743
32.7731
137.398
30.2471
39.8981
75.8324
45.9173
65.5194
31.6499
48.5082
74.2842
27.5497
32.6988
46.9343
109.536
63.8914
42.4813
59.5735
115.223
121.222
73.3409
36.1305
114.235
44.2205
69.3255
59.6568
112.813
76.5182
80.4436
72.3847
70.1253
33.6094
76.0718
39.0684
109.906
65.6859
35.514
120.5
57.2841
42.1097
35.9398
57.7939
37.4655
74.4965
68.8821
29.7349
60.4739
108.445
90.6421
35.9194
109.593
85.5212
91.7923
135.673
83.4501
88.0702
64.173
159.606
55.1599
123.195
186.964
32.5241
75.6554
28.2077
169.85
33.7525
37.4548
29.1885
37.8533
89.285
34.198
90.469
199.618
78.706
36.5786
35.4402
46.4701
124.562
41.0928
49.0508
76.7623
39.4822
86.66
109.685
97.4015
132.174
45.8048
78.2451
38.3035
65.9132
64.6066
177.558
41.062
73.209
141.339
41.2521
35.6119
110.869
179.748
51.0761
201.946
83.5364
177.976
30.1635
42.8023
73.6029
150.177
134.966
78.5112
69.7745
41.8148
87.3886
74.6841
119.141
28.8069
56.5134
85.8818
114.787
150.768
88.909
150.821
68.3049
54.8886
48.4346
61.8073
31.5308
67.2486
49.9644
88.1317
40.6003
31.0267
57.267
150.752
182.677
65.4608
151.187
101.775
205.3
139.32
50.59
48.5067
60.107
52.9698
109.222
84.4735
57.2275
59.921
89.1686
98.2682
99.0416
96.1636
124.24
62.114
109.909
34.35
224.543
59.5193
63.9525
142.05
50.2385
80.7031
76.5908
48.5914
44.3455
109.876
55.4102
40.6131
40.9787
53.2511
47.1339
115.123
82.6769
63.5414
84.7189
156.006
42.7581
160.875
140.857
46.3228
110.637
145.413
29.1027
110.883
180.743
201.22
72.5697
43.3624
95.4594
80.4388
51.9646
34.5354
146.265
147.239
153.88
166.134
97.0198
32.7217
152.98
129.697
49.4934
44.357
145.002
38.0702
144.158
108.937
96.8498
35.7002
72.4681
95.8238
77.5761
62.5203
64.2372
54.2214
121.756
54.9446
82.0294
53.9192
78.0732
74.9128
32.8486
41.6239
261.46
37.2886
39.5233
117.187
37.5523
102.438
48.0791
39.3367
82.3451
62.2143
40.6197
36.6765
55.2004
49.3228
70.2112
199.186
171.659
201.35
171.215
104.845
108.416
27.199
64.602
56.661
40.4886
72.5389
121.904
31.8995
34.3408
34.3416
215.498
107.829
87.1889
119.666
39.0488
65.0713
63.1144
70.694
94.8635
64.5523
57.2137
99.147
95.2975
58.8587
81.7332
32.7996
73.485
106.171
37.8851
211.443
147.866
30.4324
56.9971
36.8805
136.212
156.792
45.4114
62.4047
121.941
45.1489
56.38
157.57
30.2762
257.316
42.7504
72.7179
131.866
30.2092
59.4021
144.178
145.688
94.1811
61.8903
79.3541
197.563
219.508
52.1739
46.4439
28.8373
61.1265
73.579
177.301
28.5094
51.9207
76.3709
89.0431
53.4437
32.0609
28.9924
63.9507
59.1931
121.242
27.2684
61.527
28.052
147.919
84.4719
91.356
109.752
28.1655
126.218
202.567
177.374
118.856
113.616
30.5806
50.1772
57.8459
48.6188
34.6019
50.5951
40.6535
182.564
167.672
29.7711
135.935
57.5229
127.441
218.407
35.8586
59.6659
40.3144
54.6739
161.503
64.8411
49.8709
90.0811
103.241
70.2297
85.085
45.6958
85.5307
72.5904
66.9946
126.342
85.9955
86.5849
33.9301
186.988
82.5896
117.758
93.4613
202.212
87.2123
36.8632
84.43
82.7018
75.8066
141.66
29.548
47.5928
67.2939
136.558
38.8001
39.1514
107.974
131.84
67.0959
76.272
57.5504
58.8539
45.0857
239.546
62.7842
64.7744
117.834
103.28
50.323
26.5309
167.322
28.5924
184.34
39.1751
76.6565
29.8141
164.895
90.8289
142.782
45.8523
45.5721
90.9631
63.6611
67.429
66.4744
56.3525
155.643
97.6874
82.5792
233.268
59.9378
74.977
45.6624
99.8739
51.3485
90.6214
102.776
181.921
30.9813
27.4111
69.0316
36.0098
113.684
56.1964
36.4791
44.9718
182.883
50.2945
40.8007
71.1607
141.889
28.175
122.873
55.2268
43.0041
55.4139
34.178
58.8348
91.9551
81.8027
232.027
48.6627
28.3004
149.647
48.8391
74.0454
58.4295
68.2311
75.7887
55.9317
27.2956
56.2413
81.4354
44.909
58.0488
28.4565
51.9225
28.027
72.157
97.5707
62.9771
62.9124
42.305
80.6364
36.5787
91.2094
142.806
167.383
69.2035
167.399
34.001
160.269
117.461
136.025
45.4235
31.6885
77.196
39.6911
78.4677
53.6079
49.2817
26.7715
47.438
81.4064
44.6465
55.6687
188.186
108.261
138.761
91.7583
38.0405
119.845
45.7359
45.4952
32.6303
47.6956
112.029
127.979
52.3895
34.4784
77.4259
240.188
29.4109
51.0291
42.2026
89.7543
44.4892
69.9392
168.781
27.4653
54.5999
103.641
131.642
152.919
32.3356
60.8519
65.8723
66.0852
89.5381
117.244
42.2097
125.468
70.5697
111.469
76.256
167.003
149.242
94.9968
188.599
63.77
29.5222
77.1076
65.7624
131.983
230.667
37.8435
186.292
69.9657
73.7857
64.0263
97.7821
122.686
77.529
141.282
62.3711
57.0806
158.896
155.292
55.7967
53.9198
62.2473
150.349
41.9945
32.6074
27.0058
123.321
75.7409
74.9024
198.703
65.2666
132.364
79.4705
59.5678
105.158
67.0333
97.0898
153.584
114.666
64.4533
104.858
60.3473
33.6286
107.506
251.387
29.4399
108.66
83.4046
57.3633
43.3407
39.6392
71.3541
28.4732
107.198
50.6162
49.0599
147.017
77.5628
95.2124
126.665
79.2127
94.6056
82.027
71.4807
41.7826
105.316
36.4233
37.8691
72.6487
44.932
38.8897
226.111
94.6986
91.3908
108.202
142.369
67.6094
61.1973
66.4539
63.3497
70.3103
81.5465
99.1603
44.5754
118.104
67.5962
108.887
178.78
202.74
91.3946
31.2756
105.148
97.8982
46.3011
37.927
30.9838
35.3688
155.405
95.046
140.799
48.7509
36.0843
47.296
125.224
90.7152
34.0313
135.475
128.876
80.8577
52.0469
27.9849
111.48
73.8275
54.7565
38.3438
124.122
32.2425
171.17
42.388
178.515
75.7411
39.1048
94.2834
45.2917
60.8748
97.0182
101.599
61.624
34.4126
48.1491
34.2908
72.7643
48.6021
111.89
118.106
41.1133
72.9144
81.2266
145.608
86.0087
28.0721
60.8849
172.376
104.803
110.707
117.041
38.8922
108.501
112.036
30.817
52.2586
140.837
76.6465
48.379
165.107
104.21
41.0842
105.274
32.7299
76.4191
125.937
44.8392
52.4499
44.9969
49.0107
256.14
85.3928
45.7341
130.887
63.1309
32.4737
240.951
68.679
181.575
91.7661
114.514
80.8112
73.6173
68.2218
35.4105
58.6161
135.288
124.487
107.471
111.979
108.469
50.5121
173.872
33.1366
184.562
96.8697
51.0847
69.3026
75.2265
157.345
136.486
168.07
169.214
70.3949
100.661
189.611
251.88
35.4575
139.868
42.7263
58.3051
123.883
135.79
92.6357
51.0285
69.7473
160.124
88.1381
49.5995
49.6035
31.7996
62.4265
29.7898
86.2455
185.333
51.7876
87.6643
158.004
101.899
145.63
45.2587
168.908
29.1641
140.503
241.147
69.1643
164.672
116.611
35.307
194.357
113.674
85.9908
157.052
72.8097
41.6349
73.2353
108.068
33.3022
152.535
99.7088
30.782
69.9606
145.931
78.8042
55.0391
28.4705
36.7874
119.924
99.5891
33.6193
130.892
35.2327
79.7208
49.4964
47.8066
81.2259
62.6994
55.3164
61.4187
176.428
73.3277
155.455
156.891
80.0688
50.0433
35.4988
147.928
53.0112
116.763
43.6778
39.9893
211.801
159.033
58.4972
50.2266
191.756
55.5952
30.3335
116.917
243.067
60.0815
86.7352
178.731
60.2227
45.2943
57.8207
207.983
94.9381
134.026
28.2625
108.472
97.8621
149.491
91.0164
74.8982
88.5815
152.823
71.4836
108.212
38.597
49.7774
133.12
69.17
50.1576
53.3857
78.4322
104.17
125.901
54.0743
65.8751
35.2775
71.6468
76.374
205.115
49.2911
33.6663
96.3785
80.2574
50.0662
81.7165
51.9949
28.0629
29.3058
128.083
58.1857
174.783
45.1129
110.832
167.88
176.199
53.1054
180.214
30.7194
111.762
41.0689
43.9374
38.9991
127.026
167.73
123.335
230.808
31.3134
180.246
31.1803
43.1996
50.1442
212.82
101.232
72.9503
106.789
150.974
37.5851
113.77
196.285
133.036
88.2717
156.702
246.602
63.9664
39.6904
53.0532
101.816
60.9835
147.194
53.7512
205.192
49.6369
151.001
230.066
183.227
106.877
115.598
107.64
27.8797
183.744
32.6073
41.2433
28.416
174.962
35.4582
68.6384
28.4165
80.3178
132.178
67.716
40.5517
112.389
79.1936
37.5608
223.463
153.664
27.8614
130.714
75.3935
118.811
56.3355
79.5326
42.2874
218.166
164.055
154.026
105.665
127.4
138.288
143.558
179.572
121.876
89.0203
47.6553
38.0946
144.728
54.4659
63.6832
190.497
44.7453
32.3162
129.85
31.9838
86.6919
220.185
34.0225
81.4121
135.383
81.3048
86.3642
120.724
81.7401
31.0864
44.6966
134.367
57.999
134.772
220.026
197.042
97.0472
58.5597
115.522
73.7935
71.6032
28.8055
47.1481
140.45
78.2775
26.527
77.2981
170.351
55.9457
51.3322
26.4839
175.474
59.3573
77.9445
39.7182
114.942
99.0113
38.0212
156.327
173.121
86.6541
160.322
40.8323
51.9862
71.5444
96.0017
186.991
30.3966
47.0818
37.2953
223.563
139.74
96.0598
50.3924
76.8794
33.078
94.3067
130.125
218.625
81.5906
36.0945
39.5339
142.502
32.0178
79.4552
26.8043
241.032
64.7459
94.8402
29.6645
54.1642
167.731
86.4806
123.373
110.657
127.761
97.8935
43.5668
32.5435
50.5451
70.9531
65.7309
30.8543
38.0292
170.009
125.028
115.054
74.48
72.2921
105.359
29.276
55.6684
65.8092
112.53
44.7252
77.3011
153.677
97.1384
106.236
232.026
42.9696
255.591
31.061
30.7231
103.049
209.603
91.5535
45.1718
91.938
38.9953
102.736
69.1691
88.2643
29.2263
198.311
27.5667
42.4302
31.8769
36.4559
115.776
126.372
64.9618
199.082
108.552
92.733
64.6534
154.993
34.4951
91.6963
128.352
29.7091
150.847
180.681
33.0954
185.111
58.7988
53.0116
47.8671
70.1846
54.5299
85.9613
47.1356
106.074
27.9099
95.928
31.3498
157
79.3071
107.179
29.3123
174.492
90.6486
79.449
52.6767
59.7614
77.069
38.6028
30.0171
68.6895
29.2491
181.496
48.4348
127.232
231.966
119.65
183.652
86.9095
123.456
62.4457
189.604
263.323
49.931
33.2949
34.1453
99.2956
68.0885
73.186
106.499
60.9084
103.064
85.2388
77.894
201.25
64.6006
172.972
127.185
201.814
59.5108
78.9419
51.551
89.3619
90.9449
45.8862
164.858
26.5786
133.665
181.103
30.4404
62.8009
90.0466
156.111
93.7594
196.456
116.026
31.3658
115.961
68.8985
181.766
50.5267
120.637
218.371
254.655
62.803
42.2227
37.6119
77.3182
163.188
87.861
35.7191
32.4193
89.1722
34.3689
105.54
39.8888
67.6278
34.0645
49.2195
211.736
113.336
217.423
168.602
41.4094
153.073
106.127
87.8621
107.066
59.8098
57.6195
46.7068
55.6961
199.541
202.142
39.1086
104.52
53.6036
111.212
121.998
63.6228
27.9352
37.7184
259.195
45.6466
99.2586
56.8653
52.0859
71.6928
137.409
124.144
154.212
199.669
61.8431
43.6712
187.104
142.887
215.702
44.3313
147.479
110.374
74.0543
57.1655
135.96
157.508
87.0071
39.2231
35.5963
121.559
28.29
117.324
166.747
36.1512
65.9524
33.1619
29.8275
91.0697
30.9192
28.8406
136.326
156.414
140.141
116.721
157.573
114.208
67.0524
206.148
30.9173
166.897
77.8712
112.128
51.2011
106.475
199.469
31.0956
108.408
99.8081
94.8777
79.0495
92.5595
45.6621
136.661
55.2043
85.346
44.9112
31.919
59.6161
45.0948
208.78
252.614
29.2771
191.559
33.6752
205.459
58.7178
62.9276
106.711
89.6683
102.611
198.712
32.0372
71.436
123.941
164.77
103.551
159.959
30.9132
234.148
42.6856
53.3198
189.703
27.2049
86.9507
32.3219
69.9811
248.068
69.2317
109.064
63.1402
71.9317
90.4828
40.9985
152.289
61.9233
41.6592
78.4208
61.8443
235.524
40.3688
114.864
139.24
144.677
29.6887
62.0968
37.3451
130.009
83.8877
45.8425
92.8269
118.708
35.1531
81.8298
244.256
92.662
50.1869
203.387
206.268
112.771
39.9735
49.3658
40.8271
116.353
171.201
135.628
135.774
46.6172
91.1999
102.848
136.095
163.624
32.8165
121.645
156.996
44.7746
102.976
169.376
91.3281
191.431
77.3332
76.8873
66.1202
92.0851
89.6132
60.673
29.7566
49.323
37.5471
181.949
46.9256
47.381
188.507
58.454
79.5443
74.9968
59.5811
127.515
112.929
200.032
50.1681
35.8953
69.8929
235.881
118.386
123.901
131.226
35.0467
75.4218
81.6489
26.8873
73.8614
94.7828
82.5022
213.892
55.7998
80.7881
98.7505
142.803
36.6165
86.5193
63.7788
49.9769
76.6557
36.1725
34.0864
97.6851
191.905
113.853
88.1711
85.711
118.741
85.4252
39.7869
147.608
201.323
67.0016
38.9349
43.2937
157.622
32.5472
48.8608
66.9838
143.88
31.698
114.48
86.6696
42.8504
126.798
27.3862
92.431
46.0332
94.0983
223.122
197.007
186.981
76.562
73.3926
105.898
57.2227
79.0519
224.031
109.415
34.4475
132.688
35.991
36.7837
45.7301
158.615
180.723
36.8227
119.228
107.972
76.7253
77.1915
123.33
41.2413
140.857
71.0085
126.67
52.3836
44.3797
28.2725
88.1288
36.0831
108.905
27.4761
118.619
103.145
37.801
77.6592
93.5706
94.6292
159.488
77.701
127.768
78.1825
104.218
133.456
53.013
44.9724
97.204
69.0067
61.6172
114.65
155.981
115.004
154.276
128.45
91.6295
110.71
87.2846
48.8819
67.654
82.4465
83.2351
119.023
26.8345
38.0556
29.8464
77.4528
66.5652
167.772
206.04
41.0545
193.727
31.3369
107.546
34.5836
45.4862
77.9839
54.5187
60.5257
75.7771
53.4195
42.2691
54.4634
50.9493
115.134
189.426
29.3042
262.049
202.104
78.042
41.9632
195.441
57.0133
60.4968
27.7968
222.735
37.3434
29.4699
35.3986
120.597
163.138
111.41
68.9368
40.0841
36.9223
68.0066
127.343
53.3143
156.931
71.0627
45.2173
152.731
30.426
115.551
107.56
30.673
124.355
155.298
75.1624
187.46
57.7791
106.049
93.044
48.9613
39.0206
106.884
51.8815
43.649
123.457
191.258
50.5047
103.49
64.1827
154.288
27.5878
70.5555
49.1301
62.9035
32.1686
69.0705
46.5345
255.201
32.9048
85.8736
106.959
154.876
111.606
38.1122
107.224
39.5979
53.846
39.0532
51.4405
32.0216
79.9681
122.445
60.7615
150.986
28.9984
54.5615
122.226
87.2293
32.0336
111.479
105.586
34.5912
83.0878
40.7566
57.7886
30.8536
27.4391
186.727
237.906
66.2686
112.968
162.963
53.8701
35.4414
57.3979
139.96
259.146
110.814
69.5797
28.6685
98.3873
115.068
82.466
74.4448
60.2564
50.3381
109.714
30.0047
189.568
74.9409
32.1289
190.311
54.0662
77.2875
110.368
49.4946
147.331
84.4822
77.5265
152.219
27.1376
27.2704
58.4737
87.4967
94.6059
143.452
59.4022
41.3824
38.8681
96.0542
62.0177
40.1513
61.2113
142.077
30.9919
26.8468
57.2012
117.289
129.519
79.3112
140.885
48.4648
67.3796
80.0696
29.792
54.0365
31.1083
61.5805
243.139
39.2972
129.969
162.053
134.52
52.8556
214.601
66.3855
91.6757
29.8905
103.085
177.659
111.61
63.8716
50.3332
240.46
117.237
33.4301
48.244
51.3503
52.9368
54.6593
52.905
45.9785
37.5366
123.365
66.7747
66.3701
28.7469
89.3808
127.45
48.3363
59.9496
35.373
86.3432
36.3398
118.517
50.32
59.8204
106.76
45.211
42.9219
29.3336
52.4655
92.6344
37.8609
32.1106
122.81
114.644
91.5138
34.1629
70.2247
122.224
113.025
143.513
42.2535
142.16
49.1437
94.1864
122.204
44.7125
42.9628
70.9823
39.5748
28.5141
42.7661
81.2513
58.5294
100.249
152.612
113.273
36.3426
71.9871
85.3886
48.3399
58.1264
57.4135
152.044
81.1596
32.5877
144.334
30.9049
38.2871
42.1248
163.024
73.2353
85.0961
54.6317
29.7853
49.3355
172.92
72.199
73.4446
55.8817
47.6507
44.4924
147.168
168.827
95.8193
120.855
166.201
82.6666
67.3068
59.9386
28.6469
56.164
27.4891
36.4689
190.839
49.3517
119.014
111.585
172.655
163.076
97.2605
116.283
133.366
27.9666
98.3489
167.123
55.7468
56.3932
118.687
67.7519
33.9047
65.7124
67.2125
47.3602
82.9344
153.164
134.784
162.66
178.539
76.2172
39.404
39.2226
27.0365
51.8071
114.693
202.099
75.681
67.4729
28.6992
64.2811
39.6423
73.426
38.4704
54.4956
36.5745
187.637
81.8859
65.5863
50.7728
133.694
56.8442
48.9513
221.353
85.3747
115.71
44.0536
213.439
218.462
200.783
253.545
197.517
49.1221
38.9355
94.7304
39.156
147.211
30.089
33.5004
26.6228
143.514
112.35
109.097
73.0589
91.5157
30.9798
64.9724
71.2789
165.219
72.3832
40.267
108.322
51.4259
48.8907
33.674
48.9413
39.8429
31.1113
60.5011
73.389
32.6049
41.4075
152.236
36.9398
118.326
58.1688
48.3517
54.0681
40.0166
40.42
157.488
72.8241
33.1101
101.569
126.765
45.9409
239.086
107.4
180.021
35.8163
46.4543
59.7192
94.1449
32.074
45.3478
124.172
136.158
165.025
74.2806
54.7923
138.64
184.391
197.463
42.1697
109.399
62.1013
86.4852
155.171
148.235
49.9307
206.834
86.0054
78.1668
29.5538
104.919
34.2576
53.5782
78.0173
74.277
71.0742
97.271
30.5052
39.1061
76.1533
100.6
99.7256
29.2072
98.6101
51.8615
175.509
158.457
77.6452
33.6505
198.133
51.8145
37.2625
51.9389
27.8818
30.699
34.2906
99.6748
55.9072
47.1858
43.8129
39.1715
144.334
30.7728
174.035
158.27
145.174
126.486
108.158
150.89
176.516
76.7595
75.2988
75.7966
38.3515
63.4781
39.138
44.7394
108.644
57.3121
100.985
68.9458
205.816
115.843
41.2674
26.9134
55.0453
47.7512
127.242
108.576
107.17
31.3511
38.3138
49.9099
89.8754
122.135
35.9313
62.0709
114.474
54.7553
206.548
47.2805
37.6215
67.8898
171.988
44.8853
45.5306
65.3279
50.8981
243.037
34.3048
143.375
48.3758
190.611
34.743
177.297
70.1397
100.398
124.512
75.6077
69.6251
68.0296
143.995
48.192
255.596
30.8976
59.2694
64.0243
145.19
126.678
87.3789
140.927
76.4937
33.4929
81.8655
129.884
149.566
34.2954
181.243
67.8658
78.7876
52.9964
89.4216
62.5088
59.5594
63.6885
149.583
80.136
107.265
35.9981
57.9305
33.1211
87.4214
120.323
186.258
141.24
34.6725
241.741
40.3741
136.891
129.141
79.8879
97.4179
81.5541
92.4646
198.738
221.709
160.216
61.6922
88.1467
69.6248
145.557
28.5138
81.792
41.672
36.3228
36.0399
93.6383
65.8412
194.169
70.7687
98.51
29.3405
179.916
74.2574
31.8366
66.1281
29.6612
67.9238
70.8486
36.2197
102.514
114.034
47.1185
234.156
26.5229
48.7671
50.0396
29.7955
120.978
76.8283
46.4366
34.5621
141.118
162.764
39.5405
150.585
27.478
225.905
145.497
79.8771
34.319
149.186
83.8573
30.7905
90.2328
116.154
42.5435
79.0569
101.46
138.775
38.7812
58.661
45.8669
31.9558
71.6969
71.1303
29.2279
51.7188
92.006
133.84
69.2471
38.1352
174.701
37.1506
162.071
122.294
191.909
51.1369
84.2059
50.3046
59.5332
122.562
117.235
200.461
47.2562
97.968
102.275
76.7607
95.9549
91.3176
159.639
176.418
62.1015
33.9898
143.809
67.6482
40.1344
38.1365
53.5948
170.536
50.4188
73.1691
62.4038
45.539
178.783
142.78
92.2136
112.864
31.3281
164.979
95.5274
48.124
55.632
77.5429
30.2384
80.3255
128.059
237.995
55.9935
137.087
44.1065
141.103
239.099
145.128
114.21
101.171
160.066
91.2853
46.4577
92.1523
195.077
69.9031
42.865
98.4924
46.0922
36.8041
90.1837
55.9537
31.0307
27.0554
87.6955
213.651
35.2594
41.2406
124.719
31.2967
108.11
47.364
58.5715
52.0543
59.2596
47.6814
73.8033
51.7465
32.483
59.9991
55.3448
89.1635
81.3408
92.1365
76.6442
26.7252
160.918
41.9633
40.4356
126.416
42.7356
36.9439
98.013
123
48.5922
40.8059
121.036
54.946
64.0527
41.3408
228.691
85.1905
164.636
143.677
111.292
70.1588
161.023
76.7954
102.203
37.3908
106.839
42.1171
160.024
94.6077
49.5542
212.966
55.4104
82.455
125.987
133.889
34.9422
33.0734
235.928
239.302
53.8951
122.523
119.248
57.8855
194.725
159.541
30.2087
143.059
252.469
84.2077
96.9874
128.447
34.4871
37.8543
164.393
44.5749
43.6886
37.7334
68.6323
162.735
114.808
101.11
187.244
57.6394
90.9384
153.986
69.8337
88.4095
225.473
260.086
177.815
157.6
62.3215
42.293
35.857
100.919
66.0467
45.3021
169.576
50.0153
116.145
111.395
105.023
112.972
50.2787
122.457
75.2438
37.3782
74.9719
36.0556
107.337
157.194
60.2459
127.29
34.5776
57.5845
164.134
34.7272
81.7524
74.249
58.4201
29.8296
132.219
108.392
182.532
65.5179
83.3286
182.465
50.135
73.0394
79.1969
87.7814
193.743
33.223
94.8206
162.162
188.679
78.7336
192.845
56.003
105.348
108.68
252.417
53.241
231.726
66.2576
164.358
43.5747
30.5345
237.052
72.3445
81.1387
59.3535
69.994
174.412
117.768
212.466
193.959
57.0357
120.862
74.7948
112.639
81.4718
71.2695
117.506
46.9473
75.0251
122.342
71.3907
163.106
93.7981
113.855
42.1154
42.9042
30.8283
99.8374
78.7774
105.319
45.664
54.5013
114.431
113.047
110.201
96.3238
68.2228
73.1154
37.0956
261.149
115.111
192.961
39.5472
217.552
38.1749
42.9885
71.1574
177.987
253.264
73.7094
27.3694
35.5054
34.8709
183.241
61.4714
130.137
50.4186
59.1695
31.1572
67.7895
82.3367
151.409
209.134
27.2133
40.3309
239.962
73.2631
31.8516
27.386
52.323
81.8962
77.0458
206.025
38.9669
47.2874
92.5639
36.8693
81.998
99.8499
223.388
101.852
199.692
72.9153
81.6947
89.6148
36.8322
50.0865
168.928
32.8839
73.1092
39.7487
141.47
125.37
70.0913
73.2383
158.11
125.016
86.6397
44.6716
93.7877
105.585
69.3143
37.5174
151.677
36.4512
85.2649
193.067
71.9268
263.823
140.227
29.9792
91.5257
114.266
53.6274
155.336
231.994
32.4358
43.2443
95.2716
108.73
115.279
26.9418
29.0849
157.669
67.843
36.919
38.3402
79.0305
50.1514
73.6543
157.485
47.8286
29.1205
38.7973
84.1065
136.022
105.072
55.2805
84.1678
107.925
47.0897
49.8675
217.127
45.7572
163.827
125.275
50.4603
81.0703
239.391
34.5853
113.651
65.7568
35.6551
59.2105
57.5747
126.917
86.8545
56.806
44.6883
75.7533
134.29
66.7991
109.359
40.111
75.1039
110.063
48.9353
160.833
36.3829
94.4713
89.2567
45.3468
97.5325
198.797
89.6146
46.7777
64.943
224.44
94.0458
74.1203
79.8862
97.052
101.415
111.317
141.354
121.181
150.343
259.926
96.2421
133.635
101.628
118.186
70.0756
119.114
32.4906
61.6965
92.6399
44.5543
26.7248
55.3163
192.72
34.7078
113.903
28.7976
201.994
30.3269
64.7003
66.592
173.354
107.534
65.1538
221.801
55.651
71.728
185.527
50.3178
66.8537
134.815
86.9773
89.6387
36.3771
139.475
102.388
80.0077
65.1792
52.8476
39.5872
92.4957
67.4807
46.4474
147.43
124.738
79.3532
235.967
45.1811
135.478
67.7673
73.1067
78.4246
60.6379
130.478
71.8892
66.9049
73.8386
127.336
110.034
128.796
45.5197
111.004
108.454
80.2484
30.9385
116.789
46.7148
33.5315
62.26
32.7482
142.641
56.3845
101.798
95.9834
107.377
51.4277
37.2254
31.5017
140.388
54.1171
176.248
120.062
132.403
35.1799
35.6936
39.6989
146.496
37.4761
63.5718
104.846
83.5207
101.337
29.7275
52.7877
116.84
182.899
37.9763
101.334
64.7161
105.968
187.408
256.3
189.345
230.799
67.459
56.2653
70.7744
44.9397
90.3702
49.9969
28.6586
78.8907
88.3106
251.275
56.5571
137.162
68.1623
185.362
55.1513
98.1482
100.588
84.2794
209.76
37.0707
158.895
59.6977
41.1072
61.9247
29.6213
34.7949
94.3286
106.836
56.8424
57.9894
170.662
109.96
36.883
96.5551
252.405
56.1348
183.5
51.5195
40.1668
123.377
43.4116
108.873
59.1636
154.288
95.7423
83.9986
113.656
101.722
38.0832
43.8948
141.348
80.435
73.025
82.9355
74.2499
30.3048
42.9758
55.7838
89.2405
54.6608
56.9924
113.438
75.7525
63.2665
101.59
77.5074
102.915
69.2219
48.2655
74.3715
33.0554
34.5699
164.959
38.3648
106.376
65.1534
55.3208
54.3479
62.0707
66.0474
104.827
56.7953
44.0948
135.846
91.3803
131.708
154.451
39.6635
28.9876
74.7746
38.6472
27.157
65.4708
35.3369
57.7006
88.2168
63.8641
47.585
82.6869
53.3204
127.248
146.336
104.233
136.86
52.4373
155.672
32.1566
29.4287
45.5089
80.2152
43.1204
44.03
63.4754
61.4921
27.6409
168
33.8621
26.7416
252.96
38.1407
58.7274
164.358
153.306
73.9088
100.189
134.217
137.779
30.312
74.0195
193.488
184.914
40.7959
45.0074
129.559
139.529
43.6733
157.436
52.7987
107.488
41.4783
183.23
110.604
83.6337
29.4688
80.6786
28.3245
142.128
63.672
31.1869
54.7232
44.3853
28.1814
34.105
74.6278
28.2704
85.3432
134.767
93.1296
169.306
88.4765
37.9196
215.212
178.265
110.343
72.9521
81.7896
120.999
53.9767
116.918
57.927
79.7318
93.1167
69.9081
33.1463
53.674
59.6294
26.4343
124.629
156.248
90.594
139.25
30.7459
30.0032
32.5174
81.2018
113.58
84.5417
59.2171
80.623
47.4542
35.6287
113.288
30.2014
46.7189
40.1941
219.629
82.2974
137.614
106.462
248.634
31.414
62.9685
77.8687
109.799
146.238
45.3262
141.75
56.5104
210.999
97.5331
83.5223
147.155
48.8426
51.6511
59.7275
31.0128
123.914
84.5154
31.7363
38.5677
133.377
58.5734
44.1527
231.938
100.292
158.337
93.0167
72.0314
126.265
82.0643
122.031
130.724
131.553
149.463
138.891
72.5957
94.1039
253.343
38.3015
63.463
116.946
223.361
85.109
73.5345
259.797
46.0628
190.272
134.263
67.7401
119.163
137.428
101.544
30.0229
53.1148
28.3071
32.8941
50.726
76.8889
165.2
42.2948
108.833
69.1513
66.1867
80.7716
117.046
189.037
29.4757
112.258
101.266
157.815
34.9269
205.628
39.7201
84.3416
65.8697
118.762
119.798
76.2857
199.879
149.88
94.0158
114.756
46.7246
27.6691
145.064
41.9826
130.961
44.1981
94.1989
108.224
63.2554
141.828
82.6618
68.0592
35.4606
169.092
37.9982
254.684
41.9318
202.561
107.974
109.803
85.0601
127.557
121.802
37.4555
82.6112
49.658
67.3726
77.5442
27.1059
140.385
39.2849
38.9084
172.246
207.498
126.699
31.5677
72.5237
81.3344
99.6975
45.1825
80.1792
70.6921
36.7566
61.0908
28.5351
41.8552
167.388
52.6412
126.05
97.2831
237.852
44.5709
61.8016
29.4033
46.785
136.26
165.491
67.6828
118.408
54.1845
73.6452
208.418
38.0127
136.678
69.068
31.1574
195.526
139.023
100.528
34.9538
68.8763
30.3886
34.8243
68.3752
35.416
36.5976
87.7895
94.4782
200.338
155.256
40.1682
105.692
58.9045
48.7906
48.101
119.17
121.861
90.9133
34.1582
112.736
91.484
52.9434
42.8876
69.91
160.865
31.7759
135.398
58.2169
45.6593
95.3231
58.9979
50.4658
141.628
101.243
87.2577
61.3253
71.6785
53.5373
122.698
72.8665
40.6209
126.331
110.744
62.238
134.58
70.5442
121.331
30.8456
32.1966
202.96
95.6266
188.487
224.053
48.6005
34.3768
47.1871
119.432
33.3098
59.6005
54.0384
27.2684
26.6206
66.6289
55.2591
131.743
62.7148
197.708
114.601
211.611
60.2852
45.5688
195.981
95.0512
102.892
149.373
133.688
79.2641
63.4873
62.7484
81.9539
59.3253
123.411
107.05
58.4804
119.639
60.9087
42.6239
49.7016
52.0386
113.807
214.87
156.67
64.0895
106.31
176.563
157.286
54.0869
55.0691
185.393
81.0548
217.655
31.3579
103.876
59.0676
113.255
57.3774
74.791
86.0169
113.891
239.188
145.582
58.3737
74.7705
43.6876
71.3217
77.05
42.7343
70.2787
37.2338
56.1606
85.533
66.4043
193.699
110.179
55.2346
99.4538
113.73
104.75
168.294
72.342
87.7428
159.516
115.217
41.5276
47.3758
105.463
60.3151
126.536
142.329
30.7449
131.053
57.4886
115.873
91.4854
72.5325
88.4687
135.896
89.8705
41.8581
87.731
36.2689
82.524
34.0177
39.588
139.259
110.574
31.3919
125.038
75.8474
113.251
102.477
153.754
108.613
162.911
227.762
50.2445
81.0582
121.591
33.9372
53.7588
96.3846
83.8714
188.952
104.09
36.5165
58.907
47.0389
60.6019
147.059
137
189.836
208.264
31.4638
77.7571
37.5596
39.488
96.8731
118.95
50.724
90.8014
184.138
82.0239
73.9618
40.326
117.162
134.177
45.2688
81.9975
128.905
97.8622
98.5714
80.9067
160.355
116.111
148.947
125.967
69.0588
63.1592
46.2099
123.957
69.1184
183.018
179.032
93.1151
38.2877
96.6381
141.598
213.587
58.176
56.6719
60.2127
250.734
59.0197
235.318
126.475
58.4767
46.6486
43.4318
54.209
42.983
26.7899
78.478
161.513
137.904
52.6562
224.719
99.2868
156.791
180.311
150.505
70.2604
167.925
34.572
91.7369
74.5792
86.7097
69.8969
197.435
88.9272
97.9892
60.5022
26.5127
97.6585
76.0458
75.5464
57.4474
161.27
38.195
55.5036
219.522
140.818
75.9945
69.169
31.1002
91.7451
35.5897
51.7717
27.5021
208.81
80.2891
210.489
158.827
32.3226
99.848
38.9859
56.0083
84.6244
124.631
38.0848
38.6196
120.697
36.1757
53.9535
37.2144
70.141
117.817
32.364
65.5719
84.6507
134.823
77.3783
69.7987
169.024
95.6888
77.7111
156.517
58.8276
51.2362
35.934
255.704
170.746
38.5732
49.7108
45.6869
41.6922
158.367
52.314
79.7903
245.337
39.7584
61.3549
127.177
104.608
28.6675
202.145
30.1767
32.819
38.9093
156.863
37.1934
29.9185
34.1799
43.5533
65.3091
112.839
67.7809
33.8163
133.323
60.5044
192.898
200.938
26.7115
35.3675
31.7476
78.1796
77.0412
113.647
60.3608
57.4702
47.9089
68.7833
235.744
27.7469
44.6505
66.395
57.8202
68.1894
30.4849
80.3166
39.1655
60.1901
27.6478
32.5879
56.306
45.4547
114.115
161.238
68.4635
140.608
46.019
44.9096
111.953
119.54
37.0509
70.4926
51.735
38.7799
64.6877
69.3699
105.364
79.3816
103.044
70.3994
79.5883
41.0502
173.603
102.434
38.1804
160.247
84.136
78.9737
35.0047
233.746
61.9374
57.2268
116.703
95.5141
53.7711
32.7122
169.304
100.239
64.149
103.622
38.639
36.7137
64.9358
159.169
92.2878
69.1114
39.1115
45.3747
71.1553
112.28
94.7522
112.255
110.293
111.46
48.4147
36.1706
91.1359
139.443
233.313
123.162
45.5897
70.6794
51.6418
146.392
54.0122
51.2648
80.1299
31.2941
64.3136
138.609
37.9686
32.5646
99.2171
48.9115
181.879
190.014
44.828
89.6889
65.4159
96.2705
37.0527
39.5093
46.7766
42.5735
92.9186
144.676
74.6325
162.072
30.409
43.7789
174.529
120.633
43.1551
114.257
152.038
93.311
90.4557
41.4082
26.5167
136.257
55.6971
85.3577
203.457
53.4873
126.755
35.7341
27.9428
133.735
33.9173
86.046
42.7852
261.619
128.615
90.0257
60.6026
142.482
51.9125
49.0083
214.173
33.9658
126.703
203.88
182.848
88.2019
119.214
28.3767
119.262
50.9064
124.616
84.4065
135.122
148.519
37.3274
127.029
143.715
38.3676
154.24
255.434
89.9979
223.587
99.6465
93.2279
48.6492
127.619
69.7101
126.338
34.9292
65.1759
53.5369
98.4955
121.202
71.7456
216.609
60.4559
70.5129
35.1938
46.7204
97.5445
37.6124
58.9005
86.0116
29.9399
42.3481
82.8281
109.86
46.849
79.0352
142.909
116.532
39.7803
176.634
65.3494
52.2311
91.6074
50.2531
104.945
29.5114
34.1549
66.1376
63.9212
39.5681
31.8929
118.133
65.8784
101.086
74.6794
95.0134
28.7297
66.082
76.1616
142.99
97.1967
35.8999
51.8421
137.492
41.1354
57.5419
38.2751
45.5143
30.6867
106.161
111.236
49.8992
38.323
68.9194
37.9421
149.211
102.82
47.4112
50.8128
30.7769
38.2797
33.5226
77.9406
34.5627
45.417
61.2307
31.8826
52.9194
197.895
40.2918
59.4855
55.5658
32.1564
148.365
51.2278
28.1724
160.913
40.4099
87.5811
56.0815
42.3181
41.7601
74.1383
30.3457
38.5433
29.991
45.5645
40.3266
35.9252
58.7048
37.3086
55.2663
59.279
112.361
213.494
78.2795
141.312
35.3512
28.1093
32.179
92.1463
34.4531
237.399
86.9834
56.3088
117.927
32.0364
88.0743
108.196
209.084
35.8423
106.815
51.3047
50.5127
105.718
51.2827
66.5923
162.41
82.9684
73.3111
142.081
66.7009
66.96
57.6998
82.8796
76.7497
55.8734
70.2071
49.4055
52.7313
37.1028
70.8983
86.2143
80.4872
32.4744
32.6759
43.2902
173.106
77.3407
160.466
91.9908
31.4993
42.2811
145.526
31.2025
64.7172
60.1338
168.832
239.064
114.415
108.745
51.4177
114.449
179.7
239.3
130.153
142.87
49.6071
58.6829
29.1793
92.5435
244.038
202.672
61.2931
29.2215
108.1
34.6871
108.2
78.259
199.813
111
26.7812
60.1063
27.2297
78.0086
104.391
87.4269
156.92
43.202
33.5213
109.283
101.374
68.9514
38.8145
52.4299
119.535
29.5074
145.812
86.4428
123.84
30.4135
27.9964
44.7918
138.019
51.711
164.959
40.678
42.6797
47.5339
34.9277
181.078
138.052
117.839
211.988
51.6031
65.6805
217.001
157.022
41.9817
77.1711
224.013
77.6354
100.847
51.1356
159.27
184.333
83.0631
100.523
220.592
81.5231
91.8834
150.338
150.592
32.6168
63.9133
35.3004
123.201
84.4645
60.5959
161.482
32.9358
58.9218
210.756
167.097
102.297
48.2128
54.3696
62.2744
38.1159
58.2621
142.876
77.4523
81.1409
45.8111
248.587
76.9547
118.641
121.522
134.934
75.2737
80.5043
30.7888
75.1767
156.626
96.5277
198.052
75.4512
39.9618
126.912
30.0958
35.4011
120.974
165.13
92.21
81.2015
49.9628
107.523
30.2856
70.8908
112.858
52.6087
255.071
26.4998
77.5194
213.779
205.623
87.4544
52.3491
76.9861
42.7786
82.6489
190.616
48.5003
82.0679
76.7393
77.1739
112.372
30.904
49.3885
37.0425
36.1896
84.7886
63.4673
39.7292
126.735
207.354
105.152
74.4389
66.2171
70.363
88.4705
30.148
213.032
85.4591
47.066
62.0746
66.4924
31.4215
107.592
81.2663
62.3089
35.994
101.807
85.1413
124.837
84.5324
151.261
106.58
68.6993
95.2374
70.4921
72.5299
28.1782
32.187
44.3757
69.5712
47.7129
180.743
115.146
116.249
60.026
83.9492
63.5224
40.2793
160.253
73.2812
51.7378
39.6433
140.791
76.0144
45.4311
34.6338
59.6444
180.656
107.871
59.8641
63.6018
48.0219
168.891
27.1157
193.328
247.706
153.739
28.0383
143.412
117.243
34.1643
95.4781
261.812
26.3992
49.4795
256.27
219.067
153.974
35.088
95.6609
84.9067
109.068
49.0699
193.835
28.6295
36.768
71.6657
174.312
245.206
46.8166
36.569
130.879
64.2481
104.424
35.3613
32.0761
61.4977
31.0842
55.0584
26.3714
42.5086
152.435
166.371
236.538
234.362
105.777
78.8183
48.786
39.065
77.2914
130.848
51.9973
61.8239
29.4061
232.054
45.2903
87.1524
118.545
29.5782
63.4701
90.8028
31.1307
40.3457
37.5529
40.2664
82.0145
33.4814
214.997
56.9767
203.344
36.1312
105.181
250.831
63.4372
82.1878
29.9465
84.0863
183.185
62.4713
88.5395
162.135
53.0274
43.2271
29.1631
92.6118
125.051
69.7836
42.7595
74.0035
37.0627
191.089
62.4919
44.4991
87.4253
144.779
41.883
145.581
50.3501
240.448
36.0993
38.7046
94.6055
210.864
56.1654
90.4816
185.573
85.8211
99.312
90.0295
56.346
181.682
75.2091
105.141
80.7408
92.9299
82.0627
102.797
76.5034
34.1325
45.1292
94.6736
34.5276
118.699
89.2424
60.9497
248.169
127.8
211.258
73.5631
121.564
151.751
56.0283
229.845
130.073
222.221
28.4877
38.0783
46.227
51.7929
84.3091
29.6823
56.9955
100.563
62.2534
96.6694
39.4568
45.9633
107.208
158.693
240.952
66.7853
79.7828
49.7215
55.1245
33.7321
36.1776
102.451
36.7273
86.6466
187.489
49.6189
56.183
153.34
98.8859
143.384
185.772
109.461
109.584
62.7571
30.9802
58.692
146.601
41.5266
51.4371
48.0259
126.743
86.3645
88.8562
86.7813
44.1609
45.4474
35.8957
46.2506
183.902
40.4687
36.2175
159.792
129.939
188.719
85.9783
28.3437
39.087
27.835
76.2884
49.9016
69.6651
32.8823
30.8454
34.4387
38.6868
48.2546
29.9369
142.856
50.6671
101.406
178.97
102.018
30.6279
138.3
137.367
88.8736
106.637
150.255
156.006
78.7832
48.2162
114.152
62.2726
51.8909
89.8307
135.289
147.818
142.662
153.807
26.759
42.0204
82.5372
135.799
54.4593
195.682
30.3225
169.201
175.749
77.8051
39.5072
98.948
115.834
121.539
127.345
94.5837
209.878
98.85
42.1319
55.4869
96.8467
96.6587
63.9901
40.2489
109.697
41.5292
114.573
40.3254
43.2467
93.5072
74.6239
33.6023
40.3858
86.1315
117.408
117.443
194.285
133.037
28.0379
52.7021
40.582
28.8614
32.6445
33.1634
69.1356
92.6583
121.9
105.708
32.8944
130.933
218.419
106.59
29.617
126.892
29.8997
80.9428
70.4398
79.2976
131.044
83.1141
83.0886
103.25
149.276
91.3358
39.5315
92.3934
78.5314
107.295
104.053
45.9692
206.061
61.4067
59.5736
40.2272
56.4547
31.8847
156.296
45.6176
35.8092
115.189
101.657
58.4131
47.7982
123.974
62.9497
155.654
118.912
125.494
97.1807
90.5301
84.6584
56.1132
141.309
26.8367
107.567
85.22
98.3524
56.3942
71.9949
55.6277
103.443
35.1537
93.0497
35.7633
48.5306
187.152
108.61
39.8257
50.2881
98.9999
59.4915
85.2527
123.96
96.1403
63.0868
31.568
34.3538
55.7534
52.8727
90.6374
85.5516
31.2681
136.405
109.526
52.0192
57.0555
36.6141
59.9454
81.3066
51.934
140.471
84.5643
141.969
157.487
45.7568
120.78
40.1283
28.2045
61.1308
43.6587
60.6429
85.3099
26.3937
83.6502
162.094
150.547
28.9033
214.068
70.9211
74.6223
77.397
26.5394
110.451
41.3835
72.7095
254.911
90.6023
41.3417
228.95
35.9328
183.489
61.0398
33.2282
48.9212
59.8328
163.026
118.81
57.4092
117.244
61.7421
137.702
180.879
71.7696
192.316
96.1329
31.9917
156.427
75.9505
28.291
75.938
55.7184
130.7
121.916
121.479
44.6593
145.984
35.3443
162.519
63.1602
231.819
134.466
84.7475
90.346
39.3203
180.104
45.7032
94.7338
118.917
100.249
34.7804
50.8448
76.113
51.4461
51.1483
133.482
94.8631
46.0282
70.1791
32.1802
27.5031
40.711
248.713
65.3514
145.886
40.3339
132.495
132.118
157.983
110.589
45.1167
36.1915
226.997
56.461
122.812
128.066
164.951
89.9082
66.201
71.5991
38.1627
28.998
118.976
86.5277
58.1178
115.19
163.061
185.228
84.0315
260.945
27.8854
54.5821
35.7365
140.203
31.5864
32.4045
44.2762
56.9541
61.8671
81.5127
36.3836
71.1136
252.928
30.5309
62.1016
34.1624
177.638
244.111
193.229
27.8082
52.7377
80.6204
111.924
56.4703
31.5503
88.1621
252.936
166.152
36.5449
258.423
211.651
70.6754
145.894
51.4392
45.451
35.4897
164.291
134.03
50.9267
46.3021
120.667
31.3169
120.192
110.705
145.761
130.729
168.321
136.273
54.001
36.7924
32.7192
64.3087
76.0428
30.623
119.155
65.6571
35.0689
28.2848
66.5929
37.986
48.1112
91.9104
85.7594
119.207
60.3409
139.015
76.9975
136.739
136.219
34.9625
131.692
83.3163
147.559
193.885
52.3521
157.279
67.5429
75.1113
150.803
32.2719
43.9257
45.7163
82.9982
61.4368
82.2427
119.25
58.8888
83.5247
99.1444
176.568
121.886
169.943
38.0548
31.993
36.6882
35.1887
41.3379
163.592
58.3005
40.1196
83.9367
207.353
90.7463
263.671
30.8537
218.729
109.652
61.3374
142.692
148.245
117.895
103.651
119.173
63.9161
53.236
188.435
175.423
40.0228
55.0927
155.388
247.583
56.0418
75.9193
58.0531
133.452
115.042
226.906
69.0918
77.7364
113.972
112.575
54.6009
31.0262
122.974
139.798
49.9127
41.6303
49.6859
35.818
35.0446
40.7425
127.039
123.881
142.792
103.411
33.8077
171.191
135.294
47.1138
38.3034
69.1081
176.793
182.706
228.095
37.5296
57.0546
147.106
42.7615
113.841
64.0805
80.7766
153.609
35.668
29.3974
34.5355
140.598
31.8495
93.0954
52.5656
57.465
33.4578
85.8737
129.718
82.1518
91.6956
80.6751
46.2128
109.901
108.949
141.461
87.5326
75.8151
46.257
122.413
102.31
61.5247
87.9186
178.707
62.204
64.7437
141.576
28.628
43.1319
41.6913
90.9805
31.2533
122.982
164.509
33.8673
35.0453
74.4929
79.1637
30.8754
63.8901
91.9439
32.1154
82.4987
65.6106
140.123
77.7504
198.842
69.6303
82.9897
28.273
120.937
71.9678
35.6215
47.5672
46.1999
39.1787
38.2302
37.5622
214.82
41.1744
113.124
54.8307
57.627
120.011
63.3792
63.2596
227.927
50.1867
72.5029
169.7
59.047
36.1989
222.524
84.3876
74.7847
48.515
90.6355
50.5206
48.3795
68.9545
105.213
110.471
186.908
33.7544
100.277
49.0026
31.7584
48.9135
89.5089
48.3692
109.424
81.1082
53.7862
242.604
33.9379
44.7998
31.0064
109.92
51.9467
66.0677
86.2322
165.072
30.7683
73.6423
122.83
32.1017
189.585
47.5313
42.9026
90.6141
28.4892
37.8381
30.8486
104.153
134.457
63.0057
104.135
39.4793
35.099
35.3795
73.6753
100.984
231.941
108.744
81.5446
77.5785
82.2179
136.419
45.0042
120.397
114.003
74.0118
59.1661
50.5671
36.3902
138.984
44.393
112.994
185.254
218.944
67.8259
45.5943
53.258
38.2071
27.8542
33.9279
112.842
67.0777
52.9753
28.4172
128.926
176.63
37.492
64.5381
153.33
32.6687
45.5452
40.2129
30.4147
63.077
68.0826
102.507
92.227
46.8866
94.3392
127.899
174.124
44.7472
210.803
90.09
78.8086
63.528
178.646
72.401
54.1249
94.0629
56.8838
54.6097
78.3386
97.413
215.661
51.8984
39.7726
162.475
90.8105
48.5823
114.98
130.722
49.9548
236.022
67.9462
117.96
31.286
88.803
139.716
167.883
149.841
71.0777
39.7458
38.7719
132.792
30.3401
100.81
29.2627
42.0785
199.712
218.285
48.3353
77.5691
77.8301
135.688
149.769
49.9512
91.6458
123.51
142.528
146.828
56.764
54.3764
46.5016
84.0699
125.434
45.419
32.8684
43.3486
49.3871
32.3627
53.6316
171.449
145.538
52.3373
92.4367
150.995
40.2932
56.7394
199.935
32.5177
229.185
56.9486
29.8643
45.6052
108.43
28.4853
67.3018
32.3784
96.1069
27.3266
47.7323
28.3998
51.8222
80.2454
155.702
218.47
192.018
175.095
150.841
158.392
107.481
50.9172
39.8488
52.8297
47.9748
79.8586
119.283
40.279
43.1805
72.1482
74.7045
76.3255
80.257
156.156
204.94
66.6353
111.647
97.2304
119.066
104.349
29.6434
262.259
40.8582
125.38
106.579
122.097
62.0889
30.7884
38.337
105.954
29.9751
95.2243
87.7208
36.3806
67.5921
91.5095
56.3739
58.4452
62.6845
58.7206
48.7752
121.005
29.2682
127.212
63.301
44.9919
254.529
223.308
44.1814
145.568
65.7792
91.9466
40.5397
106.16
48.0615
87.2874
30.1867
68.5647
186.07
85.6913
262.892
78.2766
75.8264
73.8145
79.721
108.246
136.966
127.482
152.68
73.1828
102.291
43.9066
47.4776
36.1332
157.182
36.8532
215.225
42.8164
122.436
82.7908
115.239
38.2168
157.211
49.0674
158.679
28.3897
96.7822
64.9114
254.743
125.408
42.5301
61.7805
28.2795
104.9
223.165
32.2033
145.658
68.0799
61.6942
129.867
43.8643
46.7555
59.2417
46.8174
35.5845
48.9918
100.009
33.6158
51.5076
162.885
99.1374
91.2403
60.4813
144.497
58.5165
48.0828
56.9466
144.036
105.509
67.558
152.957
68.7838
124.232
39.4095
63.7743
48.9146
43.5505
162.711
71.2321
166.576
221.016
26.9284
28.9253
221.897
63.6248
236.128
45.6731
36.599
85.8849
43.6279
74.5043
106.441
65.854
51.8853
40.0281
75.6781
116.512
83.9848
261.669
36.5967
38.6602
109.391
53.1673
46.7534
171.684
246.674
95.6552
46.7649
30.301
127.719
53.5412
109.473
182.27
58.1151
124.53
147.086
119.069
138.072
193.437
37.3079
120.981
155.227
89.2218
53.6432
133.153
144.523
108.486
155.923
34.0986
64.7983
38.2679
69.952
196.365
60.1048
49.5248
31.869
155.426
89.4043
82.0984
52.6199
27.1384
179.766
72.9315
82.9097
254.967
263.139
138.643
58.8443
52.9544
46.3862
70.0362
61.8011
33.8204
99.8703
37.7178
56.18
41.197
84.3886
215.598
54.9815
29.6865
45.074
216.265
186.624
30.7005
39.2473
29.6715
211.835
191.952
187.194
36.3749
91.9869
71.0056
67.5127
57.314
76.8379
126.386
112.896
49.9396
43.0089
37.9609
73.2952
30.9287
45.7817
62.2084
49.1249
79.7022
70.3231
43.6306
109.322
67.4521
26.838
31.4878
59.8248
48.3498
36.8733
64.3212
113.602
191.968
82.1113
36.6695
104.768
87.434
73.3434
45.4243
82.419
52.545
165.036
133.904
97.6787
149.577
85.2955
78.6831
63.7765
151.079
70.8828
50.6195
70.3619
104.953
65.5446
30.8809
42.5263
82.4898
58.0068
203.932
43.2806
42.0893
67.5477
33.5631
30.6815
78.653
39.082
36.6131
176.467
246.419
86.8406
211.349
32.6083
125.7
78.2312
103.206
167.535
78.4224
151.772
103.412
69.1294
114.725
158.753
133.554
113.297
36.1023
54.3528
58.821
68.0446
58.4653
45.9807
211.76
35.4395
75.7152
96.0423
39.1301
26.791
55.4593
46.3554
40.788
108.46
81.2554
75.7752
166.085
230.845
136.529
140.773
102.072
32.5161
73.0718
115.462
47.4569
146.886
206.487
113.865
46.4733
62.2441
27.9415
155.693
263.843
37.764
71.1595
49.9322
163.48
47.9482
45.4095
62.217
147.362
27.5584
32.1091
218.656
115.55
152.599
41.4574
44.1537
29.6397
45.4662
180.796
28.3792
255.992
28.3646
31.2228
243.132
200.354
77.9612
89.6143
76.9352
85.8338
119.553
32.4999
26.8131
113.195
81.1023
76.2504
136.318
43.4087
130.326
157.046
66.2157
111.166
40.917
225.801
137.104
165.215
42.6971
29.7649
47.0152
184.7
36.645
82.7957
105.537
88.2831
27.9317
107.039
58.6745
94.0665
30.6906
109.301
121.411
95.1844
46.1285
57.1463
169.687
40.0844
76.3172
39.4529
67.5604
69.7017
38.8764
39.8994
63.1417
67.111
94.2086
72.7261
239.826
68.4562
105.774
108.038
69.2845
96.5101
46.8986
121.338
31.7718
76.87
67.0419
104.641
151.54
204.416
29.5154
52.8479
75.6634
222.984
88.8497
98.5977
49.6083
119.485
38.0943
26.6003
57.7465
67.6181
53.356
206.801
209.062
149.994
227.168
65.6252
58.5689
128.86
172.165
123.02
39.4386
62.3318
40.9215
164.124
81.7854
260.424
75.1756
51.4351
105.265
83.7481
140.388
41.8244
61.6187
86.2804
39.6151
44.706
69.9369
71.5515
45.8635
32.0709
90.4849
117.826
76.1412
37.3587
45.4198
52.841
57.1937
36.5014
88.8895
50.6066
47.1521
69.0214
66.6876
37.4687
50.0582
70.2219
101.182
43.507
55.3416
60.0502
70.7986
205.846
44.7163
30.9497
91.61
177.091
84.9984
83.8614
47.7239
209.616
66.5006
34.8821
114.389
37.9991
240.247
58.158
87.501
111.322
136.377
112.999
101.765
58.8054
105.413
47.1279
116.66
111.926
173.563
35.3432
47.2284
170.087
64.853
59.6437
32.6476
125.849
73.0174
69.8809
104.641
200.41
67.5114
158.801
113.086
262.434
33.551
31.1065
102.905
120.647
83.1285
45.2619
100.103
45.6936
35.9526
159.904
169.657
29.8527
33.4889
84.476
100.279
59.9392
75.3718
131.418
93.2408
86.3441
68.0241
58.9858
68.3206
150.727
38.7368
64.1613
126.771
53.8709
54.7613
171.073
54.9457
31.3666
81.9066
44.0207
29.1317
73.3386
87.2155
65.7461
56.2238
95.654
56.6706
254.683
121.466
26.8307
52.5475
31.9209
41.8744
36.3567
53.622
37.3844
163.959
147.678
73.2978
164.541
93.9451
167.212
30.1601
76.7053
60.1922
98.5583
144.21
120.071
27.3949
41.163
221.24
255.633
139.773
35.8365
26.9188
120.897
41.3823
80.9464
163.142
83.1601
106.104
65.7057
56.9652
69.8288
62.7313
32.6667
109.258
149.588
108.49
236.731
102.662
61.744
69.7878
99.0589
28.5452
50.2297
196.595
163.974
73.7639
72.2619
39.7357
229.954
37.8675
111.825
71.6606
55.5296
86.0803
26.7513
172.346
45.1085
211.282
212.318
52.1525
28.2077
126.287
119.672
169.76
49.3456
83.6359
52.3893
92.314
44.6406
54.3639
108.558
56.3735
105.871
107.377
37.4135
45.2982
143.553
118.526
217.798
128.626
84.5144
35.3053
99.4252
149.264
59.0519
29.4627
49.7464
221.98
34.8763
162.957
38.4107
249.489
104.808
80.3671
163.392
95.7335
218.579
45.5774
70.095
147.278
178.055
104.023
29.9042
130.55
29.0471
30.5247
37.3851
87.6568
83.5941
225.202
29.8736
122.742
41.8079
190.262
84.3808
166.703
67.8212
32.7882
258.769
73.2333
36.5749
45.0069
159.749
98.754
189.823
90.7596
233.955
40.9394
60.7847
57.8887
99.4735
48.5812
35.5138
63.0609
37.0778
47.8281
85.7637
55.4639
129.876
34.9251
27.7363
55.0655
239.381
73.0258
33.8483
101.671
89.4928
31.1213
60.7248
61.896
198.929
217.88
84.6416
30.9085
65.1399
225.039
100.772
97.8466
103.522
31.8028
45.065
27.3453
26.7727
87.3489
41.5977
32.4214
77.8989
82.1963
35.3487
50.3031
201.45
117.238
62.6566
90.066
42.9137
38.087
72.6206
150.172
63.1071
62.854
195.46
103.092
69.6493
54.5451
45.5456
174.637
56.9754
60.867
178.549
101.418
127.141
48.1152
30.2447
86.6212
69.2878
160.383
36.2961
89.0004
64.2412
254.417
121.865
176.887
124.067
63.9617
83.4657
186.624
75.765
114.665
65.7728
31.8648
36.4694
106.505
54.5699
35.5254
28.9965
84.5523
74.6906
113.372
86.8422
95.9172
33.6365
57.986
183.928
66.3645
59.4771
34.73
48.0572
84.4449
55.9598
72.974
92.4679
61.1055
59.1539
139.528
160.438
87.6987
187
55.9081
207.795
164.461
58.6628
161.053
55.7506
32.9522
96.5571
27.719
115.965
32.857
44.8338
56.0114
66.8285
28.5466
33.8641
37.4286
38.1326
139.587
98.9823
96.9108
258.608
47.9109
38.6228
42.3275
102.003
51.0119
30.7522
164.438
167.815
107.562
164.774
81.4942
81.3344
158.046
43.496
48.0962
66.2797
128.201
143.082
97.3121
45.5409
26.5452
40.4561
61.7525
65.6894
60.3322
40.4803
28.0707
58.6249
104.959
142.254
94.8389
43.4996
198.227
155.095
162.619
131.685
153.311
30.2669
84.971
115.821
45.3119
77.8092
67.406
31.9323
44.9968
252.76
38.5481
67.1055
108.059
95.891
142.741
54.5951
212.013
213.502
162.225
60.3747
69.869
39.8499
232.656
150.291
90.4125
75.6265
54.1321
93.8963
154.074
44.7998
39.9318
82.4376
106.255
36.1118
58.5223
41.2131
71.482
34.2199
104.452
122.359
144.468
115.165
64.2884
86.554
81.4046
61.1229
34.2524
127.159
174.974
64.8335
26.8867
31.4433
222.427
88.9095
30.1573
40.0434
145.143
69.3066
112.384
147.2
50.5445
89.6042
30.7397
137.126
31.1029
29.8605
241.79
119.376
221.754
150.919
165.371
145.178
45.5935
61.5253
198.739
91.3719
32.0852
49.7733
63.4065
80.7398
61.2548
28.3697
79.1595
83.3001
70.2621
119.734
167.792
76.2457
239.742
85.2871
47.7169
110.829
65.8499
53.2169
237.529
108.966
29.6092
58.1793
98.1811
141.518
154.21
38.507
183.215
163.994
108.78
36.4765
29.3536
48.2218
220.803
120.131
192.34
63.7453
106.61
69.3228
34.7752
67.8246
150.144
80.4672
161.652
51.8177
47.1665
212.889
195.18
38.4547
29.0961
59.0741
254.755
155.634
122.476
50.7361
69.1605
79.134
60.2681
206.162
74.1783
43.9026
137.265
65.3824
32.1253
40.1104
39.9259
115.064
34.3038
116.196
135.064
59.2053
53.7535
49.1048
26.5567
211.104
96.131
27.2604
33.4619
163.716
28.2395
43.0117
43.8814
81.4303
43.4842
27.0427
154.756
44.8717
86.6289
30.9834
205.023
72.1407
29.1476
69.6892
101.135
139.349
63.095
47.6246
153.346
64.8245
217.939
100.905
105.78
99.5647
52.4687
109.424
177.893
189.114
82.2062
28.5314
191.58
162.508
113.151
209.536
56.8085
122.929
177.396
100.661
49.2323
151.339
97.735
46.7494
248.928
57.0051
144.984
30.6918
29.2305
54.1229
53.7569
141.779
258.146
199.914
38.2766
104.849
179.208
102.563
30.0221
27.5678
76.9679
96.1704
177.829
121.15
26.9871
27.314
37.5477
130.857
29.4548
166.859
29.7722
27.578
38.4557
100.36
48.7856
206.588
56.3847
45.2064
167.378
39.7982
92.0267
36.1135
79.1721
220.266
197.118
124.377
47.5721
30.6199
116.838
100.421
36.2934
231.076
180.543
76.3826
116.651
85.3013
73.0303
90.6331
116.089
177.419
96.6286
181.33
149.808
114.4
34.6902
31.4079
65.9756
96.3301
52.9434
220.079
251.299
158.062
49.13
131.244
192.864
47.3586
36.4729
125.543
120.136
54.8225
68.4864
134.606
37.7448
56.5027
43.573
52.2054
51.9415
66.3353
68.1449
109.777
68.983
168.717
244.477
99.9065
45.9843
152.337
104.741
110.015
38.078
33.7549
52.9378
46.1409
98.1761
122.399
207.242
29.3717
114.922
219.182
59.884
69.1964
26.9052
100.913
168.569
82.2186
37.4686
83.578
74.713
47.6232
33.2764
78.5992
63.7673
127.422
54.709
130.384
81.2295
98.8841
43.9243
143.816
138.224
48.3009
95.9159
32.175
63.7256
45.3466
98.9209
61.9278
191.024
112.083
31.6974
104.815
69.7909
120.872
63.2248
48.1156
26.8341
51.9612
108.599
29.5574
96.7272
35.3044
65.3638
60.0216
56.7641
87.7585
118.694
48.2626
107.02
56.0903
214.98
122.135
61.6915
223.174
199.174
101.269
150.243
43.4407
82.9049
216.354
72.3503
128.348
77.4594
67.0504
47.7608
46.3682
85.6359
58.8771
31.3102
32.7714
38.1152
59.4863
82.0503
34.2882
28.7181
48.586
96.3836
32.6308
109.5
156.509
85.797
93.006
83.6425
68.5074
74.8968
67.8733
35.0032
32.5136
72.3177
54.5013
173.703
46.6197
101.609
49.2415
52.203
62.2993
113.554
48.232
77.4492
81.539
83.45
83.4832
70.5557
57.6741
27.9171
28.0047
64.1853
115.909
35.5931
221.713
133.823
59.0412
44.644
201.236
49.9962
70.2656
118.111
98.9313
42.8259
27.037
91.3226
46.9652
33.485
32.541
33.6197
100.738
45.214
45.2078
238.645
83.6069
46.4995
173.787
54.0128
37.6666
191.543
109.045
130.226
69.4587
27.9402
115.553
47.6821
106.076
105.293
96.9979
64.8974
162.536
50.265
42.8645
48.8733
52.6022
33.9159
54.1901
53.5275
249.505
147.523
86.9271
31.1581
115.561
164.733
63.8316
54.0607
114.202
39.4962
104.236
186.999
30.7237
81.2091
40.7956
63.0874
79.547
102.149
137.171
82.4501
42.4001
35.8191
218.819
134.626
143.799
247.318
28.3348
189.08
130.31
38.4718
130.76
70.9175
94.2134
115.192
40.0716
36.6512
39.5523
109.41
50.1124
78.3107
80.2121
40.3912
126.348
163.481
87.2025
58.032
47.3547
39.2163
27.8703
144.013
95.7181
168.251
66.4553
58.981
107.131
104.294
49.0781
42.2654
28.1233
98.332
110.052
63.6845
65.519
86.719
147.434
122.023
131.672
123.516
28.7298
34.7331
32.4262
64.2924
165.619
158.839
28.9131
38.4668
128.783
125.358
52.7936
142.643
62.2443
59.981
46.1281
121.583
56.5418
57.7187
224.008
201.232
30.0009
86.9926
36.843
56.926
173.348
213.066
50.0369
259.83
41.939
37.756
136.667
145.268
69.7272
82.5664
59.9467
84.6151
43.4562
151.249
87.5763
134.893
36.3587
44.8139
40.2883
234.28
39.9433
44.1704
172.066
32.0709
238.517
102.959
140.599
57.0783
106.026
55.1973
59.0802
35.7843
52.0944
122.618
48.8773
166.392
54.2825
124.03
189.49
76.3341
179.874
214.29
60.54
28.2757
125.839
77.9047
46.6902
58.0508
79.2132
131.579
75.6569
46.6245
68.1833
198.034
166.832
53.9491
53.0163
51.2209
78.0233
32.9959
30.9091
68.8229
130.06
37.9144
30.8528
29.8285
34.8751
49.6429
51.931
53.6217
34.9314
50.7172
56.3186
120.376
87.8875
103.343
132.916
66.222
90.651
182.826
124.626
69.8132
29.1408
67.6353
96.8736
44.9845
103.468
52.6181
159.99
72.8728
150.648
74.7288
90.5408
51.4114
97.6331
109.106
77.109
35.2991
67.3637
64.0062
88.7657
97.3569
50.8021
172.985
32.5965
55.9395
33.5016
217.895
44.1713
27.3469
75.3993
137.488
132.079
160.109
81.9753
49.5174
137.137
67.8023
126.549
70.3308
103.869
88.1606
131.344
32.8014
40.508
41.5557
34.796
34.0888
136.971
106.565
109.639
102.235
72.5293
76.2675
33.599
147.951
86.0804
29.3354
191.046
53.7333
198.307
29.8884
77.0401
46.9495
44.8243
95.7359
138.065
208.364
43.1977
141.916
44.3873
65.7854
221.147
108.172
196.926
68.4585
140.012
89.6731
40.943
26.5211
178.625
97.7827
76.9974
138.13
188.77
106.37
112.916
29.4427
172.649
51.4896
50.1973
38.4578
91.6907
46.7533
28.0374
158.618
162.377
50.3105
36.6453
109.075
36.6968
58.9439
58.904
110.771
32.4082
44.0986
66.3669
28.1462
108.229
92.9287
178.135
49.3773
66.1479
101.69
87.0709
45.5013
27.3411
42.9057
185.037
45.0412
108.4
96.6723
44.0736
245.011
117.585
69.3881
201.221
31.6027
39.6323
153.101
188.787
54.9521
32.6437
84.8101
39.2879
63.5543
88.6364
43.5084
212.661
219.834
171.677
89.5467
212.292
99.7368
38.1003
106.934
41.1672
76.694
34.8185
188.145
119.354
175.224
26.8917
70.1716
37.7474
77.2179
75.4647
224.867
28.6983
83.9054
38.6292
36.1831
90.2442
38.6791
178.005
65.3562
131.628
108.262
99.124
74.7939
258.241
99.293
165.824
103.632
75.5054
111.888
226.081
203.677
45.1168
119.239
193.702
51.2241
62.7627
67.4143
42.4219
57.99
85.0583
164.058
98.3781
62.3356
166.562
61.2633
47.7962
38.4327
54.7471
134.895
221.28
103.882
177.149
173.07
70.6602
98.4762
179.022
83.2137
115.896
36.9799
139.141
66.2615
116.772
52.0099
40.6212
57.2898
254.223
78.9338
45.1948
143.183
65.7413
136.913
203.135
67.6638
144.817
39.588
170.857
39.0638
40.4072
31.5454
82.6044
175.206
56.0604
69.8054
58.1087
72.035
94.9271
157.84
118.835
157.676
121.31
52.1098
49.5421
146.587
131.044
73.1569
36.9034
49.8624
136.058
29.219
37.2142
50.4052
26.736
130.618
65.1851
68.8151
114.072
67.6676
27.4927
81.9189
245.514
213.405
33.0541
31.406
96.9086
124.825
126.532
111.903
108.029
192.155
42.2407
250.891
31.9979
42.5018
103.798
33.3127
130.813
27.2457
59.2448
234.63
26.5464
63.4053
31.0856
28.0213
31.5909
80.7167
75.419
242.819
121.407
81.9477
64.078
44.6202
58.2474
35.9363
64.2392
166.828
28.8754
177.872
85.0137
59.4788
56.1751
71.9737
109.185
48.2847
121.982
52.1393
74.6163
48.0035
69.0945
39.9464
185.183
81.2839
40.4801
74.9479
76.4785
85.468
50.9342
61.3148
53.6603
157.474
51.8082
88.2036
103.371
69.8825
107.598
40.9773
28.0212
28.367
51.6751
76.7084
122.274
83.0058
31.4256
231.695
94.3589
34.3975
90.0864
162.35
49.8598
33.9286
210.952
47.0956
40.1208
104.059
49.7986
114.746
68.7177
42.7067
131.762
125.845
138.074
73.5329
112.393
206.349
189.891
35.2974
34.6366
242.755
46.8279
117.592
54.0612
127.754
194.146
102.879
63.9836
73.8643
61.6795
108.683
63.4626
68.913
209.202
113.524
86.2057
32.5873
128.975
198.206
30.4672
217.424
187.852
35.0792
32.0542
42.6353
148.29
131.453
56.2061
91.5959
79.3519
199.338
90.6805
48.8553
104.232
224.2
36.2717
148.558
39.9029
153.83
111.373
135.461
152.701
76.4021
217.428
105.65
36.8124
41.0912
50.3131
106.319
158.299
90.972
57.5958
29.5187
87.0042
46.5992
26.4231
139.599
148.41
47.1328
27.0167
74.3659
44.0156
47.3875
143.318
216.524
122.201
101.88
40.3936
188.571
66.388
161.49
72.8779
157.253
115.985
176.634
57.3454
85.8666
79.3431
32.3719
78.6018
172.149
148.7
80.8753
40.5646
135.756
102.614
59.819
190.83
74.8391
105.527
72.4547
119.456
44.5542
62.8722
171.123
163.472
40.0455
94.0011
226.343
66.7688
140.052
61.4523
214.564
134.357
74.7945
64.5934
129.62
189.131
48.97
134.336
41.1728
30.855
192.35
209.901
65.0943
151.154
153.148
157.93
73.5148
86.7777
27.7713
64.1999
94.3442
180.439
102.357
103.505
87.5545
119.998
64.4542
33.1021
78.1201
51.8749
81.2811
50.1222
73.7304
126.814
52.8077
60.7495
41.1528
196.691
95.31
59.0265
64.966
52.3963
108.293
31.2176
184.151
106.178
83.4791
168.652
30.3988
66.1373
61.4121
30.979
31.2788
232.524
35.5773
28.9572
111.661
252.452
73.226
91.1729
97.3666
57.494
148.471
152.78
179.606
29.0403
225.066
29.0457
28.3286
135.508
70.9667
122.131
44.1378
79.0668
200.429
45.6214
205.108
110.937
47.8643
188.235
113.42
166.454
40.8679
32.2929
30.8323
55.5803
98.4724
46.3965
140.042
54.3897
231.934
37.9498
252.568
161.224
105.081
96.8802
85.0181
51.481
174.076
52.7165
66.5002
32.8047
78.1969
70.6825
43.3324
127.052
161.285
89.2009
62.2058
84.4289
78.5327
101.64
37.3518
109.198
88.9732
51.8175
225.962
55.0789
185.868
77.5628
69.8081
66.8845
31.2261
81.4394
115.341
128.538
119.717
175.576
110.229
39.0362
180.858
58.3871
68.3079
190.705
59.9802
35.3933
191.575
30.7077
37.6517
249.911
41.8051
39.973
37.8426
63.5447
81.607
31.9462
57.0054
32.9775
68.4095
60.4576
46.8636
240.811
74.7019
32.2306
107.995
36.5017
70.7247
183.653
50.0829
73.0067
76.2975
90.0093
33.8708
87.0618
221.866
58.9493
26.6017
122.363
109.005
43.2915
94.8298
124.965
47.8973
66.9588
44.3449
44.7213
30.6311
67.2282
73.3605
36.3179
28.5097
74.949
178.188
40.3899
105.356
187.453
53.1284
97.7461
55.5416
49.233
48.9851
47.1475
61.1564
36.9255
219.517
30.4219
39.0731
32.4565
27.3788
100.583
242.47
82.9605
155.289
127.922
64.134
78.2834
139.242
31.3136
76.813
87.6179
84.1415
89.8475
34.786
47.1507
235.286
83.6412
29.5669
248.951
41.6416
182.755
95.7289
93.4249
42.7319
101.528
42.9299
57.4094
83.8653
52.6148
156.131
34.8582
108.485
251.4
119.246
232.691
173.215
40.6075
101.358
234.444
46.698
98.37
52.287
89.9728
143.928
192.872
104.156
65.6982
78.9828
169.561
50.233
50.5804
54.5564
99.5903
222.416
114.294
33.8041
145.077
59.3624
82.2031
168.747
124.552
35.8989
37.0574
199.543
125.989
34.8736
159.759
107.259
127.822
49.9517
48.3263
71.5255
144.939
94.616
97.9086
43.1618
90.7909
62.1256
38.3523
43.2905
31.7088
111.608
126.089
34.0384
77.202
90.9138
27.5111
84.1044
68.6332
65.4102
27.4466
178.413
41.6705
118.159
61.8215
35.8766
72.3747
46.9969
85.6872
28.5141
105.376
39.0904
92.8452
215.725
226.819
41.3229
85.5658
78.1093
44.3688
141.858
92.0534
30.0998
45.7963
230.512
32.9564
138.646
147.412
35.0919
95.7319
109.682
81.3618
54.7507
53.63
43.6776
87.1813
175.567
132.089
122.286
49.7434
38.981
34.0367
38.5927
48.3505
210.146
140.841
50.5313
77.0807
81.0673
36.8968
78.9351
104.251
139.127
130.278
27.9922
37.9892
141.882
120.716
42.0433
41.0889
91.9929
130.835
52.407
47.5132
95.3447
50.3122
70.9424
71.0358
30.8664
140.079
164.702
45.8387
137.177
46.3382
203.715
77.9351
97.5486
99.2382
137.86
35.4683
207.011
71.3751
90.7947
69.6955
212.194
80.0875
235.223
55.7653
97.1674
29.3917
36.1311
47.478
79.2946
69.6325
123.162
151.831
51.461
36.0998
63.4735
40.5849
51.4166
83.6969
38.7541
76.072
67.6622
66.6947
86.6574
112.473
59.3063
41.1649
42.9232
54.2299
46.5969
39.7198
90.4724
39.5535
63.7352
43.8798
121.718
128.168
112.617
28.9289
181.966
137.645
187.052
81.3796
34.7029
33.4762
57.4265
30.7837
75.5859
122.561
33.1003
81.5113
53.6775
27.0351
28.4398
55.4869
27.0627
27.1774
43.3489
132.454
87.9573
38.0331
44.0254
88.3889
57.8727
46.6678
90.2505
96.0275
96.6167
29.5153
31.0357
65.4787
191.492
37.1773
170.409
81.4466
66.9025
134.457
26.9049
163.737
161.103
97.7607
94.1357
66.9854
58.3135
122.602
150.82
91.4709
97.7024
130.392
87.7922
193.041
38.9713
67.0963
42.9574
32.5249
77.5139
99.968
90.3633
70.2301
125.014
40.1771
183.967
52.683
73.5994
54.0312
93.6863
129.156
133.231
79.8021
98.2571
37.7863
45.4354
105.261
96.0166
58.2707
47.1704
27.3931
28.1998
94.5626
80.535
33.5541
102.277
219.446
138.278
48.3915
148.583
149.092
71.1861
46.199
55.705
196.982
204.208
44.0769
154.519
92.7993
26.7975
85.074
47.4247
84.7655
31.067
153.698
48.5334
91.5431
97.2414
65.4837
29.0573
30.6431
45.1298
116.134
92.4251
60.8928
71.2547
155.584
39.3157
63.3129
102.249
32.0477
77.5792
51.5897
60.3311
136.817
33.4698
51.1037
201.536
58.0859
38.5476
45.57
32.3693
148.359
49.6001
193.045
47.5351
158.255
33.8078
159.099
32.9874
104.919
78.3299
108.487
77.0288
112.376
70.6733
246.282
55.258
149.727
40.7359
42.6217
33.4877
180.254
69.0429
197.677
202.236
41.8038
38.7643
96.8149
95.2448
69.7378
40.4185
68.0059
41.0633
130.046
54.0203
33.455
84.048
196.11
104.746
83.0354
63.8172
86.5935
96.8536
94.3613
156.906
262.306
36.2891
43.8032
162.739
82.6069
186.588
31.6576
79.1318
191.305
156.423
68.6315
63.4237
122.778
90.8993
58.9858
134.262
132.555
108.73
32.5216
235.311
98.0234
148.141
46.0847
75.7553
33.3884
49.8338
46.6218
216.477
113.059
179.984
27.7485
71.0503
62.3297
81.3058
133.627
96.212
129.574
95.6105
98.0719
80.3636
56.1684
131.866
90.3441
100.96
202.769
104.527
87.8285
176.291
40.1467
240.071
97.834
112.184
234.374
35.0397
85.1247
44.7093
26.9327
133.025
40.4877
193.11
64.5726
69.4455
137.11
44.1707
78.9451
86.2603
38.6627
226.901
33.1605
150.035
100.407
75.77
31.5151
39.2923
32.9779
61.2468
42.6422
158.21
31.5523
68.9192
112.862
30.965
84.4277
52.5358
200.052
42.3154
46.2063
58.6718
176.002
77.0632
132.726
188.987
197.696
118.494
63.9537
41.8936
43.6598
114.854
213.119
41.8663
34.4303
119.194
55.7137
83.7818
29.4657
122.96
38.1483
202.338
60.9724
71.1341
170.531
56.8699
101.423
44.1589
76.4223
106.083
187.426
86.8353
72.0751
92.5248
40.8226
49.6188
76.1636
160.154
214.793
128.475
102.896
82.0217
82.1408
152.789
76.6119
104.071
47.2956
42.7474
41.8225
102.783
85.575
59.5094
119.324
87.0387
32.855
30.2193
110.005
58.9798
120.337
130.456
27.5854
84.1335
42.4409
107.314
42.8891
230.594
60.7268
166.335
48.6188
66.8458
32.2503
194.505
237.053
109.638
187.223
173.719
103.441
106.373
38.2066
58.4734
145.817
40.7744
244.41
224.039
44.493
80.8336
198.13
89.13
140.451
65.0882
44.9081
214.294
159.579
81.9673
159.942
39.9323
67.5585
66.211
153.816
262.868
146.702
92.9713
254.435
146.927
30.3294
81.8851
38.2298
78.2318
91.2416
202.081
200.888
60.3601
251.814
61.9641
88.9527
48.921
49.7704
45.5507
49.7961
37.8225
51.8774
32.3691
70.8009
73.6822
150.806
37.8785
27.6291
74.8787
180.455
71.7337
43.193
171.392
69.9885
75.7562
76.1506
59.6984
52.8904
236.736
45.8099
57.1092
130.07
40.6882
85.4772
54.2205
65.6077
99.2973
210.526
91.7178
167.737
39.0317
251.107
200.115
111.55
105.045
35.9241
31.7647
41.4318
44.87
165.673
126.204
64.5937
99.0046
109.296
70.7185
59.5624
28.2034
71.2553
45.8617
83.6038
162.614
61.3991
84.3103
60.1144
39.0639
69.6319
115.207
28.3362
234.445
31.9355
49.4694
59.8436
57.8836
53.3432
27.1966
42.1483
50.929
75.4476
54.0097
27.5582
96.3982
67.1666
58.3306
90.587
71.9085
111.553
59.486
254.889
122.935
45.5443
187.639
52.923
120.903
133.672
227.389
50.2743
69.6531
46.2138
71.4934
114.284
90.7438
176.792
29.9648
94.9287
31.7656
175.597
89.1997
132.327
62.234
71.2173
171.336
36.1946
61.2429
124.501
86.3739
29.0216
205.398
32.6041
97.2878
89.2242
53.4561
173.681
67.2872
148.831
152.7
251.01
75.4034
47.8468
43.599
29.2743
166.364
173.374
150.128
87.8043
151.509
143.26
28.4363
95.7068
171.064
30.6111
58.589
127.24
113.851
108.362
147.282
55.2781
68.3873
124.946
98.3182
64.7743
46.8844
129.385
204.167
72.0176
99.336
53.9568
134.709
26.7377
75.4971
152.378
105.665
57.458
202.216
42.6638
36.8835
101.138
186.594
34.0949
106.558
208.045
72.7797
78.0985
59.3123
94.296
130.79
68.577
99.9461
119.657
26.478
89.9805
59.4821
33.5559
258.042
152.259
120.528
68.175
82.1957
49.878
72.8857
98.3069
60.4684
246.773
128.805
60.7772
112.35
79.3429
83.8374
43.655
50.7277
86.2772
74.5265
34.0714
44.5247
81.4271
125.463
92.5222
114.568
32.6117
45.6574
51.6378
133.825
43.483
65.5332
166.547
99.3815
55.0386
203.041
43.3567
218.914
109.708
176.838
47.0368
26.6404
87.7801
121.012
30.8228
35.7572
58.5706
200.274
26.9598
63.8661
33.061
93.6645
28.5284
53.3173
45.1905
26.9673
34.4748
36.3538
130.102
29.9721
37.183
29.4901
26.7228
79.0827
214.205
60.8304
34.0899
44.0432
80.0719
209.575
146.59
145.459
40.3109
35.3641
37.0388
38.6303
125.917
61.8568
39.9496
262.68
130.157
73.9116
105.572
35.846
44.9048
190.269
102.799
29.9018
222.868
219.741
82.7471
26.7045
74.5736
132.009
115.081
30.1034
133.137
196.067
98.5987
134.273
55.4474
81.8562
72.863
147.627
33.2121
53.5163
35.4007
27.0911
32.711
147.296
117.193
97.4836
107.927
38.0237
95.2745
136.145
31.0477
27.0672
218.473
116.923
43.3316
56.13
101.154
58.287
37.3411
51.8207
71.9132
163.122
67.48
55.4923
80.2117
33.8468
29.4796
169.56
41.9414
76.272
103.252
66.3098
200.477
107.526
98.061
138.61
111.176
169.076
31.8259
81.239
74.7929
119.661
52.7825
63.2804
152.22
40.1452
33.7959
137.708
95.5492
218.319
62.6957
33.0536
98.6652
68.5666
53.9527
51.4584
74.8329
41.3524
112.188
44.3439
39.9892
29.2176
31.7495
91.8858
58.9488
130.003
39.6374
51.4262
150.42
65.1677
164.875
141.838
240.189
239.218
53.3708
213.214
104.18
34.9833
71.0156
143.527
57.4355
61.8528
115.101
114.442
148.81
32.3867
49.6096
41.0649
195.167
131.498
43.8204
103.887
124.292
74.6975
89.7499
216.925
40.5722
33.9096
165.609
164.275
151.899
92.1162
42.4096
59.4228
164.012
69.0614
141.855
183.148
101.258
69.1566
49.8531
68.3502
158.408
30.8818
78.517
52.4645
30.3371
82.4447
32.2467
68.26
210.971
82.9406
175.168
111.229
51.0584
90.4046
99.1199
93.3727
96.4681
112.775
156.888
70.5653
67.5253
31.1715
63.4719
107.675
91.4771
89.4234
122.88
145.632
216.128
121.58
67.0335
58.359
56.9592
42.3972
209.893
96.7983
37.1599
154.055
60.8897
79.2789
34.9622
85.3614
38.5577
81.8349
43.0232
77.3429
240.266
39.5679
134.681
68.8301
215.131
26.4752
52.8865
226.182
109.605
128.575
40.1217
142.351
141.072
27.5713
75.2407
71.9878
62.4191
52.1403
199.821
83.6782
253.223
29.4035
35.3946
89.6308
170.876
57.6107
49.6077
69.9571
35.8178
197.821
100.716
70.8364
113.988
44.6448
31.8554
176.601
94.1326
94.421
41.3859
68.2494
58.5885
90.4033
108.786
81.6993
93.5956
34.1007
81.8349
116.382
72.4713
103.661
36.5493
58.7396
48.9402
33.3753
95.9241
135.516
93.4147
101.912
61.4757
187.615
150.204
65.0751
39.7249
88.0528
48.7064
131.012
81.307
53.166
107.866
73.1279
66.255
143.763
45.7024
55.1394
43.7399
69.8391
28.9988
44.7167
160.772
126.405
49.0256
62.2031
153.336
207.611
34.2224
42.9805
52.7993
62.1096
36.5433
86.1653
117.545
79.6194
63.4731
37.7389
85.8043
122.295
118.935
33.553
105
166.049
36.8886
90.5717
133.106
54.5105
37.4622
33.0708
77.0008
139.81
67.9281
207.586
105.027
42.3055
130.173
55.1543
112.09
169.575
29.6342
38.9841
65.9375
44.3511
51.6728
27.3248
85.4437
70.3873
126.662
227.695
81.5231
93.4017
64.1836
27.1281
163.662
83.4306
41.0982
80.9207
156.683
222.24
56.1038
61.1431
121.033
32.5318
64.1799
57.7325
43.1243
46.4598
49.7117
97.983
96.0449
206.413
147.765
73.4726
158.496
28.3517
120.397
67.8614
68.4633
43.2419
257.723
28.3188
96.5229
206.666
69.3822
37.8432
30.2071
31.6447
58.9668
94.2411
70.6636
67.9208
221.677
33.2396
44.3988
31.75
53.7503
256.181
67.7055
71.5166
48.1036
203.703
28.7294
48.6942
69.5173
121.654
28.0516
39.4976
173.485
90.8405
59.7013
107.788
118.786
124.537
165.925
54.3568
61.4944
30.8452
135.133
188.94
35.6011
42.5059
65.1574
147.977
161.875
129.382
28.0779
198.166
106.613
111.354
78.179
44.8214
56.6856
148.151
109.644
108.63
126.377
59.0248
214.828
33.946
55.7857
44.4515
64.8433
51.7707
53.4377
91.7308
133.427
62.0982
164.462
38.6073
60.7548
47.8601
41.6517
140.132
61.5897
63.6933
103.516
139.372
92.166
99.4254
62.8649
75.2602
157.92
101.044
105.287
50.6911
38.8003
55.0553
158.183
58.668
43.2033
63.9831
34.275
40.9377
88.7247
28.0763
243.912
56.3524
81.8109
38.0264
46.8264
72.2108
106.374
151.443
72.4699
62.146
179.7
47.9141
129.872
205.993
80.1522
83.7457
219.081
39.1515
26.877
129.591
36.8114
29.8967
36.6049
31.1816
32.389
34.1856
44.3042
28.166
79.0972
89.8802
179.993
42.3521
31.7706
107.15
135.16
31.9236
33.196
194.299
51.1153
175.534
38.396
98.9239
53.4692
169.037
40.0036
75.9548
126.199
198.345
120.081
36.2324
28.5785
88.3764
91.4944
87.2666
65.729
170.434
52.585
64.7289
218.597
94.8162
133.312
146.939
43.52
190.647
117.926
112.579
120.05
143.515
46.4755
125.321
62.0771
114.283
75.5248
65.6354
71.8478
226.552
158.97
70.8504
27.2559
42.5832
55.4896
207.882
153.546
90.005
70.5708
149.158
53.3639
66.0086
88.584
38.0642
220.301
41.7008
32.8707
26.7371
67.5529
89
38.1449
156.16
104.329
177.919
100.032
64.9406
146.35
49.4653
60.0205
114.986
39.177
196.15
100.845
161.86
61.8334
74.3316
222.112
107.337
127.986
146.368
44.4644
96.3709
52.9752
53.4259
44.1998
232.806
210.512
162.42
168.283
166.496
128.985
37.0231
251.444
52.8057
134.959
106.067
90.6863
26.4738
26.5241
36.6923
72.4896
42.2823
55.5786
252.597
114.583
126.822
151.516
197.156
46.9691
165.028
84.866
144.178
123.887
169.8
88.9619
72.9049
247.451
190.14
67.1647
81.3684
33.8876
86.5174
43.4721
29.4914
44.041
47.9572
215.983
83.8458
121.7
37.8489
37.2137
187.649
27.8306
171.706
31.3197
124.033
120.037
89.525
162.801
44.2401
147.727
105.026
113.734
128.543
30.4914
90.8604
207.574
29.1454
186.719
32.0611
183.31
191.576
173.169
221.418
141.724
29.9069
110.319
29.4509
68.5309
150.074
75.1813
42.4542
101.022
74.3673
45.9677
54.4768
43.3277
30.0967
178.857
89.169
34.9267
67.2169
56.3264
27.8465
61.6918
204.211
43.8378
182.323
46.8177
36.2099
55.6608
121.402
83.2483
59.5612
258.418
173.59
112.388
128.995
27.8596
26.6823
28.6331
41.0805
80.7103
29.327
97.5469
112.081
40.1195
239.523
59.0508
161.863
45.8592
91.8987
98.8799
59.1662
59.8238
42.4143
226.507
155.477
44.03
193.501
34.7558
124.277
116.92
29.0029
85.4695
38.2895
260.336
26.9135
46.2719
30.9993
76.8039
108.74
41.2734
83.8541
35.9923
65.1476
158.236
193.567
35.2364
62.016
73.8083
162.588
115.696
34.4486
61.0172
62.0819
70.1517
31.2721
58.2795
55.5254
64.096
107.438
95.1762
77.4409
77.0992
62.1728
73.4636
95.6496
26.6079
28.0471
100.134
63.5139
170.687
63.5764
60.2641
77.6141
137.261
69.3926
45.567
61.3019
202.144
142.2
96.5593
132.185
30.4882
103.281
182.075
75.0327
97.7225
166.376
44.2936
139.44
65.3806
49.8488
108.704
161.379
26.3892
41.1759
100.786
104.307
182.427
57.4897
42.744
62.4643
49.3877
44.5949
44.506
263.626
90.8233
210.311
135.273
137.695
135.237
50.3273
69.6214
54.8025
194.016
96.8459
64.7559
150.755
133.733
195.244
71.8345
30.7739
121.895
43.3392
52.9506
34.6073
197.073
90.4649
60.498
32.0264
55.4976
159.067
36.0671
32.8528
161.113
89.9154
189.125
68.5848
80.4882
36.2114
65.408
30.804
44.7713
152.191
68.511
39.0171
143.296
252.938
147.986
49.4964
27.5667
29.9009
31.8953
70.0382
150.59
29.4126
70.8203
32.265
146.981
60.496
131.609
55.4344
43.8644
196.348
117.369
213.325
65.2459
162.124
64.4862
54.7782
50.157
93.0125
49.478
48.7386
46.0926
135.931
56.2241
111.773
160.217
63.4062
123.53
148.971
67.3377
122.981
136.441
53.9953
53.0097
88.4292
47.9002
111.244
88.7544
87.6313
90.5163
124.898
71.5642
76.3345
93.6263
31.8979
190.258
48.8169
36.9143
76.6133
27.7072
136.791
81.8157
87.8619
210.727
54.0224
60.6095
30.0498
107.687
65.409
62.1594
63.1539
88.8932
156.804
33.7603
157.967
188.008
27.1528
137.392
122.128
117.485
65.5769
64.2626
30.4873
164.534
28.4406
29.5829
112.191
89.5683
84.6158
196.397
104.838
124.225
99.9615
38.8183
50.6048
114.059
48.4453
50.604
92.3893
87.8247
47.3923
55.6352
38.2195
231.229
67.8139
57.3947
175.484
162.923
32.9991
52.6597
120.038
155.826
47.6428
129.471
59.8095
27.7489
247.874
38.9234
136.219
99.1711
103.549
72.7583
80.1096
28.6866
42.4495
65.7918
82.0906
128.805
58.4803
116.342
69.7974
234.687
105.234
172.068
121.111
179.273
33.2553
139.848
74.2858
85.9826
104.666
192.197
37.2384
33.1605
226.24
64.2449
99.2382
63.9158
31.2224
132.776
85.051
38.0832
263.099
61.2649
83.4509
113.118
157.776
37.3116
38.4063
62.6575
65.4461
46.2597
151.022
51.6045
71.9371
29.6422
122.897
36.515
153.601
165.802
57.5639
43.1308
95.7558
36.1825
187.339
106.089
191.759
80.6485
118.877
36.8559
156.956
50.5528
29.2502
93.0513
89.1749
38.6868
46.8681
162.775
123.475
72.9274
105.6
88.8161
40.7211
122.782
106.192
59.5698
173.975
52.1755
35.1293
197.526
31.6589
44.7348
120.791
73.5056
61.134
160.89
159.886
45.9705
62.6762
112.66
32.2036
121.644
61.0436
111.915
51.3006
67.4882
27.5229
38.7652
108.986
38.9814
243.572
90.7445
113.322
108.829
211.147
92.5788
35.3403
53.4765
120.277
138.615
86.1376
30.2459
102.416
37.1996
120.457
31.8596
53.7898
53.2468
52.1192
102.131
69.3576
85.1251
34.8165
76.0577
40.0526
65.7394
49.1862
141.417
134.405
74.4812
219.247
65.3269
29.2007
37.259
165.919
110.977
130.756
26.7776
201.154
71.904
61.7329
194.235
123.511
111.997
53.5272
101.589
54.525
65.4326
45.8255
134.238
57.284
57.2973
144.593
172.671
157.582
44.8516
214.576
84.6268
26.7194
73.7361
123.842
78.0909
28.2952
56.7163
39.5837
66.855
51.6478
103.903
28.2686
177.898
239.021
81.8789
150.982
148.564
37.9488
55.5463
175.703
167.05
144.665
156.386
81.8688
164.253
242.814
41.5631
37.6724
88.5272
99.399
82.3931
75.0496
110.579
65.3928
31.719
43.4306
45.9286
100.614
246.423
192.293
174.426
83.5827
38.9112
94.2295
31.606
36.5567
227.113
207.058
27.7545
184.817
145.903
51.6244
33.6018
229.625
45.4839
34.8039
83.8001
117.947
44.9138
37.1818
59.2524
199.927
125.959
95.6477
92.358
59.4406
68.1744
46.6657
32.1793
124.449
36.5112
167.877
80.6193
41.5881
115.421
205.721
50.009
29.395
129.591
80.4423
38.5898
37.1178
99.8175
38.9364
47.4806
26.4502
78.6082
122.336
51.8529
81.2889
118.891
36.2059
31.424
58.8499
28.7165
48.4405
128.466
85.7175
29.9843
98.5693
252.713
194.549
32.2862
34.2675
108.914
114.143
133.734
54.8393
80.604
212.11
34.1849
45.1937
53.932
155.456
175.214
111.873
50.75
42.9684
114.912
116.809
40.6452
37.0349
112.062
89.0331
44.3721
193.209
29.182
39.0481
156.856
51.4098
26.9405
27.481
66.2693
122.215
83.5836
37.2179
36.5251
64.1935
151.065
43.1559
48.8436
119.691
53.5506
38.9607
130.826
96.8637
46.9446
45.2361
145.104
110.828
70.3697
111.158
28.843
156.332
53.483
26.572
134.429
83.2562
117.022
31.544
47.7904
120.627
146.008
67.0672
32.1003
60.6903
163.762
71.3894
125.446
30.0587
27.6271
135.986
103.738
106.184
83.7713
52.358
139.671
69.2829
116.549
31.5343
119.973
67.9143
47.9318
35.2363
90.6882
68.3929
233.107
87.1429
53.4152
125.223
137.447
100.961
176.924
166.872
36.4499
31.1745
31.6175
116.051
52.6485
77.0817
82.1816
26.7384
47.539
173.178
78.8021
77.6187
66.2849
135.153
77.6403
47.5408
34.7531
52.9165
116.299
39.6957
113.481
50.6589
140.955
78.7604
35.5548
65.1645
143.597
106.998
27.6462
93.9364
31.5146
112.877
228.479
125.064
42.6326
217.154
37.8849
28.7101
210.891
148.375
119.237
41.0436
38.9982
57.9486
80.1959
46.3214
74.1648
93.2119
68.0223
72.0784
194.028
42.3725
32.0317
143.946
114.418
129.04
178.007
74.0986
43.4344
34.6427
113.206
120.046
40.7964
228.833
41.5068
80.4228
43.8712
36.1271
55.626
231.15
75.2116
103.423
129.749
126.083
62.5706
71.6849
142.013
97.3703
115.904
48.6175
72.7855
41.5111
37.8624
38.9648
158.914
46.4386
127.374
40.0247
161.943
65.678
36.4723
135.574
120.227
70.9149
61.3617
143.797
158.239
102.841
30.1302
185.915
87.4339
69.5853
80.1633
131.737
78.315
52.0509
68.1885
71.8876
59.1211
151.403
73.5563
152.316
61.7337
62.0415
34.4782
208.103
85.6816
116.637
104.121
149.949
157.264
149.982
94.9416
131.236
187.414
57.65
111.785
63.1515
40.5611
36.5682
84.7069
31.454
79.1582
216.1
155.313
29.878
74.5058
199.405
102.494
26.4477
33.7171
132.47
54.5189
177.713
76.0783
97.897
60.2958
114.019
156.589
70.8812
71.6141
140.398
73.8326
40.7721
34.7035
94.4686
51.702
76.0257
249.71
58.9896
133.886
59.7626
47.1458
35.3282
52.2991
127.861
28.4537
157.349
41.8013
71.2357
60.8112
47.0035
53.6449
31.8898
67.3975
57.0494
166.632
27.6933
94.2187
71.6334
231.643
91.294
246.571
102.693
69.1018
77.6527
94.5498
200.539
121.782
172.8
43.829
52.9233
81.8854
141.101
116.306
144.436
55.9179
50.6155
185.064
41.8821
43.0723
69.3641
125.937
28.8293
113.082
157.464
62.2235
81.383
111.28
156.773
44.2981
81.8664
41.6158
50.7808
44.2715
97.9595
140.175
82.5651
31.4253
167.505
246.868
127.772
94.475
144.303
58.4053
106.598
55.3008
150.919
255.906
87.862
79.2945
178.184
118.815
32.9038
58.8754
40.6691
218.983
71.1628
175.145
63.6271
49.0078
40.861
54.7611
164.176
52.1624
85.0638
33.5136
113.481
135.528
144.028
95.1265
67.2149
133.521
106.138
68.8061
109.61
154.287
70.1804
47.591
185.414
75.1908
50.617
132.172
50.5464
55.8327
57.1359
113.332
44.015
92.8317
158.435
44.6589
33.8839
32.8231
145.109
97.13
26.5754
163.737
29.064
98.6896
48.4821
195.531
81.9015
71.1688
181.823
38.9973
52.8349
149.857
254.366
31.4575
26.433
182.318
63.9671
75.1337
59.333
28.5165
103.479
114.192
85.2403
58.1216
202.133
102.174
115.906
59.0742
48.8821
44.9501
156.766
41.733
215.349
170.352
217.657
49.957
184.91
108.528
236.61
56.8497
28.128
101.814
195.257
58.0457
105.149
185.343
218.825
105.006
50.094
64.7093
224.441
200.566
97.1505
114.128
89.7132
244.571
67.0434
105.797
90.0275
221.248
65.2621
91.1591
258.056
119.372
28.3154
245.927
123.291
74.8378
33.282
52.2951
54.8595
121.74
128.914
68.4096
134.728
77.0094
49.4597
186.623
32.5306
157.635
204.509
76.3691
172.005
148.949
153.535
63.859
77.9703
211.173
98.8728
36.7941
48.5614
37.018
121.268
37.6455
126.314
96.2257
39.5617
54.7065
47.6269
55.6914
38.3562
34.0187
51.7056
31.4731
47.8229
30.8821
28.131
140.672
33.4929
112.269
73.6231
98.0986
69.1699
31.9959
89.9552
32.7905
153.208
103.905
167.312
251.229
31.6724
132.469
41.4424
89.7338
38.8587
32.4173
34.6912
71.0337
47.899
181.427
135.954
163.953
149.114
89.0066
96.1484
233.395
44.9704
101.34
30.441
137.79
163.803
49.6508
194.44
237.769
52.1956
90.5452
68.9549
101.305
237.361
101.069
51.1939
117.68
183.206
102.982
68.0747
43.7303
135.43
188.589
131.165
70.727
56.458
142.595
40.7708
79.0213
36.2601
48.1784
102.871
85.6864
52.5845
123.32
28.8245
45.7388
40.1877
153.922
30.5194
86.9296
45.6958
37.1147
48.0404
74.5868
37.1021
36.1818
147.315
87.1276
135.301
151.606
117.298
125.954
61.7194
120.026
258.884
220.88
35.1431
34.2717
104.996
41.0812
77.7541
92.4421
185.514
200.989
56.9065
33.0708
31.1374
34.8509
74.4348
63.7118
78.8751
62.9121
35.9878
68.8083
106.809
118.904
93.6559
29.6238
42.6493
53.3965
64.0498
128.478
28.3911
167.629
67.3643
59.2943
62.3755
28.0188
59.4642
85.7659
173.77
29.5988
150.137
139.385
66.4006
58.252
259.384
27.7479
139.624
224.961
62.4611
103.825
259.859
82.5043
86.5937
30.8999
88.275
246.933
81.98
134.424
83.467
67.9615
31.2173
59.0189
138.787
31.7694
70.0299
39.5664
136.483
75.4545
210.416
26.6317
75.1081
163.321
193.211
260.097
122.721
34.789
155.812
93.9864
170.075
128.645
82.1397
48.5002
37.9569
91.8933
263.255
33.0314
39.1433
30.306
39.0089
53.1024
114.95
70.2309
94.6177
29.9924
91.2487
90.4799
28.9152
76.107
53.7146
149.536
39.973
126.314
138.202
180.994
27.1983
157.111
94.9093
69.6079
30.1257
39.4524
63.3203
63.4709
126.575
125.425
45.8902
123.722
48.952
58.2883
81.4007
98.4815
35.9172
99.3531
111.794
158.913
152.182
126.788
119.172
28.8432
76.713
31.7738
100.593
80.4916
49.2116
130.255
32.7937
38.5422
179.472
250.387
165.965
132.114
174.345
85.469
73.8126
47.6719
122.352
118.225
28.459
128.398
58.6867
29.527
78.1876
47.5934
33.734
53.055
57.3232
80.2814
77.8855
189.53
94.6248
195.755
94.7398
52.7744
34.0625
34.4236
67.5285
62.6123
104.933
55.4661
110.134
184.598
55.4828
205.742
96.824
47.6396
80.2669
126.774
46.1701
90.0898
41.4622
53.3595
49.4577
108.359
34.9456
156.365
28.9562
44.7674
38.1293
256.198
30.1537
49.9743
165.466
33.6791
94.6803
78.9719
121.425
35.9317
44.9807
93.8385
44.2936
39.0756
38.6638
91.3293
28.1273
52.9536
65.0132
143.644
64.2218
93.0485
182.241
181.129
53.722
216.192
105.308
31.5812
157.477
239.931
27.1099
96.9235
38.4029
65.1476
123.116
224.895
86.2409
41.4894
174.175
195.354
252.393
52.1183
43.8284
140.207
75.9226
251.441
34.6907
56.8661
183.607
97.9632
49.181
77.2402
70.2818
206.933
46.1131
105.906
97.1394
67.4622
91.8737
78.7272
103.696
88.6187
85.9554
154.014
174.204
78.8355
65.2296
28.7672
43.2653
121.82
57.0972
155.235
30.0635
96.6276
93.6932
50.9737
105.802
126.007
72.2193
98.0625
96.424
93.7446
28.4696
96.5149
95.2239
37.0402
35.7667
36.1476
161.116
64.102
86.7085
62.4403
70.7155
41.7793
84.2724
33.3275
36.9847
57.825
178.421
96.3783
38.1731
118.456
142.36
46.5897
27.8223
49.642
234.344
176.958
109.261
180.603
86.0064
182.009
147.331
143.011
75.6302
158.023
27.8661
37.8138
50.6679
95.5034
196.225
181.388
94.0632
89.2334
40.5021
213.781
66.2772
34.675
57.3662
166.579
119.294
29.1473
120.343
68.695
49.2787
26.5255
89.9641
153.25
55.5672
53.7924
30.1939
42.5965
73.7191
110.877
41.0976
95.4456
72.3918
27.6166
142.834
27.9488
115.865
45.9713
111.782
199.785
100.548
193.627
174.404
39.3652
95.3497
105.139
152.045
40.5664
35.7995
49.3344
72.4997
68.1306
69.7285
116.075
79.0795
141.606
102.754
34.6132
55.8564
56.4281
141.671
42.1962
69.4079
51.1881
110.352
33.9784
101.852
36.4172
110.955
43.5526
50.9248
129.851
119.299
243.824
191.44
43.8738
93.6524
27.3071
35.036
98.4995
42.2552
40.6853
107.066
36.7875
208.187
46.5549
139.078
117.318
84.8526
30.9583
207.26
48.7466
143.871
30.0631
31.0967
52.4466
30.5513
51.2393
89.8785
58.6061
130.04
37.1218
101.776
201.344
41.3054
36.4066
81.1185
129.964
91.9778
223.31
38.6028
76.5197
226.812
38.2549
184.389
34.6038
43.2411
36.5588
92.1389
156.651
30.2992
236.855
164.725
63.1926
85.7393
93.0567
70.8875
40.2684
133.395
63.3683
146.345
232.812
64.6839
108.337
65.6387
261.078
116.531
114.996
40.8952
149.605
191.207
28.1724
214.864
133.241
61.5841
73.4667
29.1386
73.3479
89.6923
119.884
34.8476
27.2235
224.705
93.0081
123.48
96.9674
33.6106
214.323
30.4979
56.9725
36.8154
211.036
97.832
59.8623
47.7141
79.8137
54.5198
97.1861
215.428
45.6699
145.403
35.4876
97.6707
62.5592
175.04
202.056
55.1533
49.5129
38.5671
99.8779
170.815
28.2641
206.908
34.3305
224.085
44.5504
34.9148
205.023
39.9128
36.8158
88.1109
174.74
44.8831
73.3325
103.551
192.69
51.684
96.0322
87.1599
59.3431
112.792
67.6614
34.5757
26.5489
56.9381
34.1035
124.143
138.438
151.286
77.5807
173.089
93.6347
30.8192
157.855
121.173
215.696
108.7
199.433
95.0411
112.561
64.7689
62.9178
43.8027
68.6097
89.1123
54.0799
246.594
31.7853
65.2327
164.794
28.4633
103.386
136.751
30.5935
164.369
42.7169
112.846
100.777
57.9674
53.0043
28.1358
168.954
36.2915
96.8809
104.726
92.9764
44.6834
55.0481
65.7417
87.3671
195.923
32.0262
202.195
159.226
131.571
254.143
212.282
55.8195
43.4625
64.1769
121.253
259.011
139.584
172.516
63.4815
138.886
43.1163
47.9114
92.0501
169.041
48.8657
64.8411
72.0619
102.187
68.041
32.5502
76.5842
48.6351
31.2155
32.4896
40.9421
97.5965
143.872
36.0823
47.2087
35.0079
207.553
62.4661
77.3078
101.097
169.559
50.0301
75.2547
29.3177
40.0689
40.2831
226.923
123.13
131.923
179.574
173.948
66.0385
28.3288
67.1807
55.3918
76.8488
221.809
31.6508
47.8425
34.4739
172.763
151.234
195.011
44.7195
113.991
56.9064
123.906
30.5828
224.364
88.165
122.665
67.3765
35.5081
56.847
59.8759
130.438
162.376
42.6943
37.5147
66.022
86.8492
55.2873
31.5164
40.8538
40.7109
180.206
47.3872
39.5279
160.304
77.4726
48.8551
233.391
41.6874
114.911
37.6978
33.7687
36.8129
64.9013
58.1304
100.851
28.9194
52.1835
73.4103
47.1042
99.5693
53.9619
171.993
78.2614
50.9812
100.072
46.4881
180.971
137.778
181.639
29.6184
165.61
155.54
60.9373
98.1635
106.191
244.584
38.1148
120.509
60.0752
136.383
51.4847
122.073
39.4068
209.267
43.0448
116.407
83.4132
106.732
128.515
109.193
41.9366
36.9132
73.6451
153.871
225.706
52.8905
48.5759
39.7931
131.852
85.5085
70.4503
43.3834
73.5946
46.1595
108.118
138.919
49.3947
71.7854
41.9877
43.8325
84.9884
78.0159
28.5399
233.208
83.2338
132.475
207.789
72.729
101.343
36.8766
171.309
38.0053
68.0428
63.6631
85.4141
111.681
125.595
106.265
41.0033
54.2269
54.1097
243.381
151.437
40.0471
123.427
70.1542
108.728
103.741
26.6387
41.2478
198.177
36.4868
93.9514
131.994
74.1834
129.763
57.6316
130.237
48.8878
85.2408
59.1314
35.1773
51.3281
139.786
79.7785
45.1855
55.2578
56.075
155.487
44.7584
190.421
167.855
63.8149
103.575
132.876
78.5588
37.808
154.288
134.607
53.7925
37.4436
170.743
79.2491
200.085
251.566
29.2278
109.895
146.434
38.9194
156.55
54.4781
45.4222
89.9602
48.0663
39.4115
84.7425
78.3728
64.6791
40.8857
47.3084
185.854
263.635
45.5466
66.8822
37.8973
70.0683
149.167
49.438
72.8534
252.18
28.5342
48.4666
77.766
70.0451
37.4374
36.1353
105.724
41.7072
167.503
67.9158
52.2604
72.1798
72.8511
70.3619
132.94
151.695
75.0198
156.923
53.3418
112.916
29.7321
50.1266
104.276
35.8219
79.7508
118.027
47.9366
52.4103
148.15
71.9765
38.2366
35.8988
81.9523
27.9887
51.8858
129.931
33.9332
66.9686
220.78
186.56
173.004
126.179
38.1303
147.024
132.646
90.3998
112.31
59.9116
28.0761
64.0604
59.1729
105.954
130.347
107.747
59.9371
57.0045
64.7963
50.8613
31.9804
100.444
104.768
102.523
47.1775
30.1472
92.471
94.4233
38.1824
52.3836
142.413
124.312
59.6918
30.9776
125.312
93.7053
37.8912
126.337
59.4002
40.6553
154.329
137.371
113.178
62.8729
174.439
29.0835
207.709
102.266
104.534
216.075
61.8508
54.2914
147.958
98.5358
37.732
36.9353
55.5799
81.289
30.2649
50.289
26.6442
34.1387
57.6044
111.356
52.736
33.2754
36.5771
53.7421
101.483
149.906
254.886
48.314
82.6182
116.073
34.4454
37.7975
28.7355
29.1236
65.9653
223.818
88.3787
119.909
73.4179
33.5183
105.088
94.0568
157.626
94.4534
253.563
33.6517
59.0255
81.066
101.312
122.839
82.7245
49.9046
102.871
198.622
83.5251
27.7119
70.0286
38.1396
126.74
102.659
53.0505
111.007
121.441
82.9941
74.3952
86.4777
80.5955
27.1292
160.071
173.239
46.7309
49.1862
27.8132
62.9624
38.0291
45.708
67.0858
103.821
41.7655
84.3724
113.385
51.1103
49.524
122.177
30.3665
74.1355
107.906
43.4869
179.512
79.6088
52.7012
93.2865
28.5871
98.8826
79.2987
204.177
39.8546
135.261
116.939
70.9106
28.4947
84.6489
53.696
73.2582
34.2679
86.5524
40.2531
57.3634
61.2108
129.559
58.2255
59.7585
74.5873
116.31
71.003
127.415
59.9084
81.6157
57.5938
238.641
146.237
116.459
41.1029
160.98
70.3499
46.5465
65.5127
181.372
102.276
130.697
101.186
27.8375
73.8414
38.3583
62.3575
70.9464
106.199
169.84
212.751
44.8717
108.66
101.586
163.161
133.176
32.0344
131.778
44.0309
94.5325
68.7384
69.9235
47.3874
233.908
216.629
170.62
127.768
30.877
86.0244
29.0091
120.539
33.0757
34.8789
139.262
70.208
70.3424
93.567
70.9169
251.244
142.252
162.15
33.2858
108.267
67.9294
43.2384
224.473
241.42
33.2369
76.9649
26.4622
102.895
74.4736
112.3
54.9257
36.9501
72.8049
31.3897
99.8447
27.5058
61.724
28.602
219.669
145.78
60.8637
34.8159
148.89
140.362
48.411
90.9809
118.246
156.546
29.5924
59.3823
34.8349
62.7844
120.989
46.624
232.835
180.815
110.304
32.07
156.681
191.723
166.588
202.318
29.7619
29.5339
221.604
148.519
28.0808
41.7517
37.5682
50.7987
146.184
43.2355
101.74
40.9245
93.5688
54.1497
67.9356
79.7178
27.7127
68.6321
42.3874
111.46
170.462
97.7223
236.879
38.109
51.6927
144.833
154.8
202.998
31.7777
82.2084
45.8623
161.959
106.499
166.613
52.7725
72.5144
148.652
101.716
67.8664
27.0364
40.593
108.802
37.4103
68.5442
38.3681
229.829
47.2801
30.6168
62.4831
32.5204
141.509
48.1262
199.405
147.364
64.321
254.062
39.013
32.6466
33.6943
95.7665
47.5676
30.4965
37.0105
150.549
49.201
123.269
73.5399
59.4262
117.119
62.2512
44.5826
58.6005
43.0789
98.517
27.2543
101.48
64.6409
47.066
31.5461
31.6468
190.811
56.3108
124.896
46.7327
204.642
102.885
47.1506
171.717
68.1535
114.098
62.3818
54.7407
35.6694
40.1057
38.1113
33.4178
88.076
155.303
263.165
59.6973
27.1908
211.233
193.047
188.382
111.983
233.705
34.7465
31.9544
131.881
44.7402
109.255
51.059
28.8916
51.2818
138.166
68.2521
90.459
74.418
43.737
40.0575
105.485
66.4411
123.989
36.6607
30.9455
203.051
31.3006
106.766
54.5676
58.3125
187.962
38.6899
30.9171
53.915
34.5512
212.098
129.554
143.474
30.4421
53.7453
52.7502
76.6554
73.5246
139.005
38.5741
33.3987
173.694
118.273
57.2037
121.352
104.143
52.1108
32.8037
50.1253
29.2977
43.6155
45.828
57.2137
83.4146
79.5074
57.8444
113.494
95.2252
151.904
80.7417
49.0454
82.8684
43.4213
55.6082
87.615
49.5509
194.336
46.5148
90.1551
260.745
92.0604
46.671
77.5933
32.8028
86.7686
143.684
52.6479
58.7155
139.045
40.7898
54.5392
60.9253
37.4615
36.5352
33.7292
67.0353
220.746
98.9648
71.3639
96.4236
52.1676
68.7759
64.0258
111.776
71.9778
30.7543
40.3173
215.715
38.0202
126.528
134.606
28.5114
61.2761
162.623
55.4506
105.284
29.8754
111.161
174.901
67.9726
149.545
161.248
57.256
68.216
50.2415
61.9195
194.416
34.8168
58.456
36.6937
28.5807
30.8494
107.359
56.6885
144.058
139.822
47.4242
179.684
81.6338
30.2118
62.5662
87.5738
137.063
92.1022
107.643
38.2116
31.2945
105.34
41.7783
84.1041
45.8554
207.553
169.354
89.9631
66.9308
89.2796
39.0111
41.6224
94.504
49.0974
60.3998
47.4942
209.631
31.1946
87.1338
186.547
81.7741
62.2592
45.5844
57.3115
135.548
211.792
133.263
94.7408
39.6109
71.0972
135.337
130.623
121.784
65.6393
64.6343
72.7203
111.712
32.8418
135.912
67.6632
65.7803
36.8088
31.2056
45.8992
28.2609
41.1289
31.7055
93.1385
58.1768
32.0834
195.779
56.3923
173.242
97.374
43.4358
133.108
36.1582
103.302
68.6475
63.6908
108.878
100.077
29.6818
27.5075
246.13
42.0933
30.187
116.55
45.2012
31.0989
64.1762
30.3112
40.8581
71.4757
81.1279
39.7275
37.4622
150.075
98.273
35.3318
132.394
64.5625
49.3696
191.75
52.0803
27.1532
122.079
84.0128
72.089
30.6839
28.4164
37.6541
48.3479
60.0606
163.677
59.9946
76.2374
29.5065
63.0343
53.347
60.1807
50.6678
52.9543
168.598
66.5114
55.4354
238.016
30.2158
115.392
36.9425
26.4391
87.2841
154.049
72.4718
100.385
62.6158
49.3147
210.787
108.697
110.017
113.508
124.332
165.897
43.7145
67.2549
28.6935
97.1319
47.8287
33.6224
96.6329
87.4314
91.0019
27.5673
75.0464
83.3136
90.8624
74.5125
38.4134
96.3658
80.8694
34.5298
47.5471
40.7898
113.826
140.831
96.7525
38.4586
81.9529
134.266
63.8184
115.059
41.9897
48.6632
144.991
92.8402
107.653
108.02
112.008
41.1452
28.5549
216.191
62.5796
152.185
113.195
95.5268
78.5394
32.5288
63.9565
48.2789
128.694
113.468
47.9567
199.874
75.6979
126.092
38.3157
201.416
45.94
202.685
47.3289
140.53
32.6263
39.5322
69.9559
110.749
40.8714
53.8242
112.248
93.9189
129.925
126.03
74.4344
55.7675
59.5088
56.9459
160.429
43.6804
27.2117
30.3522
65.814
183.97
86.4235
107.852
43.2652
78.5484
119.889
168.664
40.4917
52.4239
39.3788
67.1833
105.664
33.1243
146.526
221.716
30.4484
216.129
33.4929
47.2773
73.2411
42.2975
131.621
59.9061
28.3431
44.3232
71.175
173.044
94.0805
56.1445
61.9207
41.0797
57.4437
29.4024
82.3811
222.292
197.906
31.0895
213.817
47.0309
145.699
193.449
34.6385
63.999
40.3658
52.4055
60.7404
261.186
87.5326
64.6921
150.272
117.077
79.2242
31.6275
54.391
184.397
29.0126
39.524
100.519
207.18
219.293
90.1515
58.8275
77.0057
254.581
34.4258
147.691
104.74
28.7335
159.99
208.666
49.63
62.3472
159.514
28.8382
36.1915
106.487
41.2098
68.1404
30.785
49.4441
70.7469
46.7562
74.6554
44.0826
28.8021
139.722
101.942
41.5784
68.5502
45.5152
36.8204
74.4649
153.664
91.7997
146.881
87.5002
67.8008
165.853
127.074
58.864
182.602
41.3054
64.1618
52.8849
49.9674
28.7241
42.6194
214.084
106.913
103.863
221.632
99.6996
131.236
66.0834
112.872
116.915
41.9734
47.0065
76.1052
151.308
150.745
132.313
234.948
44.3823
36.3181
54.0206
82.3197
151.951
238.545
152.922
39.2639
52.732
122.123
87.6076
90.3053
159.118
85.181
207.428
83.3392
105.781
119.408
40.0851
34.9069
115.314
43.764
49.5177
63.5329
33.3236
208.715
41.9355
42.5718
64.4986
124.131
61.4637
35.1764
82.2108
137.15
29.0455
84.167
38.6108
80.4697
32.602
108.625
42.5882
35.0182
41.2423
58.5165
70.3422
89.1604
170.272
53.0876
29.1842
34.2266
110.926
73.8994
72.9747
122.084
32.9643
61.6207
38.4175
54.8825
69.9412
99.1755
106.425
89.4623
99.2997
38.2169
94.6279
152.238
154.087
159.735
114.332
121.313
48.4722
36.0342
78.7519
61.458
80.3098
108.091
66.1764
89.7316
73.8386
100.84
65.8136
114.537
90.7115
66.7254
112.708
96.4836
90.6105
90.7922
96.5048
174.795
92.6401
51.3199
132.296
27.6563
80.6934
69.6919
32.8513
130.132
86.6214
148.415
54.3623
119.714
103.046
43.175
99.0594
29.034
64.7709
117.528
241.555
128.321
112.206
174.883
117.134
52.5399
167.934
128.453
93.6231
65.9224
26.517
222.018
66.6937
31.255
28.5716
151.904
79.8469
78.9614
41.0914
45.4297
49.7943
74.4112
142.367
84.0611
42.8034
32.2368
88.0117
33.4789
96.5113
135.454
144.77
45.8128
51.551
59.3329
158.668
26.6293
36.4557
252.216
65.1497
167.816
63.7314
147.618
187.263
45.7656
28.7658
36.3936
248.243
110.2
68.912
118.831
36.4969
54.5193
37.0124
40.2726
27.6433
51.7336
85.1616
41.9619
29.2722
77.8698
60.9539
38.9129
93.6955
35.3188
113.222
54.6264
152.923
160.954
55.2204
159.797
68.8877
111.177
53.0384
129.539
147.129
80.2478
203.321
146.885
228.764
36.1352
119.271
102.209
63.6842
173.211
114.25
38.9424
82.1741
35.4961
75.0499
206.111
35.1462
138.839
134.165
63.0504
166.889
220.208
174.493
81.1291
174.951
244.134
93.3509
46.1942
80.2718
98.6214
111.627
113.036
187.28
47.1602
179.43
55.4674
236.392
72.3867
41.0275
94.2907
58.0838
153.281
134.783
93.6615
143.615
164.719
45.3145
49.5743
227.274
146.152
84.8121
99.3663
107.817
47.186
29.3591
41.5422
63.6118
166.887
89.867
30.2177
127.502
49.4899
79.3197
57.9535
51.6149
91.5337
144.774
64.1142
41.7499
222.647
109.129
32.2886
93.0206
128.941
105.051
57.6211
57.9333
45.4341
63.2327
138.679
49.2025
102.008
115.658
71.7774
29.6074
255.289
246.315
30.5347
122.087
48.8609
36.6748
64.1344
53.2012
96.1727
94.8764
151.686
56.6413
63.2229
37.9638
32.0232
216.092
63.5308
94.2995
114.885
34.56
42.4663
69.6668
85.8689
35.2744
127.934
63.4814
55.6191
33.8052
45.6229
42.1535
87.1934
68.2695
42.6642
45.3528
51.6061
43.1994
26.871
135.267
30.6101
91.888
150.891
66.2392
74.4616
110.583
57.2587
57.5585
83.2413
96.8037
116.247
76.1119
125.192
88.0733
198.879
174.038
135.932
33.4212
43.2983
84.6228
102.446
51.4232
260.794
48.3981
85.2997
148.406
79.0776
202.569
208.531
146.392
46.6404
103.276
51.1783
101.633
220.991
60.8161
59.4737
30.356
109.664
72.5913
219.335
60.7087
97.4764
186.233
118.315
235.215
101.962
64.3554
61.2245
40.6269
59.9159
45.8307
44.9662
44.5742
34.9752
147.177
111.507
85.7464
166.623
175.199
79.2685
94.5779
101.014
50.2816
86.6456
130.467
34.9853
46.7195
70.5356
50.0274
34.8128
38.1261
48.9306
72.594
81.7144
121.326
93.8008
195.08
105.831
168.31
67.5571
197.249
39.6907
40.8435
150.013
40.8064
86.0469
67.0008
91.5562
88.8875
45.3328
73.9665
116.781
66.5773
86.6597
41.0765
84.4239
108.655
42.0984
106.56
146.528
37.2155
41.1415
69.862
116.477
187.844
208.693
51.7758
153.537
61.3542
122.753
79.5035
123.208
74.9036
77.1555
84.0897
50.2092
49.9555
32.2408
49.0594
121.406
248.282
29.8741
246.803
28.4631
101.012
115.601
34.5762
41.1126
108.74
66.9175
58.4829
97.5428
58.4454
114.928
75.2302
76.6289
117.909
71.4135
185.435
39.9688
56.0374
189.753
145.452
70.1643
192.052
44.2135
83.4862
96.6532
47.1932
108.939
29.4701
52.5043
27.4396
78.2071
64.4889
68.6447
65.8808
174.401
59.5077
67.5426
70.6369
38.6382
192.547
83.8485
86.0605
117.173
48.1468
83.4122
178.273
71.5891
38.1758
102.71
95.8282
78.4241
83.7647
217.779
74.2845
40.2816
209.122
71.8309
29.1562
258.44
56.9285
135.878
48.1294
82.4373
87.6184
100.187
33.6852
71.8896
45.4793
139.099
105.555
85.0188
90.8269
212.131
37.4211
40.9336
49.5116
61.3081
117.925
44.4938
40.8834
30.2261
130.057
185.571
46.7005
74.9647
108.268
27.4895
129.413
34.928
34.8535
81.0371
213.574
76.5168
39.4569
44.3867
95.5996
30.1674
114.278
182.156
128.228
104.556
203.429
82.0416
63.7608
59.3676
49.7543
65.9619
55.9142
103.07
90.6178
52.1266
68.5497
126.617
35.3935
71.0854
203.27
80.606
92.1158
83.6831
158.171
82.4634
71.2784
64.0314
126.476
66.8036
124.061
121.863
99.1796
90.0887
180.172
71.9768
101.81
55.6115
118.563
245.314
133.27
81.3693
38.0545
40.3877
36.6221
61.7526
145.836
28.8377
85.6218
61.0765
51.3913
64.0861
75.8124
167.915
27.8225
124.6
79.057
40.6701
69.0663
135.714
51.127
42.6419
65.4844
26.5738
197.468
29.2076
44.7679
66.0811
153.048
43.3247
108.498
93.2044
42.4794
247.535
83.311
174.435
111.91
96.8388
85.144
37.5597
64.4423
35.5597
72.6023
28.303
145.914
58.2632
114.839
91.9775
63.6803
100.178
89.6647
96.0277
47.5076
128.868
61.0833
64.0306
100.046
205.975
247.781
61.954
36.3698
88.3083
34.1496
33.159
155.471
65.737
254.693
57.8977
138.642
121.816
124.7
130.426
75.6582
47.3129
72.9201
73.6198
52.1534
57.4163
44.8284
123.193
58.411
122.73
197.052
36.855
28.4087
134.46
51.3094
226.081
101.614
32.5705
225.206
210.771
66.8964
114.699
245.132
101.854
39.1931
259.341
94.8973
257.526
95.0584
63.3443
35.1363
122.037
142.249
38.0088
126.753
116.213
47.9773
56.3083
86.7072
96.4879
55.4579
127.654
105.817
120.977
132.008
171.02
41.5165
39.0062
28.985
43.9961
59.7682
68.9729
129.824
120.502
72.697
129.164
208.226
62.2211
104.89
153.841
65.934
43.9559
44.6307
133.037
40.0694
112.022
177.627
81.4345
71.8104
36.2252
139.025
145.447
124.363
178.155
35.7143
109.439
123.047
102.486
63.0969
83.5505
82.5034
236.423
248.804
26.4518
112.812
138.783
117.154
37.253
37.3095
31.8476
79.9162
65.8022
241.054
80.9819
64.2848
56.7617
37.7637
35.0477
104.302
54.3023
32.6023
100.953
75.3842
83.2119
40.2405
26.8937
71.4168
236.989
72.2344
56.4186
46.4417
131.005
30.5055
77.717
72.1444
140.891
169.978
40.6893
35.3667
107.914
53.8209
45.169
88.4389
40.6404
103.271
51.8726
72.5053
47.3206
63.7068
136.173
66.9135
39.7663
93.1654
32.5687
109.364
90.2714
26.6847
38.879
179.294
91.2534
30.5672
60.4364
171.737
150.16
88.9329
68.5094
104.632
41.205
67.0385
45.8604
78.367
80.9417
193.115
50.7086
65.6894
127.674
209.285
109.341
56.6112
41.2841
30.6039
44.8997
85.6764
39.8807
71.6324
85.9323
88.8701
109.614
131.093
173.908
176.205
67.479
36.0004
58.8301
116.928
115.634
41.8556
47.4133
117.005
125.861
68.2124
190.293
41.3824
37.7304
107.451
83.0183
103.576
157.945
46.061
61.8769
75.6478
118.567
38.2586
52.8088
70.8746
56.1294
49.8832
75.365
35.381
37.9224
35.1654
41.8615
78.3747
135.274
122.085
35.6229
31.7712
70.7967
83.8485
105.664
127.03
141.508
180.025
27.5962
45.9261
64.3959
54.6036
224.395
107.93
85.9658
213.426
103.91
94.5021
118.368
198.278
72.9384
43.0372
98.3788
49.6119
116.936
70.4295
158.722
148.238
75.1377
133.125
156.154
35.4717
36.2167
34.816
126.382
97.6512
103.006
192.538
57.4258
184.528
68.1247
133.869
218.033
121.059
37.5285
48.177
95.1043
100.423
165.735
26.954
85.7056
161.271
121.573
136.601
52.1221
60.0044
153.314
62.6466
199.604
31.7185
98.6158
73.3571
92.54
113.219
183.825
152.343
73.8113
55.3403
59.7876
28.3172
114.238
44.7278
120.833
26.5558
34.6893
30.4265
57.1184
46.1257
31.8624
114.019
94.4746
200.034
28.4474
65.15
169.111
123.769
236.187
79.7467
116.821
259.942
160.722
66.3379
116.48
84.3946
29.05
46.791
31.6444
164.102
210.779
202.428
88.1838
71.9458
62.4778
85.1191
73.7711
44.6669
92.1953
134.731
52.5595
42.9515
110.647
35.6375
136.17
150.009
57.1705
77.5115
44.9491
61.5028
60.3875
44.7643
44.8598
38.0096
106.716
162.475
46.7619
204.427
141.119
69.5471
122.383
46.1253
103.686
36.8735
190.086
41.6752
41.4391
57.6909
42.9207
151.456
124.071
64.1369
258.051
219.636
110.227
64.8723
57.8236
26.5887
72.1922
124.114
32.8045
43.7505
32.6994
37.3387
88.3296
31.9049
96.2319
43.7532
257.323
190.823
34.195
93.1067
68.7858
209.17
57.0191
136.382
53.0964
26.4303
105.824
63.5211
36.2086
39.4016
46.5918
190.192
98.0878
31.3976
31.2389
39.4997
48.3671
40.6234
125.556
29.5754
59.3512
35.7477
35.8583
66.7191
32.292
55.1126
33.6102
72.2836
54.8836
94.6198
232.748
52.1527
33.98
28.151
33.6276
155.635
29.9405
41.889
34.8936
26.4713
151.089
232.214
82.2422
52.6264
40.5898
78.9895
139.609
140.154
40.6658
31.1649
30.3598
89.0924
131.34
213.099
96.215
45.0717
128.891
68.1131
36.5288
170.629
91.9189
29.9919
36.8201
140.422
27.1485
98.1149
35.3982
156.593
51.3314
131.052
168.562
139.839
190.115
41.7684
61.585
48.5874
186.348
74.3181
70.4107
51.4476
115.815
31.2295
29.9466
145.914
72.6053
57.4245
128.691
41.7534
61.3541
65.8574
147.916
105.649
46.4304
236.753
64.9729
59.7187
27.5108
34.5962
196.446
60.3141
216.728
210.348
114.658
147.25
31.0684
26.6865
69.4215
101.038
97.204
135.085
141.903
220.752
73.3254
190.38
51.6697
120.381
39.5455
96.8534
41.9181
114.132
81.693
51.6979
100.776
56.2799
96.0357
42.9422
163.57
40.6537
26.5631
180.436
32.4126
55.494
29.1036
54.9615
146.667
36.1572
117.462
76.9802
152.45
218.45
39.545
66.4459
121.911
221.553
49.6147
71.6243
40.6211
125.95
37.8274
65.6156
131.085
51.0225
34.5746
73.6378
34.5256
96.8669
227.152
111.474
139.094
175.231
140.839
64.5223
159.664
39.1731
38.7253
28.8478
99.6654
76.0781
172.732
218.287
92.4061
153.627
35.6938
99.0266
27.8106
36.6942
46.4457
102.267
34.3449
28.337
30.9541
83.1335
38.7484
122.153
80.9239
36.7679
94.006
77.137
168.279
263.611
33.2495
63.8271
215.046
116.24
63.5409
39.5345
211.89
246.203
79.1319
153.173
134.282
28.8751
41.1083
107.872
41.774
84.9557
32.469
69.2371
37.098
48.48
152.145
29.6085
40.7431
108.399
64.6663
146.413
46.8836
158.728
110.635
103.984
65.283
106.537
34.3952
125.516
56.3883
58.1659
86.5268
27.1613
51.1637
218.958
28.2919
151.903
118.875
46.2327
35.4026
47.7963
226.32
88.9989
96.9591
28.4194
33.0688
200.206
29.7549
34.6833
91.4574
179.295
49.1014
46.9455
43.9601
124.47
180.519
169.053
46.7553
55.6402
63.5613
45.4752
209.414
191.023
57.5527
90.3378
35.2312
71.2023
68.2009
133.709
59.1496
29.1639
243.387
57.4002
81.7507
62.9766
70.7588
146.448
45.839
70.9113
52.2109
47.1286
27.0689
28.0368
158.74
78.4578
35.2318
36.4636
45.1175
62.9678
154.791
65.4616
37.8376
84.1524
119.625
73.7099
133.396
208.025
137.314
40.0436
250.889
65.6615
102.547
94.3379
55.068
63.5091
83.3742
195.498
80.7661
141.62
86.7146
29.5457
115.148
29.3207
45.5064
91.2436
27.294
85.5731
94.5726
164.872
32.5634
29.9418
88.3351
60.62
70.8686
122.97
110.496
155.101
56.8346
100.54
50.4906
179.039
26.3708
58.3849
56.4739
146.412
75.3839
126.326
47.7398
33.9822
219.708
101.333
169.548
80.3227
95.1364
182.457
65.579
49.5127
62.6659
180.816
146.995
88.6895
66.3901
58.1443
48.9044
47.0399
100.853
53.6172
66.9369
103.689
251.982
45.2189
65.346
86.4774
161.755
64.3429
42.6797
155.022
54.2202
45.4054
35.4966
44.1873
81.1947
96.1939
32.2996
79.0045
156.212
33.1855
26.8051
61.175
176.676
198.502
76.5825
76.7745
158.827
73.7133
30.8547
118.179
61.6153
148.635
54.5332
59.8491
182.217
231.574
166.89
29.4141
58.2141
108.831
56.2989
113.962
31.1699
234.273
41.2699
57.7146
104.938
146.745
33.9743
72.0547
136.872
98.9515
129.739
26.618
58.0009
72.0543
31.6295
109.835
32.9663
189.362
31.3526
121.117
89.6063
41.0092
71.507
148.438
238.114
33.8692
52.1566
132.021
35.6808
149.674
32.0078
111.689
179.172
118.135
128.877
72.9618
90.3777
163.048
49.084
171.798
49.2206
129.91
122.874
237.431
64.5667
89.3819
52.7656
81.4
35.3142
211.248
93.1849
35.1352
26.8799
46.4562
33.8583
157.154
43.7855
85.4747
68.1539
29.222
52.5979
28.5971
121.923
26.4055
166.507
45.3931
48.1185
165.209
236.145
48.7197
209.258
35.6103
33.3512
28.3724
77.9206
84.9708
70.2901
100.039
53.8024
34.5492
46.7228
40.8457
64.1527
44.7066
52.9324
152.523
85.9284
95.5742
87.6689
220.792
137.156
107.698
47.2776
187.767
32.9772
255.182
53.761
54.9495
93.6591
251.95
220.773
79.7264
54.333
189.63
80.2232
125.402
81.4871
204.585
144.386
37.436
242.868
117.747
32.6164
27.9973
58.1486
59.5989
61.9913
242.074
156.954
48.6435
115.488
55.2514
45.4594
41.3064
33.3858
38.9181
71.8001
135.352
86.762
74.1204
110.337
55.6017
37.4677
80.3299
115.119
97.0523
118.989
37.1721
149.183
187.193
113.632
75.8372
134.711
33.6818
55.8605
68.4662
121.555
72.7761
38.7529
36.9868
109.532
211.092
233.639
49.3025
29.7671
140.983
67.5462
206.463
35.3772
27.9849
176.514
191.16
48.9262
146.249
60.9748
43.2614
34.2413
177.305
195.795
55.8202
27.7693
121.946
46.462
107.486
98.5692
28.9601
73.9088
69.942
102.675
174.555
187.533
116.781
67.7655
62.0008
32.2297
99.8498
33.6855
157.99
155.392
50.0544
244.741
45.9611
48.9954
36.8282
34.6621
45.1471
63.7157
42.2645
93.4779
50.0807
68.7091
53.5531
111.141
56.9429
110.25
114.598
156.457
40.6516
31.1463
85.4392
57.9788
84.2266
94.2575
136.038
30.131
49.072
28.6025
65.3378
59.7877
48.936
154.968
36.9181
84.7277
62.4976
81.7708
180.716
59.4025
43.6324
57.1364
113.721
66.0692
78.5697
59.8375
28.7089
59.9238
39.1576
33.2949
45.9222
157.861
28.3293
84.733
56.8562
85.8908
93.6871
32.0693
90.2822
111.136
207.101
38.04
76.2496
246.325
58.978
65.8611
130.442
65.6573
51.0634
53.6409
232.586
86.8931
91.9184
237.524
118.607
78.6946
51.6934
52.3105
164.906
240.526
51.0885
29.862
54.9721
131.946
226.193
72.3346
27.1031
68.7787
36.1648
146.098
101.556
35.6293
85.5227
81.9989
223.454
117.384
41.8129
120.364
117.932
91.6105
73.9766
71.9001
93.7842
108.321
127.785
152.106
174.984
45.7537
95.0094
112.615
145.229
146.112
170.433
95.2245
34.9124
76.3808
99.6086
97.4153
28.3205
91.8483
122.041
97.555
110.756
61.5679
153.576
37.8001
237.224
77.5087
116.836
159.279
31.903
128.702
126.575
31.5573
77.6172
41.7758
139.298
51.6941
41.2902
259.564
104.512
128.662
69.6485
30.6257
53.487
173.613
90.977
34.2431
98.7968
62.6225
34.8161
62.2802
156.936
41.082
165.191
158.482
216.319
151.385
28.7995
61.8373
44.6118
98.5047
67.702
49.9427
62.4828
37.6561
220
42.4978
36.6627
231.015
97.1767
42.3016
32.9625
29.6449
62.9419
72.1122
100.009
120.894
39.2873
66.903
234.778
59.0848
35.9473
36.6768
41.3267
134.565
36.0453
133.821
56.7027
46.1999
51.5244
74.8698
106.757
102.99
107.998
133.297
81.3599
87.9421
33.1701
96.9409
140.833
73.9459
32.2147
46.3453
98.0827
73.1937
43.1235
85.6286
68.456
138.633
203.656
112.94
40.2562
255.009
131.785
58.534
69.6444
128.008
69.0261
58.4331
82.1015
58.3998
54.1228
53.715
37.0224
38.1592
105.146
92.4735
46.8223
162.137
48.0664
79.4732
42.8805
83.0544
70.8362
28.5908
97.9136
134.991
77.8982
104.414
74.4426
38.1439
55.7247
93.5139
26.8828
43.0836
172.777
73.3023
247.116
27.834
164.589
35.1076
65.5027
70.2086
30.6332
49.2787
112.62
115.532
45.0146
187.556
41.1216
80.5651
48.6858
138.889
117.352
223.978
157.707
71.7542
101.003
104.99
214.179
137.617
46.4838
34.7285
94.4789
45.6393
79.0026
230.142
60.8956
56.6789
101.979
36.0573
53.5577
50.5487
26.5352
37.7691
29.5145
43.7987
184.281
89.8882
91.0163
62.7514
48.3824
80.2712
100.527
60.6293
184.459
125.103
155.069
260.721
161.284
37.1034
82.6225
37.9337
82.1132
120.437
72.4357
132.377
35.9801
36.1904
39.3804
38.4278
49.4116
40.0006
29.6348
103.163
52.2086
33.869
35.826
35.6337
39.2489
83.6826
121.155
155.459
53.8119
68.7359
98.7274
109.807
65.0562
41.9042
208.885
98.0485
175.861
29.096
94.9353
211.36
43.1542
163.27
73.6871
80.8628
52.8239
163.697
28.3711
65.7242
52.1173
55.0174
133.542
97.1935
57.2633
172.771
89.7127
48.4258
228.546
195.245
47.5602
27.3273
54.8159
67.2669
75.563
44.1723
54.5441
28.1991
70.4303
109.501
76.0188
135.649
66.8145
35.7479
230.763
33.2151
81.662
129.396
39.3599
48.6702
210.313
254.425
41.4409
31.2427
251.168
76.1353
87.7482
37.184
60.9645
145.694
34.3134
70.7038
43.4496
31.8698
76.2912
84.7723
119.271
39.6579
73.7237
217.105
34.7564
82.3283
35.0391
127.959
33.1655
39.307
76.5033
115.174
92.0765
45.0746
38.2264
88.0186
48.6765
236.814
89.0223
41.8658
37.7585
88.0881
77.0428
33.8649
29.0221
55.9632
88.6835
29.7608
122.166
72.88
79.5716
46.8754
40.0928
111.223
67.6156
53.3316
83.2535
31.2111
97.8293
39.9673
179.357
28.8129
118.62
77.2293
56.1727
119.435
33.6736
37.0168
69.219
36.5636
70.7704
97.8782
41.8921
36.1375
29.0976
147.393
184.865
76.1601
66.6203
61.4724
183.91
166.038
53.7429
211.953
27.4922
191.318
51.4459
241.03
52.6746
79.6359
71.6872
63.3712
84.8863
39.2117
26.5822
199.585
155.647
32.6213
38.3917
53.9384
140.844
132.298
174.626
43.2999
83.6278
245.81
174.994
64.3101
92.417
34.192
122.835
125.938
90.7648
137.045
79.0259
101.781
140.23
84.1266
230.629
173.234
59.3986
115.522
34.2401
35.5792
64.7822
89.7133
31.233
89.0278
145.748
211.67
111.565
111.706
80.7518
169.969
79.0789
35.7778
109.318
30.6633
76.3985
95.4321
108.381
125.22
68.3529
32.8234
86.8692
63.6935
176.313
81.2609
79.4515
48.4804
125.526
46.6719
35.8611
50.7936
33.9358
169.843
39.0822
241.569
36.0682
185.366
80.2162
229.728
81.925
122.899
94.1403
71.5098
134.474
63.517
32.7155
102.416
62.9919
155.557
121.727
111.448
27.9735
82.838
125.079
193.147
55.3625
126.289
46.4392
255.187
219.09
138.738
38.2096
55.9619
45.063
43.6744
67.9737
62.9232
149.865
144.419
215.545
47.486
111.299
83.4957
164.82
53.3002
59.3721
255.883
31.3573
71.2263
109.015
80.7926
52.8447
33.8271
138.64
210.575
68.6778
89.7503
89.1303
148.234
34.3008
34.9629
107.267
66.3919
35.4507
107.318
93.3991
186.387
127.736
56.027
43.8398
74.0717
108.309
117.268
45.6665
32.1203
41.2575
38.5175
135.407
90.628
102.263
49.6984
180.937
56.5424
43.7635
28.9941
56.8173
98.8017
74.4538
110.135
66.9322
72.8922
40.9954
149.431
66.2708
68.5046
63.7018
76.4848
26.6014
56.6824
254.015
33.2562
156.591
30.746
129.158
72.2021
38.1334
40.389
101.455
99.7143
232.975
35.115
51.9459
55.381
59.6145
32.0695
59.5261
30.7919
28.0197
78.4189
160.438
35.2811
178.526
34.1499
128.486
31.5476
34.7966
71.9955
199.201
230.631
101.874
94.3984
35.9363
30.8291
129.544
162.364
32.6315
121.905
42.17
74.6707
103.184
36.4361
62.0266
43.7285
155.63
50.2417
181.161
157.982
85.4199
83.3944
85.157
68.7415
80.7611
36.3134
198.207
96.4809
246.302
102.341
76.392
182.061
81.6713
153.163
219.23
114.576
194.822
31.8855
38.0183
78.1998
225.756
61.8814
42.4459
73.63
95.1981
51.4343
160.45
86.638
103.706
117.848
81.5889
91.6095
123.054
182.637
26.7381
47.1494
179
54.8044
130.809
102.412
28.8192
42.7524
117.046
69.6136
67.8059
129.041
81.5425
213.649
55.2743
58.561
218.328
36.2699
27.3555
126.458
84.9714
52.2058
193.444
159.886
72.9862
50.8494
42.4584
81.7606
35.2983
39.2022
66.8596
96.284
199.822
143.906
46.3039
70.8121
68.4798
113.562
40.972
78.9825
49.7311
52.3624
184.041
149.57
125.636
81.8172
82.4925
147.211
64.055
31.2896
27.3155
29.3087
78.2796
46.546
78.59
130.351
178.535
29.6172
117.943
48.7776
98.1393
126.115
162.157
79.7712
29.3041
157.036
263.7
28.3844
59.5631
30.6808
31.812
72.7241
215.84
33.3792
145.057
140.357
58.411
142.382
53.9697
100.434
64.1883
80.0235
246.857
187.734
70.8504
119.659
149.565
57.4816
26.8454
47.0669
187.646
178.008
86.2706
57.8312
120.149
172.314
27.1874
30.6005
130.148
84.6062
81.4391
51.0418
61.8975
148.384
42.6305
95.1647
180.192
233.57
97.7046
35.4652
35.4755
38.5106
102.451
203.085
200.402
63.3142
77.5619
218.099
69.9344
56.8094
39.0857
93.668
59.3524
100.977
97.1077
26.8074
134.942
68.28
109.8
34.4623
63.0344
77.3404
87.5543
49.2578
47.8581
155.978
33.4761
123.283
37.9145
79.4452
104.154
37.9806
48.416
260.211
50.0198
67.6847
51.237
28.3039
35.4535
46.0061
184.881
92.4557
72.1406
65.6235
115.894
177.317
38.6546
143.373
77.2343
106.353
40.7015
56.9621
31.8679
199.573
44.8213
138.977
119.415
115.453
77.1368
32.3677
39.2823
215.462
28.2392
177.171
57.5196
66.3726
259.047
162.104
134.418
71.9664
27.2874
217.348
92.9144
70.6054
38.9915
108.528
74.8873
95.7275
58.1842
28.4616
69.5174
40.9525
31.875
98.1845
26.4651
120.695
67.5964
40.1467
42.7048
260.362
61.369
40.058
149.33
27.8665
141.536
46.7457
115.485
116.389
70.4838
63.8399
26.9241
51.1365
59.3435
67.5125
127.797
45.5774
196.074
93.1467
234.19
172.311
65.7642
43.7341
54.2431
71.1044
54.7245
36.3297
203.453
153.078
131.967
78.0972
101.529
73.136
70.2932
245.438
197.959
41.8219
154.791
89.9309
84.9818
74.011
111.07
69.8082
30.4115
86.0478
120.041
153.584
76.3835
41.0994
100.24
27.5143
159.499
185.12
75.6336
102.574
39.5719
58.6816
56.2971
59.3956
109.728
35.028
127.895
71.4732
119.737
92.5142
97.0564
27.0247
39.9227
43.0138
38.2355
38.3431
177.683
128.765
30.3765
119.749
110.279
34.8894
91.0642
69.1425
116.836
114.28
46.3246
91.7867
36.8924
36.1451
185.698
180.432
94.176
51.2563
208.187
26.4265
99.3154
78.8634
29.1946
75.6068
243.485
36.1992
96.8224
112.989
83.8918
42.6574
36.541
109.54
32.8311
57.4056
133.235
43.4474
27.2642
26.7033
81.9292
81.7599
212.804
35.5144
49.8335
73.5736
110.927
42.6073
155.979
31.3277
39.9346
112.825
66.5479
195.338
133.656
39.2916
34.3506
105.049
60.0671
40.5191
116.377
64.8177
54.2377
52.1597
36.9018
36.6536
47.884
56.082
40.4183
83.5598
37.8871
129.993
61.4522
136.312
105.456
131.207
111.862
122.893
27.4015
98.9766
36.7862
71.5868
187.067
29.4885
35.8198
53.9092
85.2844
99.376
36.0762
102.418
92.5385
73.9204
104.089
30.8999
93.0189
178.564
82.0481
27.0872
133.856
92.6211
111.431
143.009
235.433
47.0653
90.3919
103.147
84.2985
105.095
186.143
149.613
156.709
43.5876
61.305
126.972
96.2024
80.641
228.565
78.2326
123.311
76.6821
34.2244
55.1421
53.3227
37.6132
125.926
121.174
98.6641
260.156
28.8244
199.849
76.5114
81.4459
98.1908
174.138
70.7666
27.3995
61.5979
72.895
39.7563
170.551
147.161
118.539
28.9231
60.3893
48.0225
38.8178
100.066
168.895
185.494
96.9681
31.2838
228.92
92.9256
39.4892
82.5437
98.9985
117.285
88.3045
56.319
124.944
51.4281
66.3618
115.374
32.6585
155.251
231.028
124.627
28.6892
136.577
204.237
60.8656
190.132
27.5817
28.2612
239.234
67.094
44.1865
28.248
186.941
94.6791
67.4738
59.8516
64.3758
28.5195
111.998
40.1154
57.9447
240.374
141.547
155.63
172.798
35.2482
29.9508
71.7147
213.984
27.9046
36.128
58.8711
79.5691
240.527
29.631
107.037
51.8679
35.9655
190.733
125.519
35.6792
156.858
209.625
39.076
30.2732
27.8423
76.3482
48.5289
48.1388
115.481
52.0745
58.0655
39.8159
153.879
95.076
169.123
44.9484
65.6625
75.6611
197.876
261.388
66.4474
73.1834
152.871
55.8329
86.5105
241.091
113.206
37.7867
180.513
159.524
222.721
247.096
96.0071
76.3095
109.239
87.6764
56.6675
131.855
248.457
101.858
110.358
245.528
85.2632
103.139
172.751
217.42
134.138
86.6903
60.6185
35.062
194.71
67.9507
179.723
48.9679
34.9568
48.3865
143.624
65.7987
77.7871
135.519
70.7155
72.4192
120.309
156.599
34.9339
86.6634
148.187
130.591
66.4962
91.6073
61.9716
49.5531
76.8356
85.7059
120.24
157.375
60.0287
68.6365
38.5065
48.3217
81.1425
68.6423
43.6933
143.231
51.033
28.14
126.25
71.2355
33.9801
105.264
217.643
48.8619
35.7294
60.2655
77.7493
40.5768
38.4398
36.7151
80.3529
39.1898
163.024
73.9327
117.771
52.9391
230.61
43.1026
71.5244
182.973
128.683
55.9323
120.772
82.937
66.2293
99.3108
30.3758
185.036
27.206
209.436
31.9106
230.637
43.6825
116.384
45.3076
81.8684
34.6947
68.4039
69.6469
33.8962
47.4818
131.986
138.855
61.1862
41.5123
35.7098
68.5728
99.0961
40.8282
81.6591
45.5616
202.159
48.4458
157.675
51.011
184.131
31.1056
220.229
54.6769
27.3667
44.0116
35.4159
28.9579
102.841
110.89
89.7762
193.428
74.7734
188.887
69.2521
45.0018
36.2311
52.834
57.0681
47.317
58.2805
141.113
28.2654
258.334
33.6661
38.3421
92.4421
49.4381
41.3999
45.1282
78.2532
47.8263
73.095
207.403
165.625
63.5293
31.0853
40.2662
194.471
97.806
46.824
129.653
212.297
115.1
143.051
209.631
88.642
53.2091
225.192
37.0799
57.1107
35.8255
35.1974
124.758
90.6693
30.6085
79.971
240.239
201.193
79.9394
165.231
65.3645
41.2631
28.6262
79.0957
106.658
42.5421
32.9753
71.6099
81.2908
47.6804
173.467
87.0751
30.501
105.334
232.848
102.121
36.4149
50.1226
89.2027
143.186
41.1451
32.8791
216.877
69.5912
101.125
151.273
46.3109
91.8089
156.893
181.638
96.7627
195.816
201.472
44.1655
63.8567
26.3777
107.037
167.163
106.388
80.9431
42.4058
116.815
52.5918
66.8424
81.9135
198.739
121.421
104.322
35.0599
87.9403
95.7793
233.615
42.0708
56.0117
165.015
42.2972
30.9014
205.602
166.518
196.044
67.1145
70.4163
225.786
77.8576
39.6202
179.094
36.321
29.3332
99.3456
46.5252
27.071
90.5386
69.9013
170.525
99.8218
36.3851
44.5743
112.532
88.7192
239.063
86.0272
30.6806
163.833
179.204
131.126
84.8865
29.8638
49.8549
35.8631
52.7255
52.3076
54.6077
139.832
37.0113
59.8305
111.249
188.908
38.0804
65.1052
112.016
61.4127
53.6437
59.7036
28.3513
39.0252
86.619
52.5986
49.9346
46.5169
127.27
92.7814
40.4008
52.9708
162.304
145.529
164.614
100.273
255.356
72.5611
80.85
34.7122
85.8716
65.1779
64.8494
83.8422
104.304
48.0823
102.959
26.7806
38.6361
54.4942
114.522
33.2269
43.7398
46.8602
138.131
82.9466
32.2683
33.674
51.2387
58.4963
62.1402
155.075
61.4269
130.11
65.2436
40.0531
92.3489
174.362
127.312
194.689
66.284
47.7799
40.3916
53.4651
202.302
100.715
35.4421
38.7807
226.125
81.0018
131.556
125.296
49.8559
123.696
30.561
139.436
183.313
64.8773
104.727
33.1217
149.422
67.5017
90.288
35.2645
169.184
34.2593
206.937
99.9718
26.4499
34.5799
95.5844
89.1877
156.875
42.0084
30.2101
54.2104
77.7992
90.7407
51.5098
37.2449
139.881
235.258
100.642
35.386
164.359
73.0364
90.5089
64.6876
36.464
162.176
143.99
41.0467
28.2364
49.5031
35.2637
235.069
89.3003
26.9166
121.25
35.7624
46.4539
35.7465
93.4744
30.1157
165.831
36.3489
66.1192
45.4028
116.222
58.2279
38.8301
214.39
81.7194
217.505
66.8836
130.823
79.2264
40.8723
41.882
102.252
192.598
56.5826
49.1061
193.309
122.864
73.3765
28.3445
54.9652
98.7893
27.8378
105.228
45.9248
119.858
228.992
111.303
82.885
47.4456
142.146
73.572
99.7422
79.8611
50.2099
98.7198
183.936
73.5105
43.949
238.248
37.0015
37.8859
152.18
74.2087
45.1419
117.365
70.6115
57.1466
149.914
120.001
116.409
249.234
75.5531
56.5217
91.6501
87.6633
147.811
156.701
37.3767
59.7065
192.763
35.1411
65.5041
203.623
48.7484
132.942
182.123
121.705
110.549
175.381
105.764
27.7981
56.7701
45.7273
37.82
88.6155
28.425
31.669
98.4232
101.236
75.7132
91.9154
53.7948
199.501
77.7021
36.064
46.1171
142.955
144.828
172.191
101.544
185.349
38.975
52.145
49.9062
37.6791
28.4619
30.5336
85.3519
65.7179
56.3512
62.6051
185.183
47.4742
150.379
64.2241
61.2303
51.2854
47.4801
52.855
43.9499
85.3763
61.8042
34.5337
71.0089
70.6449
35.0432
36.0339
58.9943
52.4719
35.2035
186.979
200.952
105.6
81.325
66.4573
45.2147
66.2913
133.588
76.7984
35.2442
65.8991
167.053
186.493
76.1222
44.6939
87.782
45.3278
35.8355
186.402
171.078
151.136
39.3934
81.5988
121.542
168.616
36.0871
89.2284
161.489
53.1777
39.0586
54.7907
63.2286
75.2745
36.7568
54.5407
97.0244
100.736
236.631
66.1198
70.6282
68.9445
168.953
56.4453
72.9864
57.7685
118.882
111.476
32.6826
87.7323
38.2982
94.3871
193.425
91.8602
38.9606
211.391
92.8414
151.702
72.0499
163.162
58.5284
117.53
59.9034
29.0274
32.925
50.8349
206.851
79.5091
54.2634
185.174
27.5995
67.5555
85.1176
158.833
43.4675
75.3838
67.7106
105.847
223.31
193.052
27.4204
70.101
78.3919
64.9169
165.628
132.184
54.0225
100.587
174.214
30.8624
155.532
38.4328
152.799
96.7506
33.0501
49.5254
153.629
34.3985
221.164
53.627
44.6041
32.6511
102.205
77.5912
72.8815
43.3185
164.668
85.5609
40.607
38.5393
48.8046
159.767
51.2791
184.978
223.171
37.6394
49.4813
70.6022
104.966
76.2694
95.0972
42.4667
29.4287
85.6888
175.082
181.72
57.4486
90.009
125.575
82.3426
34.5438
70.7698
40.3267
204.297
57.4696
124.747
80.2392
48.6156
200.785
135.185
77.6067
263.682
90.4593
75.1626
91.4157
69.2672
27.6992
75.7238
32.4164
106.654
29.47
156.741
33.3757
38.125
81.6686
101.159
155.439
47.2122
263.228
115.884
51.1169
122.427
68.5564
152.703
258.692
45.4247
152.413
132.65
235.376
138.622
92.1125
44.5771
75.4345
57.0691
241.177
79.7635
63.5141
48.6453
212.747
75.6845
41.2551
48.0663
100.352
112.875
155.655
53.9557
124.432
42.9157
55.5204
61.0197
109.059
64.6367
67.3073
197.647
44.9953
74.9452
109.176
90.4344
49.1172
78.4638
174.946
100.546
55.863
65.6427
33.5476
88.9747
44.4866
99.9895
110.899
118.261
151.635
115.89
42.6175
43.8482
40.6314
45.0366
70.6144
80.1619
30.8898
161.972
104.731
195.152
36.0635
111.267
117.261
109.312
56.1575
27.0188
156.862
169.963
158.433
65.4579
257.549
176.633
59.7239
59.79
73.5659
122.936
97.4228
87.6967
36.4042
130.736
116.715
229.423
101.464
65.5224
251.786
93.2377
154.127
120.306
60.4657
109.901
131.758
34.5818
181.73
74.9929
124.311
44.0138
45.7695
241.541
98.5085
59.1581
100.217
34.2696
159.208
243.312
178.266
42.0877
118.292
62.336
61.0066
57.5313
127.411
95.1345
30.2997
54.7681
155.571
54.5781
155.042
173.775
174.585
93.4206
80.3346
158.966
56.5964
27.1824
56.2973
157.318
54.5168
52.4977
62.7959
53.1927
89.0743
69.6631
70.3277
146.165
162.911
53.7496
43.0271
41.0514
74.1853
26.8274
47.2739
67.686
45.1822
114.301
82.082
71.2946
50.955
98.6945
58.1497
53.0619
140.961
155.887
27.5997
50.2828
105.178
38.8465
50.2043
51.3425
92.0591
39.9817
167.787
95.9834
180.429
78.2847
66.9362
96.6319
57.1136
128.132
121.724
54.5897
239.39
157.355
53.9427
27.5772
207.611
148.683
57.5231
40.5631
160.104
64.9172
172.686
27.8977
84.1214
145.695
206.81
250.724
148.434
42.5465
101.276
41.8803
34.7066
142.366
73.9092
74.1023
122.848
31.52
107.203
105.636
48.4411
262.807
71.6421
119.421
45.2633
34.5513
34.9468
125.767
56.7422
44.9286
75.9604
225.136
30.035
61.1506
62.0776
118.855
87.1454
116.488
54.7005
48.7414
225.453
66.7861
51.1319
33.9279
28.8344
27.3202
33.133
28.0699
148.686
41.4953
65.4155
145.39
70.2082
188.019
27.4039
236.769
55.7656
82.2052
140.749
64.7389
212.26
116.976
161.6
128.698
193.211
55.1233
139.709
43.7426
93.0587
61.5765
61.1422
52.7266
37.8409
33.8552
38.7206
133.098
52.5849
134.323
28.7038
40.1398
62.4988
97.7885
205.794
52.3368
156.333
85.8805
50.2882
189.634
41.7717
97.2752
160.006
59.8193
165.598
150.513
77.9226
51.464
35.4037
27.8955
80.2847
136.404
43.5288
42.4904
80.7347
34.4956
54.5203
109.209
223.224
37.6225
104.154
200.713
46.5888
79.2528
138.034
134.676
66.6956
143.54
47.3625
68.2878
30.6944
152.818
27.6117
45.5463
146.358
59.4566
79.2102
49.7423
147.907
82.5004
168.095
34.5037
172.773
64.5509
55.8443
35.6752
54.4362
50.5131
87.2488
195.097
128.628
44.004
28.2008
224.602
180.077
35.6442
136.431
61.0933
115.62
223.606
134.895
169.893
191.012
41.6516
116.197
34.5991
89.7007
105.273
122.683
123.859
152.138
61.9683
99.1495
76.8423
39.5174
72.8107
141.391
38.9922
47.855
37.3339
59.8068
105.272
64.7641
122.407
54.9481
207.265
136.729
158.378
129.943
140.426
72.2031
77.788
92.91
32.6105
31.2832
75.8181
101.21
44.4695
109.503
64.5275
38.2328
66.8275
29.3195
123.596
65.7895
56.1862
127.423
55.2893
73.5938
82.0702
93.0691
191.934
33.0191
106.511
72.5793
86.4346
49.9864
103.424
59.5016
75.3908
28.5319
40.4511
80.3992
199.168
185.513
74.6009
122.62
26.9595
37.1944
76.8679
56.6147
121.62
152.175
68.9799
262.152
99.8394
39.5542
182.117
230.925
30.3375
147.728
31.3439
30.9243
157.435
52.6587
96.0666
238.353
90.3677
40.0798
52.6129
57.5902
69.737
112.558
251.112
50.6671
76.3435
33.1325
60.5863
96.58
143.185
49.5668
188.519
105.72
27.9507
31.4523
262.995
53.3934
127.196
139.475
38.6545
133.102
73.3433
259.163
95.1351
35.1343
36.415
91.325
29.1259
104.883
117.599
31.5441
57.5145
72.3484
61.1052
263.737
53.2712
154.704
128.663
75.8888
146.469
55.483
26.5234
39.1155
32.3359
196.557
217.099
49.2008
65.2029
90.3876
63.4341
35.973
109.684
50.8609
99.7113
81.8779
212.246
50.9231
30.7299
88.5096
27.4308
89.9683
55.1538
35.4438
41.3078
104.755
175.792
30.5665
66.9899
74.1145
242.071
46.9703
41.6675
57.3947
65.9406
61.2097
77.8808
42.2544
114.177
97.6402
43.6774
37.5542
128.834
71.6351
120.045
84.2166
43.2364
35.7973
64.6793
136.222
118.222
42.1888
135.759
87.3339
138.577
64.1988
101.122
219.473
43.3829
236.444
98.1393
54.7141
40.7713
64.4048
125.478
56.8151
158.514
87.3423
76.8429
72.0833
79.4928
167.88
62.1889
104.311
36.32
90.6357
127.972
54.0895
69.2461
36.2109
48.4452
109.668
75.4192
167.48
167.037
101.568
51.3034
57.4743
47.2387
175.935
26.3914
30.5028
67.5599
160.896
166.216
148.468
60.0791
104.149
102.154
66.5531
144.889
84.6368
35.8026
82.1678
85.4254
193.711
41.0195
93.8945
237.708
36.5291
115.515
79.3218
36.0718
44.567
183.425
75.9615
47.9846
87.5256
57.6483
40.514
66.8066
61.9375
85.6464
30.0715
55.0103
49.8813
199.144
68.0238
37.4133
166.493
47.5493
174.756
136.68
89.7674
207.115
37.2552
37.7982
44.1865
98.5048
71.1696
44.8897
53.4799
155.439
109.138
54.9087
48.5651
57.0164
36.8859
107.017
217.413
87.7766
107.44
77.0883
77.4384
95.0433
36.9952
40.8667
61.0813
57.4244
198.639
33.9632
26.7978
157.566
65.6898
33.2677
69.1776
85.0265
110.349
65.2775
43.3735
263.443
77.5627
46.4481
124.243
30.7258
158.845
81.5334
81.2085
31.0552
97.7433
34.2028
58.1749
144.136
86.965
70.2305
31.1803
51.2184
38.49
31.1513
99.2498
39.4305
85.5357
53.5295
34.5514
139.92
139.238
33.4498
41.9474
43.5508
96.102
30.4212
130.67
203.404
29.3665
68.7978
44.7488
59.5322
251.776
144.892
55.8019
69.1513
35.7582
31.857
132.821
31.0809
79.5717
58.9512
70.9991
45.5678
32.8824
45.8672
212.033
50.9256
87.0933
27.7085
31.3968
31.7178
158.184
67.411
40.7497
185.173
127.6
70.4679
37.7767
27.6916
47.0341
28.0912
96.6838
87.0304
256.187
105.172
75.7654
33.9005
206.843
54.9994
39.2785
50.014
165.276
179.862
158.106
57.6992
171.847
154.856
66.9861
29.3174
157.454
227.846
139.209
53.833
111.518
32.3469
43.5574
125.351
63.0231
83.7401
33.1729
60.7894
81.6432
60.7129
107.652
108.722
93.4672
66.0732
54.5635
50.1336
46.2066
73.6516
38.427
38.4879
57.782
73.9884
235.355
47.0189
62.5388
87.6208
27.7606
85.5255
97.4391
58.2895
83.5312
29.876
177.717
80.8891
146.467
50.376
156.319
200.636
60.1096
178.067
37.6502
36.4266
105.415
153.981
47.6432
74.2626
236.968
41.6387
35.0354
86.8354
50.0133
77.7099
38.4951
59.6537
45.5152
46.4069
163.348
37.2919
174.852
37.8884
69.8043
54.7697
42.3962
114.901
51.4852
102.343
85.618
243.181
59.4921
139.142
50.194
80.5931
60.1498
139.266
41.5646
191.82
199.468
119.213
85.7609
49.1863
45.94
53.2751
167.315
80.2134
193.9
253.461
74.029
59.1155
65.1788
221.292
53.6752
130.292
85.0514
27.9661
215.101
245.886
99.1973
70.9945
61.9512
29.367
33.4704
221.822
88.5148
95.3644
101.001
133.119
76.8541
85.7675
82.7877
58.443
70.1863
34.8371
35.7061
43.3301
214.219
27.5415
82.9697
30.8786
104.618
258.807
103.292
68.337
154.679
44.3686
52.3379
60.5433
37.1854
36.0654
116.251
121.148
81.711
211.571
43.7345
178.842
126.068
117.405
67.3363
36.7443
55.9088
32.3581
31.1672
26.4682
122.061
120.505
27.1685
115.256
50.5695
170.269
139.94
145.841
40.052
69.0881
53.388
115.613
37.168
59.0177
79.5359
142.634
29.0793
68.0827
27.7587
71.9488
34.4531
33.9221
115.912
45.1754
177.207
172.297
31.6557
145.812
166.292
71.2897
48.2511
36.6698
96.5376
38.6451
29.2787
93.0614
38.4479
26.9098
192.343
37.037
49.0857
84.8173
42.6041
89.8809
106.417
90.6222
128.019
117.255
152.307
198.315
50.7302
81.3725
28.9009
43.7241
35.1759
189.146
44.1341
185.389
72.8541
36.9359
54.7527
42.8013
245.227
204.162
48.3304
143.824
88.1841
140.198
80.9081
126.85
131.619
116.532
124.009
166.199
114.96
72.3634
52.7152
61.6725
193.31
217.635
41.2265
131.392
199.357
108.745
111.693
41.8781
115.586
115.075
116.385
162.861
41.9179
54.263
48.4877
231.748
169.861
123.169
188.441
191.14
132.188
123.004
35.0686
63.011
89.1573
56.4683
28.6724
74.3945
72.0502
154.111
44.1921
91.1234
29.0113
56.1228
133.398
82.8458
86.5277
36.6921
69.8102
133.634
35.592
31.7991
65.6411
227.85
250.263
164.848
205.912
44.9014
219.686
113.293
39.3332
27.0414
113.438
156.374
208.021
186.058
55.3206
114.661
146.183
59.4737
49.2665
38.9818
150.972
243.027
121.64
97.582
50.3859
51.0784
64.4501
35.987
164.011
28.0962
60.6746
29.3033
43.2567
42.5181
40.7352
39.2036
54.7208
80.499
72.841
53.5117
187.48
31.0418
46.241
47.5928
82.7706
90.213
28.9714
48.2975
110.849
39.4512
151.724
31.6539
31.4097
57.6224
137.92
58.0223
186.842
79.4223
80.5445
29.2645
54.1823
183.022
61.0555
65.5481
185.093
32.6049
221.342
101.223
108.292
243.647
195.985
138.932
92.777
60.8975
163.482
46.4947
147.704
141.247
162.117
86.4196
66.1091
93.7457
49.7477
133.421
108.581
106.303
47.4506
89.9712
88.2102
48.1659
29.8313
157.243
94.1753
112.628
85.1539
28.5112
120.59
34.3817
30.1589
42.2379
88.5659
154.097
27.169
193.693
55.7851
55.3891
94.595
44.8797
56.8049
58.1983
46.7518
83.2577
98.2807
80.7993
69.9937
53.7533
39.5942
111.74
138.322
129.693
124.417
49.4832
88.9315
26.9351
29.1139
193.602
87.3982
50.9554
203.485
88.6978
61.2915
58.6196
41.7263
105.632
26.7495
26.7711
35.749
137.77
45.3504
99.3527
48.2199
133.065
39.6492
56.1058
33.0034
109.026
128.632
66.6932
62.517
103.056
235.678
173.441
31.7056
164.277
149.486
69.5099
37.0024
41.1756
38.3514
47.4774
52.96
29.1715
27.4646
61.6949
194.093
43.8178
124.045
84.206
94.5508
34.0394
148.23
100.023
78.7066
141.336
219.529
67.6079
64.2887
57.4035
61.8042
99.1028
163.831
98.7786
43.7347
43.1958
157.422
27.1548
56.1665
55.7565
41.1974
116.57
89.7011
92.3416
27.9066
192.907
43.5131
78.0768
30.9728
97.3631
53.968
125.997
109.604
208.925
57.5536
34.4852
215.757
42.3451
89.9288
31.7538
61.5828
151.468
194.58
90.0258
36.6017
113.469
36.0346
89.4387
44.4706
183.057
82.3991
71.156
30.141
133.642
244.695
31.4797
64.4666
31.6088
48.0309
252.624
140.85
105.722
140.035
95.388
98.4271
48.7877
125.751
26.7223
82.3302
31.0889
195.559
71.8297
37.5032
53.7184
28.5411
39.274
28.881
218.73
27.5732
29.7077
35.1533
74.3652
102.414
33.8117
44.6677
86.1708
51.9247
75.4148
43.0922
37.3646
110.29
51.8302
120.768
112.015
180.996
85.2522
35.574
181.185
114.142
74.0125
27.0377
41.2652
132.843
65.9945
193.904
89.9929
46.1591
210.032
47.7037
45.5684
74.0551
53.2075
124.388
85.6023
175.579
228.428
140.954
154.189
61.1837
29.3212
38.9553
86.7675
87.602
128.87
28.5179
36.1292
109.578
71.1473
178.748
58.9768
134.776
27.3433
34.1934
196.959
105.802
185.191
139.484
49.9754
62.6954
49.7839
119.028
44.1773
50.7252
51.5318
26.8322
141.497
49.3742
29.6484
122.454
126.45
76.4207
94.25
90.6838
69.5932
40.0799
248.424
188.423
144.571
33.3599
65.3258
30.5137
48.9437
137.406
50.7727
43.1503
27.8587
96.6678
99.852
112.562
111.496
152.145
57.412
52.3237
100.937
102.778
145.621
93.0201
70.2329
72.546
96.3778
147.872
246.252
124.349
127.592
48.7922
184.103
129.457
70.194
87.3146
59.2471
30.1506
174.358
45.2689
51.9043
127.792
175.286
183.091
58.4112
30.5779
70.0283
65.3797
60.5599
106.894
146.705
123.409
32.973
45.0943
53.1946
155.534
35.1993
102.568
50.1619
33.7572
65.574
119.281
73.0214
152.549
126.738
165.366
43.6635
73.1514
80.5179
79.816
106.884
83.4216
149.339
68.4586
73.6518
130.218
91.4061
70.6471
207.31
30.543
57.2781
27.6398
72.9117
109.797
182.842
27.6288
78.8622
43.1024
65.2078
163.222
35.639
27.8763
256.299
42.9437
76.0774
67.3862
30.5038
80.1413
48.2249
56.9155
252.427
69.2223
27.8899
56.3313
59.6254
40.7015
52.034
47.5652
60.7753
71.1077
73.0081
42.5599
62.8322
132.991
74.8632
144.492
124.156
40.4641
205.028
171.265
59.7633
176.497
141.843
87.8997
35.0535
120.998
156.495
53.5737
197.671
27.0878
122.361
130.011
29.047
89.2747
74.4373
65.1634
160.062
94.5409
218.223
82.2933
56.5024
105.696
79.8635
30.942
55.5232
252.671
43.1016
67.8221
33.0259
224.188
80.945
32.4917
26.984
162.288
67.3144
95.9955
41.8014
35.9967
71.4591
103.951
40.8217
31.3258
34.335
83.1135
33.0911
114.489
48.0411
69.4246
108.672
60.9572
98.7125
94.1811
78.9224
176.313
107.611
167.74
67.0385
40.8416
187.722
69.1196
190.658
80.2226
30.1523
41.7448
88.8771
150.909
59.7115
228.912
52.5997
104.134
99.0706
100.672
58.5149
45.3321
41.2431
50.4135
103.828
27.4121
191.202
114.376
29.4093
64.2644
250.256
127.95
84.3945
31.8261
174.984
83.3668
109.709
164.443
222.578
53.3393
32.8803
97.4698
78.0164
41.1464
116.054
221.423
188.043
158.618
60.3386
38.6733
34.726
233.72
88.0296
140.28
66.2359
42.6315
89.9386
138.607
68.965
42.4591
48.1345
80.0174
50.2546
34.4169
153.324
146.418
172.479
56.6997
249.687
35.5451
179.549
45.4532
27.8379
41.2067
31.5323
74.0752
241.415
42.6822
188.583
43.8816
29.2996
103.327
202.107
94.6632
116.982
28.5879
46.9396
237.886
116.126
90.8413
59.5357
72.5604
114.052
70.008
89.0754
108.763
173.632
64.9679
247.278
127.459
135.908
127.415
147.219
231.928
104.977
121.585
55.4675
38.3005
49.6713
70.405
163.399
59.1938
26.7918
72.9048
172.983
217.193
54.0382
74.633
31.2071
69.4986
52.9835
180.981
126.461
202.109
80.8873
62.9516
254.116
47.8003
113.209
32.2602
32.5049
76.6024
29.2298
115.393
32.9499
112.758
138.402
85.1878
31.581
30.5824
74.1525
34.7315
27.0772
63.4572
59.6798
38.0327
31.6437
46.0728
38.1064
123.637
34.3746
95.5164
53.3894
30.1979
112.72
249.397
115.807
93.3099
28.2334
102.371
72.3459
168.501
176.203
146.553
58.9992
208.247
96.615
31.5332
26.3902
65.958
127.631
167.192
44.142
131.268
56.5865
237.744
90.0108
97.2613
69.3016
55.7036
65.3452
32.621
150.997
147.133
142.848
162.506
37.9198
103.564
175.27
46.188
41.3833
67.4065
58.3091
207.646
42.201
70.2723
136.886
59.3139
95.841
27.0873
171.402
58.1214
142.111
81.4993
87.4812
91.636
58.201
60.0015
36.0034
258.858
42.4073
80.5315
88.3176
68.2651
70.1841
189.548
53.207
27.6018
69.9113
244.881
195.575
43.9149
76.4606
149.626
111.517
29.8158
144.996
39.0368
60.0139
183.011
128.464
66.8875
108.473
205.802
65.342
95.5159
28.6407
30.8026
72.9589
51.3667
101.396
44.0817
189.523
36.3934
118.759
168.829
91.9865
45.9943
122.458
219.762
164.127
35.9373
242.354
51.1392
54.2645
97.211
67.6986
136.493
131.085
89.2038
43.4737
100.049
83.0705
79.7942
31.2952
41.0995
107.452
35.7349
192.59
58.6504
111.288
152.094
194.391
37.9793
39.4076
31.113
37.1863
56.2915
214.234
41.1294
27.6296
28.7308
65.4066
173.037
209.43
57.6032
63.8751
116.221
79.2983
82.3774
212.54
137.703
32.1216
91.5299
33.7169
83.0135
256.769
42.6829
30.3073
32.9527
37.6023
206.615
130.246
33.7691
152.907
59.4009
106.388
50.9356
64.6235
215.018
72.5096
162.47
40.6843
46.4711
49.1256
57.716
95.8518
53.4246
35.9566
229.757
127.672
28.6919
33.6759
232.93
120.775
107.119
58.6189
113.414
114.932
64.4208
54.7967
121.762
187.383
76.3038
176.428
41.9994
53.6998
37.8776
163.23
49.3785
64.2766
69.5617
188.702
103.498
48.7229
58.2373
61.4508
129.186
134.783
90.6916
56.503
133.105
111.812
33.3943
131.672
59.7008
71.7857
105.964
76.9777
205.953
55.1909
162.078
61.4961
150.351
49.4962
31.722
98.4258
57.7085
170.838
92.8921
116.805
41.8021
195.929
27.1921
74.2537
144.81
68.8301
118.704
213.713
132.901
64.9426
59.3127
192.693
227.951
41.077
87.8915
55.7947
64.0645
130.343
90.1512
47.0774
84.0093
60.2696
91.9912
175.308
241.05
204.751
64.5805
49.8368
44.7508
172.264
99.8414
81.6627
213.401
214.68
250.342
105.306
189.439
54.4194
30.916
42.4899
69.1378
76.4365
38.407
192.087
36.5772
123.115
77.746
182.327
27.8544
101.616
132.578
33.2886
43.4137
74.4632
169.234
30.884
73.1594
47.2921
102.973
71.8886
67.2366
117.323
177.882
54.0341
90.5871
120.693
238.903
29.6581
41.9575
83.995
90.3044
153.752
43.6583
105.236
148.527
86.7729
225.526
110.388
89.6195
27.7094
54.1028
183.354
106.121
38.7712
129.74
84.5758
41.4415
27.7899
103.459
64.3794
151.315
43.8449
122.583
97.1579
37.2414
67.3229
28.3031
38.3388
87.4182
42.1744
34.0869
34.5611
246.718
61.1346
146.079
40.6029
39.7833
81.5705
99.0426
39.9357
120.045
109.227
185.886
70.1459
99.0294
109.972
158.642
37.3781
154.684
85.8564
115.516
108.837
150.396
121.684
30.5761
59.1324
30.0914
176.772
73.6414
39.2567
207.668
132.75
63.0185
48.9346
167.124
102.969
245.421
64.2165
36.224
26.4998
99.829
105.442
29.6544
79.9652
122.861
67.7897
70.3833
32.5366
29.1219
56.7884
100.792
70.8878
27.8141
83.5628
47.3642
103.286
37.5353
103.775
103.973
47.6338
56.2
65.0368
30.068
162.616
41.1306
89.777
88.505
36.2502
49.9275
32.396
28.3232
194.149
112.522
58.6274
28.0068
137.38
117.369
46.5572
33.8244
87.0775
34.0734
165.468
49.7351
38.4158
30.2987
53.7151
221.326
187.66
99.159
161.286
60.2387
47.2498
28.5387
207.706
104.405
141.637
116.344
76.9434
44.4472
90.2131
48.1596
88.6177
106.856
89.2683
77.6027
53.5634
57.1597
28.9696
58.3779
151.928
48.9838
126.708
61.9148
93.9845
33.4805
146.428
188.962
77.9352
40.6727
123.536
46.9756
37.1281
153.665
44.2067
29.7165
178.663
34.8716
52.1223
83.4273
30.1033
193.799
146.59
111.547
107.885
85.7723
47.923
63.6884
255.201
149.879
98.288
31.7515
141.915
36.9058
52.7953
47.8632
88.8421
31.5707
125.884
35.3622
77.8758
65.9648
114.344
55.6273
113.3
78.0103
245.9
77.4917
38.2927
29.3967
51.5341
113.679
257.803
63.5058
126.348
84.0199
106.687
150.261
41.0355
31.0847
38.8064
36.1842
80.5927
93.2243
225.723
148.255
99.0464
50.3151
151.322
29.9335
127.118
56.3498
76.7863
77.0969
123.706
43.627
60.7888
63.5478
51.7926
146.703
54.7612
60.5716
55.2191
33.0637
82.7839
36.5604
201.48
159.599
179.845
81.8732
31.029
56.6445
104.882
144.66
180.145
73.1036
203.829
31.5508
171.978
32.4931
30.7008
41.7399
129.325
109.546
48.4435
71.0369
250.674
162.063
27.7321
69.7036
112.521
56.7254
42.5823
132.324
58.6871
243.338
92.995
86.4329
166.055
118.601
56.6061
226.547
61.634
36.0928
48.0132
62.7658
38.5906
90.6718
205.821
55.965
41.3553
131.02
93.7056
48.3979
133.141
64.2621
30.3718
178.284
149.26
96.9835
99.9564
34.9364
56.2219
150.096
44.4713
59.3011
196.295
121.3
116.302
129.978
29.7509
110.82
60.6347
95.9067
45.6316
233.119
48.1523
224.589
99.2655
74.5536
68.8804
27.0174
36.3013
90.419
247.474
157.494
65.1399
32.5094
48.3322
66.4586
34.1286
36.2629
90.1347
159.671
32.2379
73.9969
28.5974
98.756
164.83
40.0742
140.162
65.1635
32.5511
79.6128
40.2822
93.0145
52.1854
50.4473
45.4604
72.5097
143.195
91.2285
128.759
69.6323
74.7672
59.3915
44.4078
83.2757
62.495
154.609
30.4102
99.2536
94.004
95.7215
84.4444
61.1638
217.676
155.543
92.4852
74.6421
54.4291
29.1562
52.7767
205.044
34.868
54.341
107.564
37.7292
31.6163
64.3225
45.9885
119
64.2494
132.14
85.3443
44.8283
53.903
112.862
64.1441
56.9553
117.303
242.565
133.252
124.46
49.7795
115.33
184.77
103.615
112.865
179.981
95.7566
40.6601
109.381
29.8978
175.458
45.1549
103.074
49.3228
104.285
50.6204
34.468
77.4438
38.3524
178.141
46.518
73.4858
214.185
78.7772
154.255
71.126
51.9149
69.0425
195.875
67.0651
128.595
96.223
195.692
105.478
87.5793
150.704
55.4758
51.2811
181.062
82.0814
54.4669
88.4261
44.3833
100.769
126.6
200.792
192.999
167.595
31.3398
50.1657
110.848
57.0298
87.0795
99.091
123.176
75.7697
34.2626
131.52
92.484
40.1746
95.5022
40.6496
231.53
49.9703
87.5132
89.9952
35.8103
119.376
50.1873
171.183
149.333
106.504
156.152
113.505
57.6877
68.0047
68.2872
34.141
38.2605
187.999
42.2945
63.3993
234.836
43.8203
149.308
249.403
155.39
77.3893
216.573
256.692
88.0641
32.9764
85.4647
238.526
39.1051
56.596
48.1099
48.4444
50.508
70.2698
49.3025
70.596
109.09
37.5778
135.712
166.692
65.7511
86.6657
41.4302
50.6003
213.87
66.3908
37.8881
140.42
179.723
111.065
59.754
156.921
58.3447
135.867
77.7285
55.7608
65.5043
180.529
45.5342
196.629
35.7669
43.9367
224.949
34.266
231.15
48.6287
58.0612
122.769
45.3079
138.666
31.9105
87.4406
242.331
53.5523
50.1382
200.896
45.7814
139.211
66.8743
145.744
78.8597
64.6408
191.792
38.6228
27.9727
195.863
26.6517
54.868
49.9435
211.027
48.7693
128.186
55.7261
98.5199
63.579
237.892
148.584
144.537
62.2874
85.3202
29.0438
106.72
121.502
41.1249
33.5944
35.7678
73.7331
142.608
84.8717
28.6471
173.361
85.1946
130.544
78.5731
61.6289
51.5753
109.996
50.6519
30.3905
85.6158
143.404
79.7992
30.8539
179.584
68.9178
37.9038
26.3747
51.0624
89.9657
47.3506
27.0809
89.3856
31.4386
60.6783
103.463
56.2683
27.5193
60.0459
42.4169
79.2203
78.9711
168.951
30.5925
63.2708
37.1794
84.3345
124.32
64.0212
31.7364
38.168
31.1519
27.4874
44.6838
162.312
143.972
28.8915
37.8999
85.0043
45.6014
31.4181
70.6849
223.522
250.711
206.267
44.4699
61.354
139.849
49.708
177.146
131.527
217.313
58.3541
77.9689
46.3159
161.243
43.0374
31.1665
38.4413
84.2985
191.239
36.6591
53.7533
99.6325
84.359
42.3951
34.8961
38.5642
59.5877
33.4623
57.2235
33.3102
42.2216
30.1706
67.7892
44.7135
26.4595
221.755
75.8155
35.1219
98.7919
107.923
216.749
68.712
26.5233
84.2175
50.5613
57.1103
71.2248
127.282
27.9512
55.1855
28.4038
100.437
244.889
28.2077
58.5705
46.0595
125.936
26.8339
26.9233
38.3214
85.4773
185.737
27.3083
68.4965
172.437
69.8073
53.5159
77.1146
100.637
39.0522
129.667
34.2849
70.4363
32.0875
46.2921
146.818
32.3073
28.5484
175.733
157.721
33.7509
59.2046
50.7538
40.1989
137.941
45.047
111.448
71.5467
231.225
74.3783
69.7968
263.401
54.3562
143.44
88.1843
96.9692
79.4355
62.5062
155.264
31.0868
57.99
66.6191
64.2669
52.3874
73.9269
46.5135
32.9241
50.8104
59.5339
108.754
47.4365
159.059
118.118
83.5913
224.617
52.2515
72.8325
75.5367
50.7093
159.243
106.897
168.216
135.471
41.6385
94.1715
103.379
203.225
37.3512
157.257
62.715
148.029
33.3738
59.0571
97.4588
38.7639
41.8952
121.493
34.2
186.34
95.6369
122.27
125.551
113.988
89.675
54.8963
126.039
86.2748
80.667
224.731
27.5552
36.2164
49.5358
72.402
167.232
70.3187
169.784
250.439
35.9533
43.6596
138.367
40.5356
262.376
61.6919
38.0256
64.6258
46.5187
61.8319
28.1225
164.603
205.264
61.102
113.947
141.547
136.457
105.678
163.447
65.4396
54.5559
229.119
75.9998
105.138
78.3833
148.419
61.9034
96.4268
64.5963
30.8457
163.213
115.299
51.0919
36.4179
27.9153
194.459
57.9502
50.5584
127.613
27.4378
31.6921
82.769
61.9484
87.0107
73.6367
49.2267
113.36
117.517
65.4607
70.8562
32.48
69.5727
120.116
68.6126
168.264
128.059
44.6948
163.604
109.024
26.9489
133.575
147.415
85.6713
63.3901
84.3938
91.2251
201.433
62.6243
148.285
33.1279
102.858
209.476
31.791
119.792
168.045
128.903
148.64
34.2667
184.484
57.6303
28.9114
128.322
66.7815
35.9141
35.3318
55.6776
211.159
201.442
30.8065
97.562
140.156
157.752
189.346
90.5693
26.831
40.6037
43.9629
95.3538
47.9941
35.5217
67.4559
169.368
94.5996
41.1356
138.27
40.7697
80.8265
56.8081
32.3209
181.477
152.687
26.4814
48.1572
48.2024
56.1481
125.786
41.0241
121.805
127.464
186.054
36.3836
29.7143
117.311
36.6901
152.299
30.0701
62.735
109.361
218.447
50.9452
175.043
113.57
48.5416
35.6401
69.3056
63.5522
50.2086
53.9306
57.5793
38.6759
68.0543
71.8673
27.833
62.1442
206.381
115.583
27.7404
108.676
30.7978
27.0966
52.9484
107.834
132.86
30.5759
143.949
65.8372
125.054
176.042
78.7606
33.3591
134.401
57.7944
143.515
114.01
42.856
97.0648
31.7604
40.9387
70.3199
43.4041
27.1981
37.3157
28.8433
56.9363
132.642
212.897
47.3698
73.0664
189.979
44.7354
83.9559
131.986
36.9943
76.8125
31.2034
129.226
31.3096
27.5714
34.1449
45.2433
40.8849
55.7263
168.829
103.768
214.949
82.9724
99.28
55.689
41.7347
28.1391
26.7724
38.7752
118.319
158.876
130.584
191.307
172.115
95.9347
95.2223
49.3294
41.6373
32.3792
71.4299
71.4695
141.317
70.7114
33.1668
43.575
243.675
167.556
38.5528
127.351
81.6574
190.06
35.5528
110.716
174.909
66.6282
27.9437
165.395
167.174
93.8881
37.369
43.5115
99.3137
161.571
29.8858
117.405
26.9491
36.2101
193.369
65.8859
104.151
28.4432
128.942
107.677
41.3013
140.588
156.331
156.061
51.0581
150.722
66.5848
48.6457
53.9305
53.1408
105.218
234.543
163.775
122.618
142.193
40.1539
128.696
193.431
186.775
44.48
36.8269
75.8554
147.029
88.249
96.6213
251.757
66.9194
94.9615
72.6437
86.2234
28.9026
112.139
62.1647
61.877
178.644
57.915
32.6943
56.3844
29.6221
38.3391
44.41
65.9129
83.461
101.554
26.7238
135.025
64.9325
34.1813
37.86
97.6016
66.7177
104.216
67.8728
49.0785
140.556
63.2058
30.8436
61.9409
90.7286
77.7825
74.2563
62.0267
109.207
32.2177
156.158
70.5747
29.9118
229.384
37.417
131.772
143.629
56.5193
41.3317
101.548
49.7639
122.37
62.3166
27.4485
145.577
46.9704
147.176
76.4494
47.9537
77.1581
100.491
38.84
35.996
47.0796
155.85
33.2286
39.3291
61.48
167.918
62.0743
67.3672
201.963
28.6051
136.438
55.5163
94.6777
28.157
136.003
91.3854
154.48
118.511
104.45
34.8364
103.78
26.4796
210.102
62.7073
39.8992
53.1162
104.974
27.1514
51.0902
236.441
69.7022
29.0203
111.627
122.879
87.4243
73.8957
112.944
223.15
130.504
118.272
99.6672
111.798
30.428
111.971
56.8214
57.0104
31.4379
162.045
246.698
165.017
95.8597
159.619
112.628
202.319
42.9267
63.1744
77.5045
51.8178
70.6911
55.4741
33.9393
62.4738
101.384
74.2472
53.0575
158.176
45.762
65.1722
175.146
225.932
78.4025
29.4397
105.172
80.72
79.9988
116.744
36.9045
48.1219
36.4451
208.157
36.3053
27.4203
53.2978
68.7492
47.1656
192.657
124.45
83.0568
122.29
125.796
78.1204
28.0983
187.196
50.0973
29.6971
59.9484
126.903
63.1799
95.8258
76.5958
140.372
90.923
49.9684
252.718
34.5815
27.4659
64.0582
36.1087
70.5656
35.606
101.7
84.5297
112.186
52.4103
53.342
87.1712
98.1236
65.4405
92.9981
97.0904
81.7853
55.1589
97.0789
56.0506
62.1876
68.7256
55.2351
163.219
165.356
95.3831
48.03
27.0005
165.935
33.8261
47.1174
142.21
37.6941
31.3717
43.2887
70.6493
34.3887
43.1872
52.4347
85.3926
34.1107
93.064
33.7071
87.7556
191.301
28.7472
33.8735
78.5531
50.9445
43.4218
114.774
78.7083
48.6018
54.2899
89.517
148.856
54.6928
213.402
92.4147
202.426
97.6729
71.2564
42.4762
35.2413
58.9625
117.074
37.5975
85.4092
68.4794
129.139
225.564
121.367
58.2671
81.8117
29.0205
54.0827
86.1031
136.237
84.9995
157.421
41.1258
109.494
83.6393
40.2086
176.676
42.9006
57.7706
144.186
29.0863
150.952
109.855
109.125
227.352
111.659
84.6772
161.623
86.7999
74.0558
76.9864
187.327
57.2781
50.2114
42.88
151.02
29.5823
76.2959
220.633
93.7691
35.485
136.335
34.2756
59.2775
51.132
106.736
82.1501
57.2235
68.654
30.6043
70.3909
157.925
140.604
101.42
62.6398
84.528
97.3317
98.2981
91.7318
78.6516
94.8568
36.5875
58.9205
39.3032
142.771
33.8775
58.2519
74.9648
27.8841
74.3192
26.6688
169.065
29.8806
43.6493
50.465
77.4907
114.775
131.661
158.746
62.3628
40.9995
164.55
102.891
145.305
33.1705
94.0102
52.0852
120.332
148.842
32.5683
85.2216
75.2089
202.389
173.815
188.899
84.9421
49.1606
128.283
31.7583
202.286
112.934
74.281
260.753
54.6245
38.4736
68.7733
31.4013
31.1084
50.3146
101.599
78.1188
131.782
32.5124
120.66
33.6333
60.1067
28.6942
53.9945
90.2269
121.056
62.705
95.3898
82.4946
76.1306
38.0905
90.2554
107.394
216.851
60.5906
54.3176
41.8151
77.6989
42.3008
44.9617
100.59
88.9138
110.573
47.7075
93.2441
28.1413
73.5342
53.1857
57.0062
52.7324
71.3332
198.568
123.768
65.48
71.4918
59.8378
31.145
45.9582
98.7887
100.992
78.1749
165.969
208.813
91.8785
161.699
37.9367
69.2227
52.2603
212.044
257.818
122.679
62.2933
55.1812
153.161
36.3007
82.8301
87.6365
31.9679
27.4933
165.757
178.817
74.2207
39.7824
55.1444
49.6194
50.8804
84.0342
193.802
30.4905
158.516
37.4456
80.0817
103.116
188.513
138.443
52.45
71.1636
194.998
127.301
78.3614
91.8905
37.9354
26.6357
63.278
54.4655
111.744
90.0118
46.7939
227.093
84.7881
110.705
242.1
102.67
90.6635
26.7236
236.75
185.179
129.323
83.5245
79.803
82.5317
90.8937
57.9824
64.9382
133.197
152.277
100.796
41.917
170.362
122.045
49.991
114.581
84.2016
262.412
101.524
64.5713
75.5766
51.9042
148.871
262.705
111.821
76.0555
130.583
179.072
190.998
84.5191
139.594
77.3864
56.2349
78.2094
46.4252
58.688
78.7452
76.3653
108.437
117.739
68.4137
37.9563
72.3363
62.804
32.5609
164.767
47.3021
38.5685
153.99
103.148
85.4184
42.2596
43.4814
146.206
94.7522
61.6892
49.0111
31.0873
73.4686
39.244
44.8129
29.2628
189.044
240.751
35.967
237.647
243.722
118.039
118.061
141.42
43.3689
52.8529
44.9696
115.581
26.9042
42.8133
42.4249
85.8723
136.64
104.014
29.3851
114.416
109.381
63.3801
101.07
40.8133
204.432
74.8509
43.0703
102.707
125.293
252.916
120.392
135.264
193.634
34.1426
261.812
59.3205
155.025
114.384
228.24
132.104
29.3381
77.7728
102.129
65.6619
105.49
29.8311
83.6839
46.5747
28.7983
49.98
56.725
88.7358
46.3258
37.4815
52.5382
66.6
34.626
76.0523
46.1664
122.299
87.926
80.659
184.309
72.2249
68.5388
146.993
28.6615
151.006
90.2796
31.0517
92.8595
54.2098
62.625
129.092
30.2539
33.9901
62.5627
94.0562
44.4392
61.7509
115.441
229.547
40.6204
146.695
115.639
38.2771
59.2444
81.0877
27.2667
119.221
56.441
185.973
27.5571
255.7
37.8507
139.106
96.7065
57.6768
229.903
47.8136
76.4738
62.3223
92.705
46.2912
43.2617
78.1511
35.3391
88.6151
90.3748
76.4223
38.7492
89.8368
92.0253
55.3393
191.421
62.7264
34.4589
117.787
32.9872
111.036
160.035
44.5866
40.0083
44.7274
120.494
121.002
56.6171
73.4457
40.1049
61.2128
88.6638
199.131
82.5399
62.5826
42.6946
37.7425
83.3476
77.6469
259.126
50.0154
57.7204
55.9966
68.2429
44.7512
38.8782
31.3826
27.2047
100.045
62.6253
229.31
39.7983
57.2525
139.072
29.7388
30.7927
75.4045
60.1702
43.7133
235.457
60.251
62.9542
91.5018
179.114
189.703
53.3859
45.4624
115.509
99.9745
111.094
71.3958
137.501
36.9847
35.9609
38.1388
165.946
136.838
44.5765
106.768
35.6275
97.2419
82.7859
166.563
27.4652
47.3186
158.592
30.8818
90.4363
42.588
187.249
105.054
50.5423
123.874
28.8009
51.4208
31.4104
32.1459
70.8906
125.428
37.0226
230.915
135.533
54.7791
32.6676
99.8341
27.6458
37.6046
83.9027
40.9405
152.001
161.957
163.106
129.162
32.9713
77.7782
67.2694
31.3778
27.4396
140.166
86.2523
123.41
116.481
129.526
45.4095
80.2505
81.7245
42.4879
149.211
149.766
238.521
50.5744
42.7658
184.429
72.6485
155.892
70.5644
185.529
43.8803
58.947
85.5851
145.844
36.5495
87.3826
54.6772
79.284
53.855
68.8142
147.54
71.4451
59.4407
167.607
29.0715
40.1895
51.9679
110.605
27.9008
91.5617
34.0495
97.4443
51.4842
146.068
27.09
184.055
54.9077
107.851
132.49
40.7854
34.7952
78.1778
97.088
163.833
97.0207
170.035
95.8359
77.5898
52.3391
34.7334
76.7553
56.27
101.769
51.9409
48.8613
80.1549
43.4625
92.7314
30.8837
159.623
83.5752
55.295
31.763
147.859
46.0858
31.6148
156.329
52.3088
118.393
93.3428
87.3173
69.8418
122.316
248.68
28.0474
71.0252
33.5305
126.713
59.0332
152.878
42.0419
65.4579
33.4865
206.345
39.2874
82.9763
147.782
103.481
114.029
229.033
95.9749
167.832
120.902
91.9785
106.279
121.359
56.3088
33.4567
202.559
40.2369
111.44
82.8769
33.9374
108.914
35.4997
65.3619
98.3477
130.619
110.749
76.5891
222.457
52.0558
112.222
72.93
80.7339
214.807
167.714
50.2385
129.018
262.205
45.9403
149.534
27.9272
154.965
147.15
117.392
81.6752
124.753
54.7728
126.277
47.7289
172.27
94.5962
102.537
145.237
33.3527
112.307
40.9902
105.091
31.1997
87.218
51.4549
69.0726
127.023
62.1372
154.997
55.3754
56.3836
47.8531
78.6077
181.443
156.015
32.3453
167.253
45.0219
71.7546
104.689
115.053
74.5073
199.831
97.2466
116.781
42.5675
32.1298
152.547
122.186
97.2465
74.4763
42.4572
156.101
144.002
80.3946
68.7043
148.679
108.94
129.731
53.9838
116.692
63.9601
39.3722
32.9876
88.9473
256.135
93.8893
58.7987
38.034
246.041
144.705
68.0779
35.4867
77.7852
98.0223
135.186
30.0584
238.436
77.7392
124.068
112.064
33.8888
51.2387
79.8668
96.9108
223.997
143.883
154.393
38.358
94.3244
115.327
27.2936
236.275
96.5263
64.7769
99.689
205.971
67.9081
108.623
198.901
134.399
42.1818
62.6923
40.6188
53.0652
109.23
202.9
44.3522
225.844
63.3974
27.7087
102.57
146.786
68.4758
69.5369
31.5843
52.8904
29.48
29.6842
58.7872
42.5643
47.7811
242.268
78.293
30.2743
36.3616
41.4676
186.877
41.7845
180.338
232.445
58.5252
188.001
80.3505
238.889
190.022
70.5753
117.668
33.7717
160.759
102.581
58.6108
155.415
34.7798
177.293
39.5488
69.7995
33.6251
47.0834
91.8621
76.5775
222.987
47.3373
83.8624
52.2969
57.4165
145.676
101.468
80.8395
39.7634
66.3917
36.223
66.9393
32.7362
173.376
62.503
76.0412
44.5684
107.953
86.3053
28.9732
54.4532
160.673
244.153
70.008
100.403
100.688
101.634
27.8449
55.6686
97.0505
51.8473
58.4755
42.3371
52.9983
65.6399
166.552
56.2642
151.479
37.492
37.9156
112.121
88.625
77.6971
72.8794
60.7903
61.43
193.938
58.3875
42.6819
153.171
145.369
69.0655
58.1409
27.6955
110.186
67.5313
189.811
43.2147
33.209
84.2882
210.334
70.4233
74.264
38.7825
186.055
154.284
64.4112
224.258
70.9738
35.8165
35.8702
51.7037
33.9701
140.243
155.479
81.6507
46.2463
61.7262
79.0648
43.2341
36.5084
190.27
56.6802
56.4858
196.39
180.09
141.354
32.0818
120.545
30.5603
96.5901
125.411
110.952
104.943
56.8052
105.637
79.8291
94.0742
53.0803
27.7656
80.1305
33.8699
33.6624
40.6219
104.027
78.3675
86.0689
27.1545
77.346
104.663
100.933
38.9451
37.1409
138.628
27.5319
27.6137
41.5909
53.0452
171.989
47.1503
61.6362
123.804
28.745
92.0342
72.2253
67.2767
52.3263
47.908
121.559
44.5253
88.3861
33.1769
87.3902
186.621
132.932
36.4666
100.652
58.6207
121.175
92.1011
29.4378
148.089
128.275
82.4129
71.0065
67.203
64.3622
71.3317
46.3946
26.8339
90.5906
106.26
52.368
89.9807
125.924
122.466
123.729
139.16
32.7134
239.883
87.7518
43.3094
70.4938
33.6782
31.2911
42.216
68.174
207.032
46.8647
50.7759
180.712
36.6894
33.8022
39.1634
86.9676
36.8373
39.8997
181.931
56.0464
70.8888
146.624
110.383
160.61
200.74
105.233
54.1827
89.0107
90.5857
52.7858
169.499
146.94
164.451
59.4322
207.063
161.502
47.0826
133.772
173.317
188.374
62.8135
50.4397
146.306
107.466
60.8775
235.714
59.6826
74.3163
174.967
32.1946
131.552
71.1253
136.674
29.854
246.593
41.8689
200.136
181.381
42.4394
168.598
50.5762
99.205
141.651
148.41
38.9254
157.769
38.3983
28.9738
46.5781
71.3974
204.351
72.3078
37.5685
50.1553
68.1583
75.5789
36.9145
70.5402
28.0993
36.0163
51.4582
112.495
41.6108
159.834
99.5208
144.414
75.3297
86.8455
79.6157
79.3705
31.3593
179.06
42.5521
38.3298
141.085
123.961
165.301
93.2996
30.3862
56.0279
65.2887
104.126
121.237
257.728
50.7909
40.5503
45.3868
127.264
53.1752
66.9971
109.017
39.3426
198.778
56.1353
28.3228
169.858
46.8229
37.3157
56.5369
48.9092
39.4772
56.993
68.155
99.6298
145.627
60.4248
217.096
32.5808
84.8987
183.821
64.5649
29.5354
49.5273
73.7821
26.4463
111.795
154.962
165.403
98.6505
154.669
117.044
33.0784
74.6645
90.5991
44.4604
82.133
77.7819
70.6711
57.1243
177.894
67.998
192.985
117.916
108.883
127.176
59.802
146.401
38.4744
34.1279
40.4543
60.3966
40.8711
39.3098
54.2368
214.759
72.9372
33.3382
156.738
65.5478
59.6592
82.9538
27.0088
93.3683
28.8332
131.726
147.617
243.68
34.6827
99.8409
241.666
96.7303
182.213
34.4471
82.4544
37.3807
64.6379
34.1969
132.597
41.3593
111.668
195.894
29.8302
234.114
123.911
165.613
122.482
142.935
131.438
98.2342
169.723
105.71
57.5135
127.075
181.786
155.317
137.528
144.487
35.5714
65.6693
49.5947
56.9085
79.124
64.4928
89.6012
143.325
43.2406
115.257
37.7846
92.1594
114.737
67.8405
93.606
52.2306
67.6783
40.7701
94.3442
107.065
180.998
95.4405
159.648
30.8577
61.2427
37.3138
92.4588
29.8681
107.274
63.1257
74.1655
78.464
32.3394
76.7388
65.9035
88.0885
166.462
35.3598
35.2192
34.4569
46.7716
32.2491
48.8327
41.8448
37.3046
54.0056
66.7222
66.5505
104.098
31.1977
40.015
138.634
96.1982
89.4835
218.428
114.708
81.3889
43.2061
168.978
63.0404
153.993
93.447
27.4623
36.1375
42.3444
32.5904
72.6064
92.0852
26.505
211.27
45.0397
36.2249
68.2368
111.627
227.381
140.3
27.7601
82.9737
116.621
58.961
111.172
51.5206
54.7891
64.2225
45.626
84.0861
173.27
153.101
64.4277
191.627
71.6197
47.993
174.459
134.079
118.494
200.21
30.4229
174.909
134.669
55.3523
112.366
105.426
127.922
56.9981
39.8498
226.61
52.932
216.559
80.9547
207.053
31.8891
151.245
61.4263
61.8345
175.597
227.23
181.18
31.3593
243.707
142.561
103.752
83.7005
150.425
28.3028
47.6856
116.159
90.5014
237.771
44.2271
39.0843
73.9796
34.8873
172.476
35.3427
86.7866
30.6206
118.828
45.0455
111.086
78.8429
39.9273
98.6102
145.486
82.947
229.248
49.0515
176.309
29.5532
32.9821
97.8953
37.3007
123.118
234.976
163.471
136.58
81.1232
42.7284
101.586
29.2904
78.5519
31.51
30.3913
38.5976
57.0099
180.667
161.675
55.527
148.721
71.5899
35.437
75.417
122.477
223.323
139.303
60.5204
55.1633
47.0569
37.6928
100.042
35.4249
150.758
139.399
58.7016
197.413
36.4864
99.8968
40.682
84.2265
89.8646
51.3501
91.5886
220.705
156.856
33.1304
131.716
37.5507
36.6015
32.5668
56.437
143.18
55.8561
27.9295
89.9101
96.7461
39.4113
157.967
108.297
119.883
100.524
27.8797
44.7506
160.075
47.4836
77.7956
133.009
164.694
60.6403
72.1055
53.6219
85.4715
135.374
185.368
69.7417
54.5513
87.0625
51.3841
155.257
47.338
107.213
65.9394
208.173
208.207
92.3451
79.661
68.6518
179.769
200.687
50.2528
43.5203
27.5527
170.384
31.0378
102.176
53.8258
152.843
33.4593
76.5878
34.5581
75.3161
67.9445
67.6232
53.8306
46.9243
165.265
202.087
233.59
76.4407
61.271
49.1624
180.391
35.9328
72.2345
55.8103
122.422
48.0379
225.724
102.062
64.6396
40.1251
32.2081
31.9078
69.0408
48.0172
125.386
81.6645
102.121
66.2267
50.8915
78.0543
33.4619
40.14
85.5615
138.109
67.1503
67.4703
93.5455
98.4048
96.8129
63.7979
27.1118
86.5672
172.744
32.5824
141.391
76.5697
53.7767
163.154
79.6895
76.3147
133.036
54.2504
70.0843
109.461
54.8726
72.5147
43.1829
42.0612
73.8289
28.7607
202.751
44.534
118.997
115.133
43.672
40.8574
29.3947
175.018
69.2619
109.255
66.0158
78.7232
36.1968
48.2391
69.2182
27.5855
30.6979
76.0175
158.601
65.3901
52.8239
70.3103
161.403
175.614
26.4719
182.072
43.4685
79.6109
52.5436
38.4418
59.7121
113.574
56.002
115.002
31.5692
153.237
57.1052
119.22
47.4155
49.9961
245.133
40.8896
99.5382
111.122
221.233
78.9757
231.377
49.2997
153.517
69.07
66.1485
46.9102
54.8356
49.1257
83.4449
62.5208
37.6585
89.3181
30.1716
80.662
42.4815
31.5753
43.3003
219.608
230.935
48.4428
27.5374
114.698
161.787
92.1999
85.0785
91.8853
102.024
45.0869
44.9333
172.657
74.8554
148.494
84.7124
187.024
38.0378
72.5049
42.8985
169.848
29.3848
30.8902
142.866
68.3408
143.485
76.6387
32.0053
27.4396
58.9833
76.0949
38.4863
73.3815
55.5843
59.9493
88.3641
147.164
173.91
133.127
68.3207
238.221
66.7814
49.5264
41.6157
125.044
77.265
60.4996
122.783
139.191
165.907
36.6441
74.6833
31.3657
39.2348
81.5593
40.4755
34.7485
193.551
135.408
60.5862
209.328
73.5687
131.906
94.5774
130.669
53.7287
56.8066
97.7726
108.843
38.6795
107.497
89.49
41.1442
128.864
53.2809
42.6632
67.5592
58.5011
114.833
89.5185
59.3191
114.474
152.501
154.251
32.4336
35.8402
126.829
29.992
57.1683
71.4645
167.235
149.703
122.276
111.31
45.298
53.5096
60.7031
61.1565
137.332
46.5363
28.9078
54.6249
91.7722
27.5351
54.7818
52.069
97.391
60.1972
262.829
66.8469
54.6589
93.9431
65.7058
239.12
43.1916
34.5715
82.2018
60.4299
115.32
77.8866
123.021
31.3065
43.9233
91.5395
52.4396
60.4567
57.7774
68.8821
84.1422
35.467
52.6979
72.4036
106.536
116.657
196.944
244.885
58.1733
111.18
38.2002
45.4938
39.747
82.5963
43.3703
142.909
66.4878
36.8497
118.426
42.1839
82.6587
233.892
28.9427
87.8519
46.6456
28.0847
27.1918
29.3966
88.2527
158.774
34.9936
51.8568
26.9662
30.0572
105.485
150.749
27.7819
35.4117
113.312
45.3132
28.6736
147.748
187.895
68.9256
139.848
43.135
148.616
29.2248
167.674
44.4069
93.5302
28.0866
30.5355
57.6946
45.8975
100.64
90.8219
27.2674
208.604
75.8771
136.874
47.3232
192.344
40.9751
38.9791
177.419
165.027
235.616
120.159
83.1552
131.63
32.5667
224.6
94.6314
54.288
133.715
29.6237
47.502
98.2567
108.359
31.298
187.858
114.215
36.4043
34.9062
54.1544
206.232
128.962
137.937
56.8596
28.5202
68.2685
64.1514
84.6786
257.843
219.111
97.0598
164.876
50.7162
46.2783
61.8127
218.917
49.111
202.975
30.0675
185.31
41.352
233.63
79.2124
260.228
99.2303
41.9727
102.466
87.1172
159.491
79.0177
57.801
41.8014
119.456
55.928
48.5991
76.6301
76.4154
38.4222
102.696
219.024
26.5572
110.645
111.147
47.2555
129.915
29.2246
30.8067
45.5617
53.5556
159.971
80.084
49.4376
32.3057
155.065
65.6516
30.0823
45.3224
33.2949
56.3711
40.4614
92.692
90.128
46.7627
38.5342
46.024
75.2641
44.4559
121.972
60.0564
104.043
28.0132
171.839
49.8692
64.9489
52.0718
115.307
198.986
96.1019
201.817
158.958
71.371
71.1649
45.4592
120.814
96.3075
102.101
59.5464
147.257
144.216
75.8873
77.4155
40.6526
86.0775
54.8262
144.866
81.3335
46.8506
56.8098
73.5115
250.759
29.9462
253.101
59.2683
63.6949
42.9325
34.9446
52.9056
33.697
59.023
179.757
75.7324
46.4749
39.9216
180.929
39.9514
83.3234
38.2446
124.622
151.101
73.7943
37.9448
102.15
31.294
29.6458
194.757
35.6643
169.343
94.2595
37.5042
230.43
81.8236
113.063
119.091
105.381
76.2006
181.23
247.992
53.3626
66.0865
69.6425
133.237
97.6928
74.6608
125.078
152.977
152.115
41.5026
108.354
58.3496
146.077
47.7746
50.2083
94.3983
82.9658
71.7022
30.4229
231.205
72.5794
191.66
100.855
35.8868
103.957
36.786
31.2329
68.5831
111.964
151.41
52.3751
27.4206
92.0104
180.166
185.328
46.1595
70.1767
214.317
36.4769
93.292
171.16
51.9419
109.867
175.376
206.628
114.693
100.931
164.07
38.0904
109.148
72.3287
118.618
29.0516
157.838
205.907
100.581
43.0146
59.3754
41.5816
184.076
133.827
63.6815
145.257
128.577
133.306
85.0634
38.4389
54.7912
27.7378
129.865
140.727
45.9237
40.0956
33.4661
163.814
31.3856
29.215
86.4161
124.802
70.2078
35.7669
193.946
49.473
65.2516
243.867
77.1592
26.4869
55.8564
70.9873
198.178
59.1019
71.3655
236.675
151.425
53.5751
244.904
250.755
130.708
180.917
36.6708
31.109
43.7102
118.953
32.7937
61.7991
27.1434
243.69
31.6475
32.2203
32.3615
37.0458
84.805
31.0668
119.91
27.3119
72.6381
127.212
141.001
150.374
32.0902
155.614
56.842
159.034
30.3523
96.397
237.391
178.191
94.6057
136.322
40.0435
52.6199
54.0152
187.966
39.5437
52.6762
33.7857
52.4873
216.774
80.307
132.596
145.008
52.9569
30.1175
39.7831
101.356
60.0985
121.052
48.2317
130.594
33.357
116.108
143.318
135.388
129.637
41.685
78.9974
30.8049
47.4776
78.7185
51.7583
254.803
179.366
77.2776
28.7707
65.3627
41.6518
34.4056
52.7055
29.8455
114.453
81.0515
69.644
61.9442
169.989
60.2353
186.477
69.2504
30.3884
31.4224
199.242
32.4355
138.45
34.8782
30.3
49.045
38.4792
36.3885
224.395
123.584
53.505
61.5946
91.6978
37.5684
34.7238
136.579
104.34
135.528
205.222
56.1502
64.0537
45.2348
45.374
98.9196
166.208
30.4372
51.6767
67.3132
201.873
64.2135
50.9921
90.5579
113.036
89.4616
65.1544
182.32
175.772
167.058
77.1213
40.5529
102.948
85.3872
78.2461
86.3591
140.411
27.4443
200.952
191.708
118.704
28.3219
33.3614
93.4031
226.571
99.6594
60.5276
121.915
59.11
46.5719
31.9344
42.1364
69.1114
65.4477
42.8306
224.007
85.2784
86.4391
29.5707
97.514
55.1571
223.229
64.1518
105.779
239.822
76.5722
71.2544
33.5561
49.8644
198.869
26.8494
79.0568
89.5512
28.4424
123.578
133.442
45.5147
239.687
61.0589
178.771
50.6228
86.3621
230.942
35.306
123.358
33.1937
231.662
125.572
121.035
154.187
87.8851
160.534
90.3442
90.0423
224.158
43.8322
93.0642
41.3429
92.4201
67.9699
61.4012
28.1218
58.8726
139.59
147.07
61.0403
157.49
59.0615
33.8657
138.085
125.827
86.8655
49.0426
108.565
139.51
152.84
49.622
36.7407
136.688
70.6739
44.6097
136.192
241.073
75.3659
51.9239
78.149
28.0997
82.9326
38.2226
86.2468
56.3495
97.9857
56.2369
73.1576
76.4397
62.037
30.8494
44.7977
28.7057
57.505
100.206
42.0003
250.754
57.8157
73.262
99.6072
39.3215
123.187
37.0634
34.5328
59.8454
46.9308
122.426
33.0004
83.3436
100.426
74.7833
69.1719
175.565
27.9724
129.674
26.8026
190.489
136.89
92.8729
104.046
79.3261
53.964
91.8167
75.7773
135.868
56.4998
70.2709
145.504
70.9796
36.5253
112.209
105.303
91.9588
56.9802
204.252
61.1455
85.8675
64.1802
70.1434
115.592
64.0429
89.5938
255.838
43.983
49.3115
54.454
77.4745
28.552
110.486
101.408
36.9102
185.463
72.7985
75.8677
77.4904
61.1112
108.026
68.9194
95.0104
38.6416
60.5067
66.8614
159.084
59.9447
88.0878
202.513
45.443
57.3222
44.4544
132.336
77.0112
85.1995
31.021
26.8252
212.018
122.078
77.9294
173.392
29.4995
115.729
85.5127
199.427
57.4664
48.5991
28.7323
71.8448
32.9431
42.8694
72.1105
105.282
67.7091
46.0139
32.0072
33.81
94.3493
38.7906
71.9719
125.819
35.4122
96.4284
30.7961
110.371
97.8491
94.8796
56.8764
81.5592
105.803
154.129
58.7696
31.3252
66.0844
179.626
28.2949
40.4547
98.7642
41.3644
58.9817
114.328
105.363
105.043
66.6115
48.0525
206.871
76.464
55.7517
74.5515
171.428
163.897
162.313
55.7321
207.132
87.0296
61.951
154.133
99.0929
27.2616
81.0634
162.188
87.4457
65.8574
52.3701
81.4476
32.7629
42.7897
50.865
29.9367
82.1141
37.6302
35.5812
97.7831
107.616
93.0983
134.135
83.3288
60.3293
97.9503
43.1741
182.877
206.037
163.888
83.9505
65.4067
156.291
55.5297
27.953
36.8748
90.315
72.9022
204.437
85.1587
92.6002
206.274
35.8841
140.675
173.307
69.3881
37.2022
34.2909
102.229
53.2297
32.5971
37.2346
43.7578
47.4583
111.207
80.1439
60.0325
65.3528
84.549
45.8164
28.9368
71.4548
174.21
102.467
84.1998
114.934
199.243
92.3259
30.3576
126.918
110.457
48.239
67.0687
140.242
90.7391
196.67
125.396
45.993
39.4143
34.603
84.0916
33.8447
165.054
114.588
60.2423
79.3013
56.9085
69.0714
148.403
121.546
39.5127
240.663
36.2047
34.1293
66.6754
36.8968
37.1801
45.9383
34.9082
90.6684
75.6167
141.557
30.9491
87.2879
79.5547
38.249
123.257
29.2226
49.266
162.461
38.0846
96.2822
55.7866
46.4591
131.754
81.9127
113.366
71.882
71.1264
164.531
88.4161
54.831
193.073
31.7678
253.242
121.055
115.429
83.0119
124.659
91.3416
164.589
35.4493
90.7831
45.798
71.3102
63.0647
139.076
92.5982
127.208
117.436
38.6513
182.747
54.1996
119.698
206.728
89.4948
176.823
35.4343
46.7847
107.746
129.774
154.335
119.34
136.651
69.5927
43.4037
175.909
79.4086
51.4561
40.9907
49.4902
67.3152
57.4398
106.709
83.4643
179.607
75.3114
70.8211
74.1404
113.413
103.766
27.8124
80.6206
61.7759
103.825
77.0709
58.2774
170.169
64.5318
93.8044
127.281
89.2145
151.586
167.951
29.6435
80.0763
54.3616
133.004
126.494
78.3458
27.1609
107.821
118.089
30.0747
37.269
29.0355
40.1472
63.2088
67.3917
104.969
45.0751
213.087
42.3621
29.3423
58.5093
31.4385
27.1629
104.764
41.627
35.4747
109.073
55.2977
54.8967
86.5587
148.582
51.892
42.5355
220.622
37.8794
211.766
144.334
118.213
38.3535
89.6678
34.6958
33.4162
44.645
51.8618
38.2034
96.1582
147.424
226.022
57.5498
133.508
195.943
53.2434
33.4912
50.0912
91.7712
118.841
145.257
50.3343
212.674
39.9342
54.7417
142.066
86.7615
43.9513
179.343
37.6768
66.4983
79.4639
33.8542
109.801
70.1398
77.4396
33.5329
30.0369
124.503
75.0616
69.8414
54.5203
131.935
49.4758
108.007
70.6391
45.9755
28.5327
172.42
262.487
99.6886
29.7
136.491
88.6543
26.8069
85.5313
54.6272
39.9408
45.007
130.764
155.75
69.6369
26.3893
143.015
54.7691
129.885
49.3917
27.5827
57.3658
30.9145
82.5426
42.4987
33.6351
118.767
232.198
58.5826
108.278
112.412
149.443
169.673
59.6196
130.39
121.22
38.6136
44.6469
199.317
80.7618
56.5
74.5046
242.817
40.2243
28.4318
67.3666
38.9695
138.059
47.5741
69.3914
73.2179
82.6824
66.8837
86
195.958
62.6504
131.032
130.898
160.313
44.6865
28.998
30.7404
81.373
32.254
85.6034
175.806
85.4172
78.1385
170.372
191.317
98.6968
43.6467
42.0184
115.66
79.9388
105.419
154.131
144.108
47.8957
84.2322
31.4532
141.764
83.6372
242.989
89.4604
39.4613
69.0552
50.9302
28.3101
66.5458
124.736
42.2923
66.1804
50.205
50.6011
106.991
49.5594
51.8403
143.78
245.421
97.487
111.581
85.232
237.287
138.129
103.556
52.3782
59.0291
178.146
98.0001
104.844
129.556
38.3425
115.978
58.5543
126.037
69.9355
44.2644
80.7592
88.2524
122.962
143.3
69.3107
80.7882
40.3308
222.048
86.3454
111.984
29.7116
87.6867
113.235
29.1652
46.4057
26.9944
134.337
44.4253
63.85
40.785
235.703
56.4743
181.602
27.2087
82.9885
99.6354
182.972
92.3874
27.9069
200.389
174.432
238.441
261.882
44.1335
222.203
115.997
26.4734
57.7931
107.361
68.9716
53.7582
40.7813
36.2614
113.615
100.984
263.252
178.277
33.0483
30.9684
233.507
49.9266
212.91
28.9417
31.3658
147.218
39.8721
27.9857
106.844
92.5001
41.48
113.878
32.5232
132.149
33.7788
35.3558
53.7625
35.1967
31.6722
88.3766
154.242
90.9763
49.9065
131.324
95.596
128.674
85.3898
29.1317
49.86
58.3753
88.3984
103.086
122.711
32.4451
111.258
77.2909
98.5732
58.1556
179.823
74.8413
140.151
84.1719
156.908
142.073
59.5744
36.3891
48.5138
44.1758
133.895
83.5228
30.4926
31.3636
42.5226
107.56
177.705
68.0679
64.3178
82.1657
64.7231
26.5829
135.062
195.474
136.099
98.0861
138.972
111.525
59.7322
46.9194
81.3399
170.403
40.5459
109.978
52.483
216.54
223.686
33.3574
127.197
88.9002
243.695
69.4859
144.715
43.1972
35.6064
101.728
190.673
28.0284
79.5433
37.6789
41.6147
38.3019
61.7306
35.1068
207.241
33.7391
70.563
238.734
71.8936
29.5158
232.218
72.9166
42.7812
56.6558
192.456
74.046
91.7925
91.7239
245.096
81.2519
41.7672
39.8315
80.8215
205.725
147.778
146.05
63.6081
152.566
139.154
67.1275
35.9258
71.5558
138.481
37.3906
44.1602
211.201
44.9614
174.852
89.0672
126.502
39.7383
56.9787
74.5343
99.7531
45.6633
86.3859
124.998
36.228
27.7612
27.7731
162.133
166.09
58.9185
190.96
139.067
68.2716
67.4455
101.075
175.765
86.9019
141.993
51.2061
65.8995
64.6528
26.7582
169.956
87.8336
72.2972
98.9317
75.9653
186.005
81.4696
131.351
137.673
37.062
35.0212
123.455
72.2667
69.3409
90.9526
187.767
40.4282
26.6723
97.1012
55.923
211.06
55.7334
76.0164
84.1712
66.5477
28.416
114.694
172.943
96.9599
78.448
39.3702
40.1612
39.6546
29.3138
67.5036
101.723
53.7929
101.983
164.069
79.4854
46.0871
214.767
160.55
77.305
67.4076
28.2649
68.7423
54.3172
28.9771
60.5442
34.8889
128.869
154.784
96.2581
53.8517
30.7154
32.2573
59.4683
105.595
29.7663
38.5583
102.936
167.054
68.301
225.866
95.1898
35.3372
106.578
138.437
234.914
40.8736
71.6898
28.7974
59.0935
117.15
149.635
154.273
69.2021
44.184
167.023
138.218
246.495
200.192
80.8444
28.8352
205.74
66.6852
39.1769
118.383
76.9204
38.4526
228.654
114.761
197.372
100.152
72.0128
37.209
196.33
43.4189
259.042
32.5476
152.707
124.5
86.8853
54.74
221.187
28.5535
82.8688
158.265
129.938
35.9503
40.9207
94.0452
179.231
107.436
107.068
36.2775
49.7155
58.1907
172.894
33.8346
204.141
110.158
174.159
67.1788
71.9317
141.411
31.1622
38.5125
46.0303
64.2116
58.0392
120.622
122.597
121.681
46.6474
51.2903
27.5513
28.5469
61.0812
44.8154
173.902
39.1371
239.215
240.377
127.545
30.3915
145.992
52.279
161.914
183.719
61.4789
33.8826
61.0943
170.494
43.3524
63.1767
62.2903
46.1804
195.993
75.6034
85.5269
126.076
45.4169
141.622
80.9368
146.846
62.0762
35.8441
50.2393
72.0619
38.5111
42.6836
53.7793
103.847
34.3368
168.466
90.6885
204.17
65.8212
28.1148
141.175
38.1589
102.193
79.427
54.4908
197.238
138.15
33.8983
31.0655
155.727
49.1048
104.588
39.9722
40.3488
68.4254
48.4049
233.821
43.5469
123.3
129.575
50.4799
126.279
67.684
107.326
100.564
40.751
74.5128
105.714
161.55
197.689
39.2176
133.357
40.0698
45.4148
121.589
31.5225
76.5928
63.2546
60.6128
135.731
116.293
134.074
135.208
27.5953
57.3669
70.1173
53.5375
67.1643
86.6312
44.7697
135.431
32.6287
33.9928
68.2238
91.5881
114.179
131.055
26.8548
176.048
116.822
46.2915
72.1328
44.5836
63.4345
65.177
44.47
54.4222
62.5646
38.4849
103.477
27.6782
49.2235
29.391
151.639
105.868
33.6727
237.521
97.1268
60.7557
192.456
138.619
27.7069
189.283
73.1696
32.8215
156.446
96.8803
117.734
55.8122
101.834
76.2801
53.4199
32.6473
83.6212
148.635
30.8449
56.699
48.4659
67.7307
33.1943
55.3176
28.8581
148.87
43.8843
173.045
195.751
204.652
40.1165
74.9558
76.5791
58.4338
170.577
167.985
81.7302
36.4282
167.659
34.2624
50.7155
139.405
108.479
39.3991
57.1773
62.2327
48.2325
158.195
80.1302
81.0698
30.0538
105.71
188.417
60.2266
37.6456
33.1686
130.238
129.182
77.5707
43.7998
184.05
79.4032
163.255
65.1295
55.6283
34.7231
70.2029
38.7145
34.0893
51.9443
54.8262
80.8445
248.343
27.2213
42.6736
71.2885
38.5912
104.379
89.9004
67.3886
48.7948
29.3814
169.481
32.4014
84.9306
41.0783
40.8533
59.333
82.5946
93.6424
95.9685
143.176
60.3117
31.3016
27.1312
261.012
42.5584
124.999
41.5142
61.7004
100.554
49.9514
221.012
33.9123
65.3438
182.539
30.8491
81.5832
69.8579
188.542
90.0722
80.2726
45.0753
51.5752
42.9727
217.623
65.1219
37.0838
38.013
83.2657
95.5886
261.01
26.4825
179.448
49.4699
49.0889
33.4583
49.4906
37.7632
33.1777
38.2165
31.2636
46.908
58.0427
161.027
196.398
35.103
30.5837
154.578
38.7448
181.994
41.7829
29.4427
95.8765
41.7883
62.9836
70.2847
78.4666
56.3599
30.0772
124.025
230.156
52.6839
186.404
43.4009
92.9642
27.2346
97.476
30.787
125.53
77.059
112.666
156.194
29.783
77.1041
39.0946
57.2953
91.2268
113.717
37.7682
115.874
28.6407
57.0267
46.7774
62.5613
85.1108
198.382
50.6344
76.7257
141.097
226.698
94.5641
43.1927
45.5992
65.4104
201.374
38.5437
138.251
250.774
52.9667
100.7
145.499
103.707
46.7151
64.665
47.827
38.7604
131.212
69.1099
58.8636
50.4361
64.5956
188.123
70.723
42.5516
39.5163
159.457
215.755
63.5297
90.9061
51.1003
39.6176
35.7952
244.395
53.9403
72.4872
154.078
78.8634
27.9519
215.146
33.756
35.6429
153.143
51.4129
65.0979
144.671
139.393
163.663
37.2033
46.6076
85.0161
38.9283
27.2143
106.684
149.581
42.0192
27.4896
88.7056
32.0953
74.7602
96.0176
111.054
107.901
87.1506
29.5254
123.239
197.499
49.7413
98.9821
82.4627
49.6321
210.299
38.3451
116.617
51.3456
117.439
90.1879
58.3173
62.6232
97.8535
158.203
139.976
57.0024
138.228
78.7079
53.5113
67.9871
45.3947
93.659
38.4759
66.5336
162.204
34.7439
74.4848
29.991
96.4588
52.682
75.8154
73.5822
87.7259
116.339
31.581
26.7426
50.4226
143.364
66.8358
78.3589
83.668
47.0125
150.374
59.3055
31.9767
30.3546
75.3315
47.2552
179.21
58.1968
162.209
172.608
26.93
80.9957
62.3068
150.075
33.0541
27.5894
32.1487
82.1663
58.0297
113.884
39.6569
61.9618
113.592
32.0659
41.9852
70.4302
38.9362
142.422
115.815
33.252
98.2069
150.216
37.5714
211.854
197.845
52.2712
111.751
38.1308
26.5184
123.772
41.45
112.533
56.7678
120.899
42.0726
213.564
44.7006
87.8105
95.9468
54.5724
30.3186
196.205
171.835
30.6601
67.9894
179.35
199.115
67.981
173.884
33.8039
38.8746
89.4672
88.5585
131.785
169.996
95.7618
37.8438
84.3557
76.928
85.1448
126.512
27.6017
98.2635
88.8456
105.594
100.247
29.6407
116.194
29.4439
101.957
92.7343
53.1865
218.873
64.5635
36.0756
43.0067
176.5
58.3786
37.9015
65.8384
168.245
33.1153
143.042
169.125
60.6291
167.671
68.0363
92.0014
71.2502
36.9738
89.9289
80.29
118.108
75.3767
36.0082
62.8438
115.69
50.4639
66.7063
78.715
94.6763
73.1765
55.7371
76.1369
46.0792
117.465
40.539
30.0917
184.072
141.562
97.2408
47.1096
48.8846
153.399
69.5388
91.2695
38.5227
70.5852
44.3103
188.189
27.1012
51.0614
101.183
148.808
114.338
29.8037
144.639
27.5024
146.558
146.848
95.6344
41.446
172.971
161.851
115.35
44.0829
57.1356
170.212
51.7365
59.9418
42.4521
142.845
27.4964
155.568
29.2023
35.9916
107.946
155.169
54.8966
59.7861
126.697
81.8132
234.752
86.4853
175.362
68.5299
63.8101
107.224
172.867
57.5981
105.834
82.2058
52.8186
51.4725
37.7979
33.5825
82.7675
92.3281
117.182
183.155
146.214
32.9215
100.989
62.0875
135.905
37.9344
29.8457
33.6932
80.2309
149.955
98.5835
37.4343
145.116
194.862
56.309
35.0539
30.3562
138.905
34.737
163.645
90.8919
175.045
119.249
67.0739
132.396
55.8645
117.829
257.807
98.8403
65.6108
155.518
52.9849
89.9381
135.881
48.563
126.017
80.237
120.364
127.317
160.052
149.616
94.9981
96.6234
42.2652
37.975
27.0224
87.0177
57.0195
33.945
44.2007
215.544
118.703
61.0433
148.566
201.196
51.5878
109.245
52.1775
55.2794
39.3315
46.2617
144.697
151.099
68.4881
54.4506
95.635
189.037
30.9756
36.8441
93.647
87.462
93.8151
89.5358
66.6072
67.7368
45.2434
116.958
64.7961
104.553
153.995
35.0965
82.0295
37.7474
70.063
53.1211
84.8776
85.4431
53.7734
50.713
40.0584
52.6748
40.6451
232.994
45.1099
260.968
113.908
71.6068
43.4984
45.2983
38.9398
172.093
71.2506
95.9034
138.534
27.1424
40.9096
214.296
100.939
178.756
30.6813
80.8879
129.072
80.196
84.3808
96.7651
128.712
130.298
26.4121
30.4619
34.0088
136.032
142.363
135.787
63.1497
118.756
151.323
27.8781
45.3295
105.62
48.6589
37.4891
27.9829
72.3109
186.454
57.8643
156.988
48.6446
170.811
69.7638
82.6041
121.088
137.314
131.126
39.4595
134.821
237.555
47.7046
76.1029
57.1756
59.719
28.0037
42.1432
124.732
124.259
157.365
50.3056
219.424
55.9137
38.4471
26.4764
140.335
50.7263
27.407
97.7696
95.4478
85.0456
43.0638
136.866
58.2837
64.7787
78.6887
52.0186
103.756
95.1885
81.6732
83.0152
61.4772
153.855
91.1544
230.008
206.067
29.1623
168.594
81.5799
193.407
54.5455
36.3807
104.741
236.008
82.3199
111.946
75.6848
79.2478
148.093
55.0771
54.0149
82.198
38.9012
81.8397
82.8927
29.7784
115.587
127.537
31.2709
207.334
95.3454
194.015
73.4723
137.697
131.103
71.939
51.4251
108.839
36.1736
40.1799
45.3397
27.5245
139.549
83.6662
183.666
39.4117
50.376
64.55
33.9207
28.53
106.122
42.9355
58.8925
74.9282
48.5415
56.436
171.768
214.179
110.145
154.566
47.4898
54.3302
26.9176
67.8506
99.8135
45.2652
26.7843
115.523
53.6528
28.7468
147.265
83.513
76.5939
101.773
75.6461
98.985
67.1207
42.3154
91.0276
37.6665
99.0635
49.9172
212.868
44.9975
248.622
62.7848
35.2774
57.0516
52.0581
74.6506
29.8187
99.6202
44.9029
47.9498
166.841
132.856
205.893
29.7199
53.7283
39.2361
91.859
115.21
189.881
201.152
99.4541
80.0594
29.195
60.1582
98.7795
70.5806
48.7023
41.3464
88.5811
140.974
38.3029
77.4991
88.9345
32.3116
46.3426
51.8276
47.9638
77.4982
48.6061
73.9841
193.445
40.8464
46.1645
118.918
63.3228
142.337
142.043
174.933
28.3053
48.4935
193.755
123.205
167.37
29.5335
111.489
118.142
179.25
33.3833
63.7298
56.0724
29.8703
110.721
34.839
232.077
50.4774
175.947
93.5264
100.545
80.9841
47.6897
141.86
160.545
73.5319
122.664
189.192
106.746
85.26
125.045
128.264
94.7303
114.917
27.0087
96.6287
113.862
53.9582
83.948
130.038
228.78
103
45.2094
45.4995
111.23
52.0272
81.0549
60.4142
112.633
91.2194
105.228
114.682
40.0255
28.5972
170.525
48.548
39.0523
101.71
44.1588
38.2434
131.377
130.872
201.144
186.649
187.695
136.626
88.3386
65.1221
133.54
64.7888
141.929
45.6701
27.5627
38.463
35.7634
38.451
61.3487
189.32
67.4906
137.012
62.2757
45.2
42.9726
44.1958
94.5622
121.17
123.18
104.942
198.023
31.0971
149.529
164.621
48.2643
107.72
209.791
94.2911
45.0572
118.425
123.244
139.606
55.532
93.7755
104.05
51.2234
83.2614
92.0192
109.794
123.394
60.3557
72.5031
70.9186
157.764
53.2089
218.008
78.822
166.524
72.9549
75.4513
70.0022
256.557
116.848
121.654
68.3734
101.386
27.7509
113.94
115.65
30.776
72.4108
75.0074
250.807
91.6092
164.652
150.081
83.0082
88.9378
93.1605
124.405
33.3147
73.2234
91.6765
145.203
36.1147
124.579
44.3921
71.4789
147.324
81.3528
28.2272
112.161
77.6592
62.5166
49.0062
43.5102
38.7061
60.4082
44.0664
249.376
96.3943
103.317
29.6775
77.9214
62.5313
167.94
91.7656
26.5418
72.2456
28.6804
131.228
44.1433
253.797
112.245
31.3576
63.043
124.611
46.2706
228.371
141.287
197.913
76.1376
54.2551
52.3823
41.3953
37.3402
47.3437
96.6562
150.086
37.7903
59.5294
211.858
86.7365
46.631
127.639
43.8427
82.2024
30.5792
102.142
67.58
65.05
104.472
73.3646
47.7291
36.8524
52.7319
30.1327
30.1452
124.447
142.707
136.942
213.727
123.652
98.5578
98.5986
79.4796
183.765
49.9613
27.5598
94.2878
172.319
159.594
48.1759
53.2927
92.9055
57.3066
26.912
50.8649
69.3384
44.369
38.9842
48.0467
74.242
37.8488
30.1518
37.5466
91.3724
70.2271
125.441
137.711
242.613
80.1553
201.44
28.9631
47.3521
43.8881
45.3958
216.207
70.9495
181.882
70.4459
238.509
116.87
137.007
172.603
47.4571
196.422
179.506
61.6635
74.8237
30.5148
124.619
51.8503
55.6803
84.3019
68.2274
94.1783
79.209
60.9464
32.0309
58.4412
167.342
39.7322
111.127
56.7287
44.5756
77.1174
26.9493
27.0498
101.99
178.392
244.585
235.167
91.5174
70.8819
52.883
32.2191
35.3376
56.028
225.38
215.206
50.0343
27.7179
41.1143
47.5268
55.9987
40.6031
57.7398
189.455
158.419
159.083
48.2352
32.7742
119.645
137.922
58.2705
46.1934
61.1952
31.8512
76.7958
104.321
56.7486
35.0441
45.4129
90.1393
40.4507
37.6704
34.7279
99.4634
75.0435
158.474
59.9521
54.8593
210.042
92.6618
32.2854
90.3898
41.4718
29.066
33.6356
80.647
142.07
34.2269
250.435
57.9369
195.643
73.4461
103.484
41.2825
26.848
51.2446
164.44
113.241
56.1676
102.349
114.701
87.6548
87.4618
36.7007
146.08
85.9742
251.757
116.928
166.771
84.1665
38.8268
68.82
38.3186
46.1687
169.853
27.9646
191.317
215.51
144
47.1346
69.938
110.734
42.9289
80.1515
125.98
44.5806
91.4832
141.178
79.9558
92.4486
62.2445
59.522
126.56
174.847
132.454
91.6744
143.288
147.028
27.9514
73.2239
140.456
36.1061
71.8668
183.171
32.079
44.44
178.107
89.3135
60.2059
156.754
169.649
42.4343
35.0073
27.4567
40.9986
28.5002
36.2813
157.005
66.088
124.595
51.2028
78.4494
70.892
75.0288
69.0196
27.8817
52.5768
61.5179
75.8221
37.2187
31.9463
53.5018
88.5852
49.7707
123.601
48.8915
161.568
71.3974
147.406
137.751
81.7046
33.0568
36.6053
50.8567
115.689
146.885
201.406
27.8768
125.06
225.468
61.942
137.333
73.8681
246.285
46.1727
82.6442
46.5615
101.823
52.6273
147.585
75.642
221.379
30.022
160.78
37.7739
36.4425
245.946
69.197
43.694
162.184
190.864
38.1476
157.933
73.9609
211.16
73.8542
46.5763
83.4152
58.6
208.547
79.0672
93.5098
121.548
52.7279
224.714
135.576
39.9314
162.039
68.6308
78.9923
49.8131
69.5445
71.1065
121.658
62.2068
134.598
166.272
136.232
28.9222
43.4403
68.5985
47.3372
205.924
106.673
38.197
155.836
30.5388
227.874
118.681
36.4526
253.452
27.7957
40.7526
85.6176
185.325
71.3381
143.952
58.7266
94.6017
101.571
229.518
59.6551
124.816
109.885
59.6554
42.7766
82.2761
87.5006
39.0026
135.99
53.9675
62.8152
137.917
71.4997
70.5927
212.131
97.2252
40.1157
111.382
48.0319
58.5706
37.1891
220.031
64.6881
38.7759
36.9805
30.3193
138.714
99.1973
131.942
205.392
116.712
149.822
35.8002
65.4584
93.9036
153.848
162.231
124.624
60.4037
50.3097
117.425
107.433
59.8137
79.8186
35.3676
93.1027
35.6357
26.8212
100.939
61.1266
102.791
40.1698
195.464
36.1762
149.215
82.4685
152.041
51.6354
137.818
47.0337
67.4308
235.931
27.245
93.4673
65.2524
93.6297
81.8088
39.1345
89.6243
88.6589
170.529
224.862
172.979
75.1968
228.854
51.3406
35.2819
130.467
81.8527
138.504
32.0865
41.7873
89.3718
35.9773
51.1575
41.2856
76.9909
215.914
139.298
53.5461
86.2091
133.921
74.4875
103.816
75.1356
42.1991
195.919
52.6101
34.7449
88.5733
28.536
77.9817
86.8868
115.282
60.7856
37.8607
61.6365
151.915
64.9481
99.6459
87.535
134.757
222.14
254.864
63.8781
67.5401
245.296
69.3855
64.3252
96.919
109.523
75.7623
31.7677
26.7005
47.1358
245.254
83.9786
172.036
107.953
39.0722
70.4728
124.273
216.083
69.9608
46.4431
48.3762
35.544
40.742
147.697
26.988
28.2625
78.0555
102.985
88.6565
112.727
108.796
191.107
44.5305
79.2694
237.328
34.8462
42.4183
44.9153
44.3503
98.8161
106.791
42.4248
34.5781
44.4299
111.593
98.2097
48.2172
32.289
34.9857
155.656
71.0742
40.5982
48.361
99.4032
87.1707
100.748
141.701
137.301
44.8664
67.8073
39.7467
34.3156
36.4823
47.0774
212.533
33.0687
119.428
81.1736
153.126
59.6176
91.4934
53.377
196.817
128.043
33.395
68.1597
164.52
63.7791
46.713
63.9839
33.0643
37.0306
74.4903
96.9374
45.3512
69.0624
94.5166
61.5538
46.1612
91.047
71.309
98.239
43.2164
39.329
75.9578
118.632
176.791
159.047
191.342
105.821
75.9125
57.2948
63.6387
42.2003
57.8509
123.956
77.57
57.3035
123.627
66.8134
147.205
92.6185
40.5395
46.419
74.7344
112.52
46.6837
203.213
64.9133
36.0148
63.933
36.8315
99.6815
35.4708
43.0634
154.802
69.9398
65.7048
152.054
91.3502
34.6462
85.2242
77.1899
43.8252
29.8494
37.7064
109.775
45.6536
114.098
173.216
197.924
132.532
30.3362
68.675
37.2373
189.889
83.8847
229.642
69.3812
133.712
50.3558
168.066
65.4021
75.9654
26.6349
30.3113
112.552
53.4446
154.616
114.794
42.2156
189.362
52.007
102.541
109.903
42.0418
100.3
37.0626
49.1666
35.6107
79.6959
252.414
60.2326
76.5658
70.048
99.6607
37.1524
89.2286
197.808
84.8763
69.6894
114.082
29.3525
75.7479
115.567
169.431
35.2363
95.6789
121.694
78.5028
104.952
78.7426
82.9708
94.4296
51.6181
53.8096
181.934
74.5159
126.756
57.0771
38.8166
52.9839
201.328
165.712
61.3479
102.382
53.6706
38.7743
147.462
34.3479
184.236
40.078
204.259
173.169
75.4271
98.1081
62.2093
217.17
141.48
66.3068
52.8214
164.811
117.055
65.143
79.2284
94.6169
36.8586
129.667
93.2982
53.2105
28.9791
29.3179
111.195
101.603
235.016
170.463
29.4377
244.588
86.6753
55.9255
128.56
26.7769
51.228
144.702
259.427
27.4001
30.5159
100.294
58.9001
147.776
192.488
130.729
121.995
263.101
49.6218
44.5732
241.735
88.6467
98.3653
85.1176
126.418
32.026
118.67
72.4675
31.0645
114.396
32.2353
161.161
69.4003
29.0214
26.7467
79.6831
73.6597
31.4946
29.488
68.4998
82.4314
202.628
225.012
148.341
45.328
50.3264
75.1816
80.2274
73.0916
189.44
89.7923
51.2592
139.076
96.9877
48.4649
183.304
53.9794
32.1487
55.5593
123.325
86.7602
107.591
87.0706
33.1261
53.7899
75.222
87.3301
149.309
114.271
48.2441
148.365
122.946
138.498
66.9073
98.902
54.7575
82.6518
69.5697
40.8648
151.694
38.036
89.1788
128.697
109.843
91.427
28.0004
38.7028
37.233
49.303
127.484
60.6857
84.1847
56.1478
33.0741
36.9314
35.2537
125.564
69.4038
55.087
58.0307
32.2368
102.477
78.8897
62.1148
75.0666
208.867
79.6462
74.1907
45.8659
129.308
127.381
76.3209
162.552
31.9143
31.0422
213.754
29.8917
108.597
44.9295
58.2911
118.971
61.0848
103.921
66.858
37.1119
57.3233
64.8088
121.008
135.615
176.291
35.4916
50.4127
52.5926
59.2894
55.7498
49.7304
39.5727
56.9275
44.9185
163.785
117.259
112.147
156.486
130.588
32.1734
33.118
27.6662
76.1833
239.917
44.6134
156.92
118.345
66.8611
41.2245
155.222
184.434
111.515
89.2236
41.2888
45.22
40.4668
117.54
35.7442
28.2653
99.564
26.7117
65.4245
219.943
177.398
129.058
89.4
185.949
126.39
43.2643
78.0642
198.442
131.022
73.3794
61.9587
90.2543
64.39
61.0599
234.796
58.7425
37.5394
31.1999
104.381
70.2359
39.6887
51.4977
180.806
124.397
72.7734
210.653
97.6614
132.456
79.858
57.747
45.9116
213.671
192.587
71.454
44.4895
33.2307
31.2014
187.857
257.151
50.894
62.0284
122.434
77.0201
119.045
159.831
49.7671
52.41
84.1432
42.0457
116.617
142.027
111.8
69.067
87.8073
200.738
27.8844
49.0731
65.5412
186.594
62.7934
140.874
66.0154
57.4398
126.68
39.2042
45.0975
145.617
44.0816
205.959
42.8628
29.3726
169.922
61.2693
46.2499
61.7544
135.063
92.4138
41.745
68.9366
59.2808
81.5401
69.9087
138.178
37.8709
35.9896
156.911
89.0152
160.426
26.6271
60.2565
57.4653
82.5343
70.4422
251.164
36.4355
52.1685
160.505
47.0735
81.1293
72.3155
52.5708
93.0381
48.3444
158.474
104.925
36.8322
94.8619
53.6953
192.165
98.1248
107.951
68.1128
107.276
39.8227
80.0008
68.7318
49.7021
78.1918
55.4143
60.5696
30.3417
33.184
55.7965
30.5195
28.2113
63.6381
120.558
35.7639
49.3967
141.749
105.88
79.164
30.473
121.142
76.1109
28.3833
32.4294
183.02
57.3785
42.1202
83.2565
177.622
164.971
141.576
45.3108
151.55
178.642
67.7121
111.778
82.7146
112.411
197.754
101.429
106.33
71.3151
58.4177
137.746
200.135
109.333
117.53
86.136
238.404
47.9202
54.4354
30.8779
83.9494
58.8513
52.2943
106.528
204.606
28.6387
172.998
134.145
33.0976
39.1616
37.5964
177.341
43.6467
120.255
39.1132
197.164
58.6439
73.854
85.8095
65.9783
39.0113
90.2572
123.097
79.7226
53.6346
118.449
191.788
142.129
83.3715
122.517
36.0275
70.3108
219.279
44.2769
28.0052
115.905
148.444
79.1097
84.5997
63.2783
208.188
40.6055
69.4042
194.131
56.974
92.4228
118.488
41.1541
123.8
60.1714
90.6436
71.2245
103.789
49.1558
71.4044
97.1003
84.9768
84.4678
47.1193
108.653
152.656
49.9877
147.066
163.188
71.6834
191.704
156.91
249.535
120.637
27.9691
73.7774
171.341
37.5137
28.6816
82.1781
184.757
124.726
37.8386
89.4467
35.8481
230.795
98.3215
63.813
35.336
91.6873
87.1237
48.7828
216.085
49.1347
171.532
96.6527
114.358
157.544
163.539
73.4038
27.6187
36.694
42.5083
244.797
146.745
111.266
159.594
48.3178
63.9331
35.9292
175.494
83.8747
86.189
186.984
62.9743
163.712
38.4216
56.8771
84.7931
32.5956
48.5413
123.282
194.771
115.094
167.998
32.5644
104.998
42.671
124.729
75.3303
64.824
101.439
32.8519
108.828
68.927
69.3364
77.797
102.603
32.9735
52.2835
86.8229
49.8851
169.58
37.7433
100.519
104.657
135.16
188.953
211.864
74.9159
31.0398
101.943
199.468
30.727
77.0082
96.1497
68.3466
85.6754
37.5606
58.9409
51.6321
43.761
31.7587
73.2448
164.2
43.2875
172.859
198.985
108.457
59.5732
65.5918
67.452
204.234
88.0682
115.295
94.0208
131.981
143.226
29.9885
76.2924
36.9708
43.9865
129.324
60.7489
49.6451
121.579
51.1238
36.1794
118.06
28.6412
75.661
76.6483
126.144
37.4141
86.6701
126.009
61.4025
180.554
26.5242
179.904
100.926
154.493
56.4131
46.6388
61.9155
172.32
40.5463
210.27
150.522
44.8415
93.6458
112.689
71.2344
117.791
26.8318
171.975
38.8479
82.8844
85.3286
28.8305
57.3754
80.3677
57.8672
185.123
69.17
85.0954
216.238
225.756
139.89
41.4585
41.7932
137.487
28.4967
82.1153
74.5594
51.4481
26.7831
164.825
32.019
48.9769
126.357
187.683
49.5191
55.1593
80.0367
72.0789
37.4307
72.3573
46.7472
45.4972
26.7376
59.8962
88.2526
125.719
119.61
55.5633
85.8622
78.5201
257.102
135.362
107.324
64.3376
33.0929
182.016
184.948
79.1351
62.3254
81.1647
195.737
70.5413
89.129
39.5113
65.9597
36.4252
64.8908
91.8048
56.7399
54.9856
61.0691
85.481
102.959
97.0575
95.3489
33.6225
74.24
94.3804
33.6902
29.7112
130.33
150.172
60.2777
38.0953
61.4797
27.0532
238.626
143.148
30.5423
179.516
45.023
56.6727
26.5694
150.509
199.588
149.845
255.505
57.4609
138.757
31.6316
78.6029
75.9594
125.079
108.723
40.8939
174.736
29.8286
39.438
51.611
78.4573
118.326
37.4948
115.69
28.9249
122.325
96.2357
229.024
26.9024
28.0579
122.917
31.6003
98.9707
36.2221
29.9149
49.3232
30.2121
68.5289
121.528
65.8723
49.5342
219.667
65.2356
119.565
31.8476
49.039
50.7398
47.2854
69.1002
43.6372
117.768
84.9436
113.274
52.1996
201.898
188.832
49.4732
62.3134
113.858
148.646
191.432
62.8673
98.7496
34.0412
100.785
55.5333
74.0835
59.3106
193.847
141.95
53.0971
42.3277
84.9263
63.9162
46.1473
90.704
56.6115
30.8732
91.9063
170.004
33.7323
118.891
44.2286
134.487
219.032
47.3462
114.133
233.328
31.8897
139.117
111.406
28.8414
222
79.2048
253.998
26.8103
49.2292
52.4255
176.968
50.9496
80.7197
91.9479
35.5125
66.0215
58.8109
110.9
67.7596
57.1313
54.6149
96.5582
44.1391
36.984
48.7882
91.6117
65.1093
150.132
88.2745
86.4677
225.201
54.0501
216.05
62.9213
73.82
72.5939
122.623
53.8688
72.9271
118.338
108.231
76.5067
29.7536
181.938
187.548
128.25
46.9818
48.35
71.1901
188.58
190.944
172.727
72.9544
38.4386
241.733
141.273
115.292
98.5813
128.403
198.461
28.4555
112.376
137.887
42.9032
30.4759
110.447
52.0905
79.0175
41.8545
67.0882
28.7002
111.847
36.6142
94.6973
28.3764
228.85
35.5245
63.784
234.323
55.1555
42.6113
28.0543
30.4714
54.7682
70.1959
51.5838
174.047
55.652
98.5747
82.1001
36.3008
69.0117
152.15
53.0854
51.0294
138.134
31.6919
69.5533
63.6236
143.388
76.8327
58.4745
139.016
201.226
37.3155
81.4933
41.06
96.3212
27.821
87.493
34.7971
120.431
90.9403
154.832
34.4753
57.0911
27.2603
57.7464
151.13
41.6582
50.3992
111.894
96.1441
57.5746
138.331
116.001
51.4435
41.9334
123.396
139.243
137.917
123.166
78.6106
31.4022
114.717
59.5364
190.245
36.6991
86.7877
65.234
83.409
129.195
71.0078
29.4395
57.5613
76.3847
55.3267
67.2403
58.5909
70.8554
43.6361
42.2032
134.821
51.2129
163.259
51.8289
146.29
152.068
194.473
94.1049
78.7302
57.5779
181.459
144.895
226.669
106.728
200.439
171.073
116.457
28.328
168.364
71.9887
47.1243
87.7465
29.7284
36.0764
49.7787
38.0605
47.0021
90.5051
45.4229
79.492
35.5649
119.127
39.6528
107.478
104.264
131.224
47.694
33.9116
26.5898
46.3054
131.807
97.0685
63.9819
69.7013
90.9765
173.456
49.9095
182.542
208.227
101.394
27.1006
250.123
48.904
58.294
139.878
131.355
76.4116
246.13
82.7586
65.743
64.868
185.149
45.4637
50.1987
41.0323
72.9358
49.5263
142.51
26.9451
154.226
75.9554
62.2039
29.9461
74.8606
55.7791
95.902
112.526
97.3302
33.0835
33.1013
179.602
61.3698
78.5008
93.4258
78.295
208.566
29.6428
171.84
68.5189
57.1199
87.87
49.1796
84.7637
50.0302
76.4522
135.483
63.8411
33.1743
243.765
73.8827
32.0808
109.389
33.9888
107.652
93.5781
64.2787
97.0294
28.0695
80.0322
73.4361
212.01
63.0711
113.621
60.8183
40.4534
49.1682
156.277
110.945
33.3238
28.0504
130.173
77.8229
225.836
138.014
44.4244
73.0816
50.0524
29.7077
59.922
248.285
62.9461
36.785
48.5617
27.8097
76.1717
122.35
205.495
100.999
52.2838
94.9811
45.2379
79.567
34.1668
47.862
172.333
59.9025
43.0592
185.846
67.0038
119.326
110.316
28.3584
132.914
183.832
236.618
48.3678
60.6431
67.7678
193.063
109.354
48.6409
36.0831
93.5627
204.743
76.6752
143.795
119.28
79.5753
65.2568
76.6358
27.8502
28.3821
227.638
62.3537
119.247
105.923
47.9
60.8108
31.34
27.2366
42.2312
40.4059
27.2093
89.3458
203.884
114.247
50.8413
43.605
62.9502
59.4328
94.1097
93.9073
41.7777
68.2426
200.475
29.4955
191.351
149.087
66.4976
55.4941
35.954
70.1317
53.9196
40.5872
28.6593
151.411
94.0743
51.5824
39.9974
203.419
260.723
29.7356
31.8785
178.43
29.5403
55.0634
45.4079
187.149
164.275
129.83
30.952
40.7011
86.4957
121.833
238.827
128.639
41.9503
90.9622
30.3451
30.7421
74.5922
41.806
129.564
65.0982
130.08
49.668
78.9705
70.2304
104.305
193.242
133.593
186.027
108.995
74.5177
47.0907
80.3702
151.712
35.6305
76.3529
82.149
27.292
242.516
115.841
81.5758
65.6642
29.8467
74.191
42.8776
108.411
92.402
46.4143
39.9276
120.364
94.4972
113.396
169.916
76.1181
30.317
146.118
61.4621
41.6396
71.2626
55.5849
67.7658
96.9494
27.8274
30.7994
103.118
36.7001
58.1594
54.0209
77.1619
56.0182
58.719
120.344
62.0661
37.9873
65.7996
81.8384
165.057
160.474
183.325
119.924
62.5893
158.123
204.567
127.126
32.4767
85.5717
26.4718
193.664
66.9673
30.6284
200.279
58.489
156.495
57.3748
100.259
53.342
60.6321
243.601
35.8968
36.3606
29.4559
27.875
39.2453
168.344
158.819
34.1858
55.5133
94.305
26.6485
160.283
131.924
28.2891
54.0032
126.72
58.79
100.475
104.447
85.6322
225.188
87.6776
57.7111
133.746
207.637
66.6556
45.4929
84.6578
80.6527
57.0091
83.5049
216.34
39.1482
42.4099
27.7164
34.5311
66.7717
119.04
62.4137
262.578
26.8308
65.5504
78.2022
46.1156
72.1544
35.7356
112.679
242.265
51.142
30.1023
138.966
110.795
26.4103
39.2539
118.399
43.8151
101.073
158.216
181.883
79.758
142.998
144.256
81.0573
39.0957
238.686
204.181
27.3151
101.436
35.2213
31.553
61.5861
39.2372
81.5926
100.806
225.948
172.195
63.1683
56.2568
91.7452
76.5221
40.0774
34.8398
91.1317
26.6078
104.807
26.7375
39.2795
61.3759
30.16
76.3915
103.251
79.8519
122.319
128.744
51.5974
217.191
73.8941
89.7593
183.409
36.8922
39.002
33.7041
135.101
51.7314
122.092
47.0774
40.0423
107.443
26.5787
158.826
39.7194
43.3916
86.4764
98.4105
85.3604
72.3215
108.54
102.803
71.9053
148.436
93.6044
128.604
55.1008
50.4535
41.1343
231.685
138.713
76.126
43.7637
147.327
50.6302
35.4184
170.293
60.8264
205.747
56.4938
131.186
52.2091
46.5476
127.104
49.1176
90.6925
44.195
217.789
111.808
37.5054
40.8745
43.2755
105.068
33.3222
103.209
28.6493
125.238
71.7182
81.029
79.0341
63.8376
125.38
35.0518
40.4182
100.465
34.9431
99.3542
44.1472
102.26
28.4917
73.3661
121.948
66.3881
110.203
54.6744
133.617
72.9903
104.981
120.412
65.2243
164.333
61.1879
43.4883
34.813
92.0932
41.6821
109.419
121.26
208.035
143.347
104.43
114.812
132.266
55.7332
143.31
28.0389
56.8326
39.6619
81.2802
55.788
65.2025
130.346
26.4189
102.826
72.0496
90.9903
85.4414
68.1352
122.832
46.7212
52.4067
112.861
74.2739
49.3734
219.751
88.9994
116.272
32.2443
47.6804
46.9226
49.1657
152.78
74.2973
93.2942
210.785
34.1172
64.3212
73.586
92.7231
37.4919
46.1563
83.949
140.212
93.7265
240.232
27.1219
208.115
43.0904
122.052
54.52
42.3995
80.9775
130.701
146.635
90.0454
100.482
45.6529
71.5492
40.7742
71.1471
55.5636
166.339
83.8894
182.784
51.6157
150.353
107.7
49.3295
39.2406
51.9924
59.4284
83.1766
164.118
158.774
54.001
83.6622
36.5579
112.807
39.4495
107.311
108.895
95.637
72.0598
33.2841
144.711
57.5141
202.819
43.6812
106.294
77.4589
46.8729
116.101
40.564
91.4006
158.521
122.64
254.265
154.892
46.1098
45.7807
57.4533
231.695
132.668
197.966
92.7448
27.7103
77.473
82.8641
28.2274
65.3938
30.3583
108.03
42.1362
101.943
136.897
90.6553
40.9678
68.2857
47.16
26.4167
62.8383
37.8825
79.6741
199.355
61.4796
42.5575
28.0234
173.969
84.5642
135.511
50.9535
35.7233
37.9624
61.1387
73.2628
73.8149
101.909
58.9927
68.6705
48.6836
125.045
239.515
246.062
241.706
35.3869
96.5585
89.245
107.274
47.0956
70.667
27.9347
73.2491
79.6369
42.8523
150.347
182.491
157.553
129.796
45.7566
51.2056
182.65
37.9764
240.218
228.025
90.0333
172.325
64.6663
60.612
59.345
135.207
78.9023
247.588
122.369
77.0862
98.9358
103.491
84.4347
81.7405
147.833
104.702
193.559
43.671
163.619
99.7393
65.1464
33.2237
181.079
31.9762
95.855
133.554
49.6604
171.197
221.941
138.957
34.1072
53.3162
252.992
80.7915
176.595
70.8794
48.3464
93.6198
103.203
134.653
109.658
34.3656
85.5084
97.3273
68.4453
72.5719
209.96
38.1333
116.889
40.1514
112.475
47.5534
39.027
36.8994
176.704
94.1748
28.7481
47.8804
30.0396
67.3613
64.6787
64.1805
65.0852
168.757
152.029
183.979
62.8497
42.6072
52.0691
116.347
27.3214
38.2604
246.122
48.9953
144.515
59.3337
144.588
119.769
118.652
56.8193
35.0878
118.871
165.247
95.8113
127.088
78.05
195.005
157.669
53.5234
143.889
154.855
40.0922
223.309
130.813
92.9519
111.156
251.312
58.3531
33.3393
127.454
35.5183
232.601
137.807
109.634
167.142
110.179
71.0304
88.2989
117.896
42.7145
63.0182
71.8481
27.623
31.3699
44.4319
123.436
94.0809
175.66
45.4967
73.3334
35.5096
108.249
62.3003
95.2618
95.5681
67.5719
26.4962
55.6646
53.4016
165.701
34.3336
163.776
57.5885
57.8594
40.3378
210.141
82.4893
69.3597
50.6966
161.594
74.2898
60.1668
50.1113
121.431
43.914
64.3829
133.25
140.582
80.6866
64.8582
39.6882
159.831
46.4453
36.4661
243.722
55.5389
100.564
50.5209
60.8775
109.73
94.8937
40.4204
35.7389
30.9854
193.514
177.959
50.8845
64.1752
48.3242
31.039
55.8236
171.691
34.5178
177.179
55.7646
187.599
157.361
70.1711
96.9519
49.816
251.281
67.6131
52.0359
198.41
64.3856
118.742
78.9637
74.1427
87.2967
42.905
70.084
137.294
105.772
78.4578
30.5242
28.7601
47.6982
139.264
177.898
51.4786
98.737
29.66
165.516
36.2097
101.481
38.1095
71.9002
58.296
101.22
182.371
262.228
44.3996
194.551
134.621
61.6596
114.551
29.5667
195.488
40.1713
94.1249
48.458
87.9538
55.0328
32.1904
79.513
127.495
39.7991
184.078
152.335
162.503
244.847
70.1574
30.7446
26.7686
222.809
111.272
44.2059
160.162
74.5749
103.578
187.309
60.6505
86.2319
75.8536
50.396
65.4761
70.5781
78.3686
74.2038
102.714
114.277
93.6645
167.008
29.7806
89.7988
69.0736
96.5342
77.6409
85.5363
91.0037
38.5924
75.1731
104.817
65.9868
42.0003
59.1038
42.8443
120.205
112.8
60.5884
131.455
152.902
117.223
27.4189
135.778
96.5615
45.1286
88.6001
76.8613
111.748
112.704
42.9847
49.7776
74.9638
179.359
63.1254
101.573
32.3095
47.3868
49.8533
62.8045
48.1656
195.107
56.2411
28.065
27.1385
111.657
76.976
159.191
39.4824
50.9136
28.757
167.669
37.1366
40.3472
54.92
51.2414
72.6298
138.242
154.411
40.6894
131.494
75.7079
58.3833
35.1925
55.8892
32.055
107.884
36.7848
154.341
79.676
81.0661
163.165
73.777
58.9032
47.5981
148.515
107.527
106.286
78.2034
65.6347
50.01
188.818
30.7561
226.516
49.9081
146.48
222.033
106.061
72.2848
211.051
29.7616
142.864
85.7932
77.4184
54.9909
142.275
92.7704
164.091
63.8966
73.2938
41.7062
53.8721
75.1733
59.4945
105.005
35.853
82.7117
61.4131
85.3908
116.541
75.6661
59.3517
38.0245
60.502
49.2388
166.006
78.7736
142.973
132.614
68.8072
99.3229
175.076
219.936
52.9538
89.8263
65.9358
52.953
65.8156
38.523
40.0951
90.5111
128.736
112.159
86.8842
130.005
126.845
63.5269
26.7099
85.1113
48.6986
104.013
118.671
88.3908
171.177
116.791
31.6566
30.084
44.8704
69.9074
55.5088
28.2427
82.0085
77.9813
63.6984
204.758
26.9576
119.631
36.9368
178.239
120.057
138.571
159.14
66.3431
84.7406
27.457
161.514
74.4656
74.115
40.267
118.039
34.4149
43.1848
79.2253
62.1583
89.1736
170.973
205.562
165.31
98.4651
30.811
121.34
127.915
142.655
73.007
65.961
31.8508
130.87
82.6921
66.5109
44.827
74.0371
48.78
120.212
50.1844
70.2563
130.31
184.21
51.5245
88.9155
139.703
43.1859
82.202
38.8745
61.5858
109.454
33.9673
207.735
90.464
30.9315
226.534
108.248
132.976
143.976
36.7691
94.6588
152.463
195.505
52.9835
156.039
40.871
27.2727
120.537
48.4702
247.884
42.7015
124.217
76.7666
41.9494
92.3188
178.239
57.0385
75.8682
68.9374
62.1303
130.007
31.1207
84.1198
36.5266
58.2752
55.086
73.8319
109.315
74.387
72.2373
109.443
30.4202
211.238
89.5773
175.872
87.4455
69.4974
128.599
179.945
98.039
48.9314
42.7596
53.6764
57.2399
78.8633
66.5765
31.5434
111.963
57.9006
55.0758
29.4532
75.3871
55.2461
29.0641
87.8129
43.5852
39.9061
37.4729
104.869
90.0346
124.359
125.792
52.2889
52.6549
63.2707
259.854
27.1053
141.443
142.256
55.3082
73.546
71.4068
54.8989
31.9602
139.561
91.5286
77.025
99.5303
28.9219
141.276
127.252
47.7946
100.929
212.941
48.5546
54.8197
152.661
182.112
60.692
51.3165
34.2724
51.8566
145.203
110.127
38.8481
205.146
210.789
196.885
124.853
32.6638
142.954
56.9534
43.1508
114.494
55.9516
31.2701
72.5091
89.0456
57.9373
212.428
42.3783
95.7491
190.711
76.1425
199.524
57.9912
124.485
71.239
32.2692
247.887
172.929
208.234
34.1837
91.662
45.1288
40.2134
38.5346
106.727
73.5683
66.6906
149.995
61.4418
45.5428
166.114
48.5111
40.2719
155.878
35.869
224.306
83.9772
125.966
243.568
73.2182
93.3222
32.9842
47.9919
52.2379
75.4103
54.8483
35.1868
79.2786
67.5691
101.582
53.055
103.997
42.9659
68.0247
89.6328
26.8392
138.825
37.9223
39.2924
237.873
48.2031
70.9293
93.6619
87.166
134.36
53.3566
30.33
35.6302
81.8479
30.5808
28.832
27.6778
27.9989
168.432
109.573
73.2639
79.039
66.0755
116.639
70.3236
202.11
110.6
51.0034
46.5308
83.595
50.282
31.4072
186.361
33.0539
128.783
36.8378
40.4393
32.2109
39.1917
258.258
121.045
105.517
138.234
66.4621
117.63
81.5829
109.715
64.451
29.1854
73.7474
59.5927
55.0652
111.896
53.8185
189.734
96.1586
167.108
209.107
133.242
114.362
91.4628
29.8068
220.145
37.7885
74.5842
192.376
93.8387
43.9153
117.74
128.259
108.248
100.041
253.429
29.8373
150.872
177.627
61.0172
183.838
42.9724
36.356
31.8808
128.063
167.409
38.331
95.6905
80.7864
111.448
185.6
77.9858
122.315
50.8217
149.798
83.6615
73.8528
157.141
94.0269
62.2187
40.3091
73.1046
55.1454
29.1899
62.288
82.4046
117.359
30.009
51.2697
117.803
80.5875
53.0655
29.2888
74.7781
102.646
79.1453
37.4262
34.9166
36.2998
65.933
51.0857
182.832
211.005
60.8436
50.1972
41.4867
80.4086
116.26
36.9479
251.339
52.8059
150.392
60.177
28.6204
37.59
89.8193
56.8402
36.3863
27.9
190.071
63.6512
33.9256
65.1051
140.125
213.625
106.907
28.3867
47.5949
55.7948
43.9685
55.2831
29.3277
176.918
209.345
247.012
84.6191
80.3231
219.525
196.066
99.8257
29.3494
31.4481
52.8749
150.605
127.974
54.8945
37.1093
36.9505
63.2643
98.0121
165.454
112.585
55.1365
27.3475
84.9541
158.427
44.4115
73.0885
63.0298
79.0711
104.231
60.8812
112.178
77.5547
53.2716
217.959
62.3177
95.4919
27.6875
118.885
51.9588
213.425
130.951
175.319
142.052
27.3878
99.8011
59.7722
155.499
93.2313
39.4113
54.1829
32.5239
74.3022
142.667
171.419
40.1984
107.374
49.9033
259.286
106.866
120.294
88.1183
254.331
255.467
89.4247
58.7972
30.9231
47.9963
58.4231
111.052
28.6528
198.338
36.0124
119.394
65.7346
38.6509
83.2458
30.7525
50.1111
93.617
186.09
44.0812
218.72
141.094
131.963
141.776
120.336
64.7996
154.243
34.7529
169.749
71.5578
29.4207
35.7903
28.8409
35.1421
50.7975
46.144
32.7486
50.5571
52.8568
92.874
135.932
193.696
89.6607
133.009
41.9782
53.3459
44.0358
146.626
40.0785
76.5059
194.114
76.5472
71.5483
66.4545
29.8371
35.7382
240.324
148.198
98.3067
38.1295
81.3667
29.5552
48.1127
83.934
83.2631
93.2492
66.3499
198.298
35.0533
27.5544
119.163
26.5243
47.5571
63.5721
66.7143
217.814
98.7168
261.362
173.271
145.332
37.4984
29.3032
109.446
72.5626
31.0744
173.921
96.8266
163.81
54.6751
76.8711
52.6477
60.7925
32.3543
30.4704
68.9408
75.5365
51.9429
69.4107
104.881
66.5808
46.9913
107.269
43.8683
30.8613
41.4361
75.3217
65.5136
96.8032
232.685
33.2246
94.9863
124.502
215.862
53.9394
178.958
43.0487
28.7562
151.182
110.874
52.2292
91.7093
48.2817
30.3246
118.433
221.346
28.3961
203.85
36.5689
114.828
65.5744
86.8154
97.8556
85.6463
165.851
167.801
174.848
70.2935
141.886
43.5749
75.3216
76.8254
77.0815
61.8006
48.2909
53.7681
51.5437
54.0777
32.1088
224.315
50.5555
74.8665
94.0352
144.203
69.3633
124.05
74.3766
174.67
72.7265
65.0268
134.012
45.6143
101.111
152.068
30.597
156.012
34.7891
72.1192
127.556
86.6833
35.8349
43.4102
231.546
96.3187
59.1573
153.425
52.8126
34.046
92.0006
37.7365
73.7805
64.7966
148.407
176.145
72.7915
87.062
101.439
39.0774
32.4605
63.7988
58.4817
178.006
116.629
46.6591
33.0075
71.2506
58.6803
37.3731
227.336
105.058
138.253
114.562
47.9476
100.782
31.1892
36.1172
37.892
147.593
27.3757
61.708
73.5536
49.3129
99.7563
84.0692
145.375
44.4973
142.513
45.8741
31.9155
178.216
124.061
74.2119
36.2413
108.595
46.9571
122.302
174.396
219.552
48.6353
91.1148
33.4439
204.361
129.733
63.3933
69.6711
40.1505
104.177
186.875
98.9779
167.886
93.216
113
117.727
111.944
48.0451
127.042
56.9004
164.734
43.1469
67.1108
150.97
47.2706
64.7687
47.2057
37.1892
42.9148
47.3597
120.814
34.1922
59.0802
85.5558
128.367
34.2322
58.9443
63.1379
33.0078
69.2374
29.1193
48.6747
43.2818
54.0521
123.741
41.0512
117.168
171.014
165.909
36.1293
90.3985
45.1893
33.4244
90.2538
89.5832
35.8005
89.8465
42.2493
38.0157
117.551
92.2088
43.0259
86.299
99.219
108.854
209.504
27.0128
150.116
95.583
163.667
157.956
109.947
88.6741
54.2781
33.5593
69.1042
87.4482
41.1385
60.3488
30.4853
83.8314
27.8658
34.2065
38.6935
42.8972
148.478
111.532
27.0555
60.325
47.4343
49.0705
109.342
27.2558
185.639
35.1199
65.9456
33.478
78.2789
263.855
186.007
192.597
37.4764
37.1642
124.549
55.7214
125.001
39.9792
240.996
89.2751
89.9003
32.3896
125.211
155.062
228.745
98.1709
100.592
69.7458
29.8315
87.4185
41.1759
34.1269
33.5432
55.3185
34.5206
82.0728
188.793
100.382
54.6257
50.8226
63.4945
84.4425
114.54
198.959
77.4411
41.288
175.357
77.4149
80.1234
44.2831
61.8708
47.9073
61.3967
111.253
142.904
36.4915
157.803
118.047
29.5568
53.5032
123.924
43.0163
66.6576
62.4114
84.1843
33.8093
54.6527
51.6041
43.4547
31.7293
27.037
39.8435
88.9614
101.678
114.729
142.747
130.15
28.6406
74.097
138.499
82.8556
89.0582
30.9862
58.0893
186.412
113.317
135.068
175.154
29.1197
96.3186
86.509
54.0592
42.7367
39.7057
41.453
104.27
146.738
37.7636
252.286
112.882
36.0988
29.9962
117.077
44.2015
86.9182
157.955
107.342
146.121
126.579
86.5221
253.333
46.407
96.5029
33.2412
48.1792
31.6002
186.051
52.0113
89.379
111.082
33.413
63.4597
68.718
214.265
39.4688
93.5827
27.3409
113.691
32.1137
95.7954
81.5905
93.7306
126.738
182.293
217.974
37.1248
82.9347
239.513
26.898
66.8268
74.4596
68.3636
37.685
105.317
205.119
220.124
172.873
70.954
50.7635
36.4668
195.386
151.386
87.2141
89.0408
70.3861
105.567
70.9932
46.7118
95.9365
93.2669
61.203
44.9608
105.375
204.34
44.8638
77.1285
119.407
29.9384
118.867
57.7782
72.9652
208.469
67.4697
111.814
87.9575
72.517
116.856
89.5867
40.2896
34.7767
106.856
170.174
97.9259
35.6821
130.595
64.7613
79.0089
161.341
40.8808
175.636
129.385
46.5038
129.076
51.3418
54.6314
26.7277
164.37
146.969
120.14
50.1507
35.5724
239.263
72.8758
137.068
69.6297
72.44
43.044
70.5655
75.6824
55.0419
73.3729
125.345
150.28
29.5981
47.5013
127.575
85.1278
100.936
210.01
41.6598
30.2271
134.053
47.5364
114.711
124.997
161.074
87.7584
37.5585
138.997
55.4355
112.998
94.1208
205.279
27.6335
59.232
145.607
47.5107
55.4825
49.7982
95.6459
132.225
44.1338
63.1703
27.8836
87.29
125.599
49.0497
60.4557
75.581
244.537
81.0367
97.8056
170.67
33.8333
262.308
71.5174
34.0049
113.527
64.6227
104.059
95.5612
26.5774
34.0007
89.5006
184.061
162.303
125.471
48.2992
66.2076
82.647
70.5359
183.293
186.719
80.1659
71.2968
101.701
38.102
71.4702
48.8965
186.46
81.8585
41.0314
231.981
38.424
78.3343
71.2118
89.8604
177.432
236.005
171.161
43.2995
117.255
75.7436
55.409
26.727
32.0462
171.889
80.9742
113.416
172.155
74.1154
43.8293
74.8175
57.0237
212.081
228.177
44.6113
93.5277
29.7175
256.483
237.939
55.7269
47.5714
34.7344
44.6378
130.583
201.443
39.7468
66.0264
117.986
51.039
52.7091
40.9887
65.5403
236.227
140.737
59.3121
106.451
103.539
31.4036
61.4941
75.7278
42.3211
38.9739
32.6527
44.4543
148.652
33.1572
59.0333
43.8898
117.264
67.2438
63.6806
125.476
50.5319
61.8914
109.118
152.946
29.7774
120.928
128.602
32.4487
37.4395
44.1885
101.909
172.367
45.6901
49.4876
55.0998
52.517
33.0463
33.6706
42.3943
58.7037
57.3392
59.6523
49.8694
112.798
150.844
100.68
29.8395
108.506
61.231
195.67
26.5845
40.5827
52.6973
65.6278
93.0015
100.468
155.59
92.7524
34.7052
123.071
30.29
90.4161
30.6209
32.9453
41.573
136.968
163.753
35.0339
91.0012
115.024
175.087
27.8231
29.5588
67.5437
115.77
40.2336
33.5802
164.623
48.5938
61.9007
62.3861
40.8079
69.3656
75.1942
162.509
133.635
100.871
62.8701
121.572
63.0937
61.2962
125.125
104.64
48.1912
44.0236
175.165
50.8012
36.8328
49.2369
162.666
63.0869
177.894
259.448
52.4323
52.2201
46.4929
75.2933
51.6359
204.115
49.9444
190.103
55.7404
123.735
53.2735
126.711
250.22
29.6873
82.6955
178.586
43.4218
153.59
75.2646
201.077
43.7297
47.1149
29.4057
213.352
40.4369
65.9778
165.761
70.2645
70.2373
32.8765
180.006
36.8697
150.388
75.1917
36.284
26.4264
58.6945
53.6106
130.525
44.6008
200.472
84.6001
40.4792
91.8674
115.919
58.0319
55.9359
150.589
112.046
53.9481
81.8965
56.3198
129.504
207.234
92.5444
77.7361
72.9836
116.374
130.936
67.634
98.7878
42.8697
128.492
52.2558
98.5662
87.003
87.1412
123.435
99.8827
29.7578
197.967
31.2207
97.6469
67.3374
146.306
66.1116
240.25
30.9387
83.5923
93.7683
32.1903
61.1855
230.282
47.0263
73.7983
70.1059
74.4405
29.0122
45.5396
86.2788
36.5848
91.0346
135.248
27.6782
100.989
112.642
103.05
142.879
43.0338
69.4997
158.669
28.4662
175.554
257.175
132.691
50.1411
36.5768
28.2579
33.6663
39.6217
59.5633
64.5712
99.0663
37.3857
30.4428
94.2246
121.227
59.8165
29.0526
175.04
46.7861
35.4996
169.559
37.072
189.477
34.1015
32.4955
162.562
127.284
49.5951
210.215
61.6543
85.674
49.6906
62.1616
117.767
48.6893
27.5673
57.4817
180.079
33.323
68.9817
35.9645
55.8097
140.578
79.5467
60.5155
69.0403
39.1107
258.095
70.5743
30.4533
54.0516
135.868
29.3185
114.583
65.7576
39.0898
90.9661
38.5149
195.221
55.1323
67.4237
97.117
142.171
258.393
88.9902
50.9039
72.5467
26.5345
52.7815
112.018
64.1455
74.4547
34.4938
130.564
69.6447
70.1108
68.5033
123.154
135.458
186.808
43.3426
62.0448
31.822
100.795
39.3437
37.8966
189.679
36.3124
79.1508
73.8005
73.1913
85.8155
246.53
148.597
26.5535
127.671
170.454
86.0526
223.621
185.485
171.726
69.1468
31.3793
244.755
56.1348
128.076
161.633
72.3589
167.824
37.088
59.5964
93.7295
34.5476
97.5572
63.927
247.711
85.616
78.6296
45.1564
99.0122
65.7264
56.0185
38.2573
77.2862
64.5113
65.3439
63.6089
45.6944
220.441
50.6712
26.5646
53.992
43.9793
60.7104
27.2858
140.568
48.5581
71.4715
77.6046
30.0819
55.7887
30.17
117.74
80.9592
37.0815
225.558
160.424
187.688
71.5633
227.536
61.4241
66.2824
231.733
41.6292
63.4395
68.4746
99.0188
31.8899
244.997
141.228
81.4214
46.24
90.8234
73.8033
95.9729
98.8611
26.6122
188.415
70.2498
89.8488
69.1183
72.4852
30.5122
45.3364
44.0314
36.1912
148.195
84.1981
57.6385
43.1454
42.8901
90.3309
193.163
118.043
30.5867
49.1115
36.5864
48.2105
70.1659
118.461
68.7432
165.766
77.5747
33.619
42.184
51.7255
38.8089
50.6293
188.132
138.562
56.7031
112.964
50.1364
169.539
187.698
227.624
31.7595
78.203
169.669
94.6113
34.1366
254.73
116.848
110.956
122.272
57.4222
89.0399
56.483
83.5642
49.7909
97.814
45.0604
201.88
42.7919
70.3707
83.8151
34.2721
109.265
87.3577
65.0638
93.5195
140.205
96.7796
115.405
123.084
34.528
63.0991
27.6152
69.0914
46.8399
97.9222
40.8144
57.2817
113.584
83.4224
36.6246
67.5563
86.4097
255.876
64.9475
42.2713
31.9984
80.8605
49.6906
125.329
130.177
42.9752
30.7757
162.238
29.3034
239.114
134.348
115.649
28.9453
79.825
55.1898
70.2322
76.0411
120.015
34.3565
110.069
115.63
211.151
52.2046
54.6218
159.301
48.0253
59.203
82.2841
78.7858
162.464
135.839
73.9028
27.368
118.079
206.11
89.1411
38.6847
37.3292
220.201
120.219
148.611
108.006
219.56
125.727
96.5328
120.019
63.4868
56.4795
128.442
65.3207
57.3659
117.247
47.5054
32.8691
74.484
59.815
67.8416
132.573
51.5616
45.5189
88.8096
198.579
86.4158
42.0003
164.997
81.5117
208.849
90.1637
84.9929
52.5757
139.961
67.4363
160.832
100.034
141.301
81.709
27.8557
111.845
36.7238
31.5894
154.956
63.3083
258.264
36.5403
154.171
57.3723
92.9625
244.265
174.434
68.6011
153.295
177.97
83.6659
113.76
52.1119
65.4288
168.332
28.8419
30.6939
41.3102
75.9896
137.436
31.7789
68.985
88.2739
165.916
35.2756
133.014
61.442
70.4643
61.3562
29.043
54.8002
56.4903
50.294
96.6909
52.6602
200.059
145.265
51.2662
160.89
34.6877
158.001
98.3518
50.7
51.8731
190.889
59.1154
147.199
37.8443
75.2622
119.131
99.8376
51.2111
143.575
263.675
59.8978
120.544
145.655
138.692
159.03
46.7297
83.7002
42.6392
157.77
106.949
104.352
163.447
72.6031
31.426
53.1576
32.0743
33.2438
30.223
69.1172
109.128
59.93
33.8142
36.9222
136.803
136.706
180.577
34.6247
46.3426
47.2609
130.286
44.0524
66.943
175.664
32.0621
41.3688
32.4918
57.2905
110.926
130.165
148.505
42.726
50.7353
151.768
98.1267
47.946
137.62
92.2635
110.287
66.7308
106.474
155.781
39.4213
92.2242
184.945
79.1296
47.1924
166.679
34.2049
42.5376
50.7398
50.7901
85.2985
155.066
87.5891
81.4108
134.956
66.9656
218.334
130.284
37.5575
62.9881
47.4398
72.8688
129.644
98.8077
242.024
34.0213
132.026
57.9214
117.541
29.8282
110.123
116.273
63.4338
43.5765
160.599
36.3094
182.695
239.055
39.1131
243.491
78.9743
100.221
42.9253
62.4469
174.778
74.0101
59.9054
93.167
100.822
89.6578
159.724
124.221
90.3289
55.7652
60.3929
153.057
80.9401
29.4063
82.6114
41.5743
104.266
78.334
90.2721
42.7126
98.7933
80.2925
95.7813
57.8515
262.265
37.4338
41.4813
35.0775
64.3932
46.8284
27.4145
67.6116
111.817
140.899
41.7412
201.279
65.2253
115.835
72.2464
43.195
135.896
38.3627
28.414
201.847
55.4135
58.0399
27.335
28.2639
252.179
37.0969
26.4579
41.5138
96.3753
104.092
31.1193
60.9773
145.91
45.8517
179.737
41.4492
55.6831
31.864
152.237
183.648
68.5762
119.506
66.7512
118.794
95.4305
30.5214
101.337
120.228
228.889
30.0045
48.7405
149.988
32.0478
62.69
50.1776
143.522
38.8575
195.177
75.6921
207.191
42.4609
65.7885
83.3679
37.5993
69.1921
162.138
78.9096
48.2155
80.9419
73.0775
212.401
183.938
73.1676
134.235
168.335
180.422
168.894
55.9243
28.4892
27.0402
212.686
33.0123
88.7941
119.036
141.684
73.093
260.078
31.8182
30.0015
233.814
42.3223
227.044
112.423
90.2054
37.9491
80.8666
38.9534
47.2674
48.0762
49.669
42.3403
91.6345
252.659
90.5968
93.5657
27.4261
89.7797
176.126
106.194
90.7839
97.3231
62.952
102.923
40.412
82.2877
71.6941
50.3575
46.0384
85.4435
104.456
27.4773
107.176
29.5737
181.044
49.9911
96.8223
64.6936
101.36
96.84
242.647
55.8274
72.6616
78.4554
120.455
180.201
88.7528
165.173
156.689
88.0725
29.4538
79.2166
73.0535
69.4367
104.86
100.101
90.61
34.4337
228.161
181.494
42.5592
52.1073
136.907
224.046
82.1148
43.0008
222.787
162.133
60.3219
31.7386
117.257
39.5309
77.0319
38.0417
106.547
193.705
140.378
78.9332
104.544
45.385
42.7766
225.715
53.0516
27.3106
71.3171
148.449
35.9462
101.957
53.3225
35.3665
94.2552
37.656
36.9782
80.9264
82.5832
79.2682
148.269
50.0936
164.303
40.5275
61.1146
64.485
30.5598
104.878
167.197
50.9957
37.4384
245.598
32.3655
119.599
119.987
75.087
203.705
85.9343
51.8152
225.56
55.264
261.778
154.931
59.7415
26.5522
79.1288
114.921
51.4734
39.394
121.257
88.2202
29.6203
86.0045
35.5501
57.5791
80.1141
42.5008
201.33
112.487
27.4085
224.872
67.3843
32.819
188.984
72.9734
44.4935
168.022
67.3338
34.7625
227.177
56.6843
34.0663
153.411
78.4735
50.7039
232.438
87.352
28.124
69.3632
108.223
64.8764
84.8384
73.2691
37.2574
170.214
57.7992
41.0981
73.813
254.869
107.234
74.8568
52.1979
241.95
153.334
110.925
58.8806
134.752
31.1549
168.017
60.9483
33.3551
122.938
77.5255
68.4949
174.338
76.6251
134.674
129.339
69.2716
183.861
35.9556
150.053
38.5881
137.726
161.769
96.3287
74.978
40.6741
42.0768
50.6743
76.6277
244.24
34.9069
55.7952
230.487
81.7513
88.0465
124.328
43.2876
63.5271
165.74
53.5443
112.645
88.4203
57.2822
130.013
59.8719
73.0093
58.6488
142.258
49.8523
54.5286
100.021
42.9787
70.2178
45.719
37.3139
41.2688
162.782
110.864
53.1031
27.0851
185.928
62.0837
76.5586
77.5041
92.9168
125.65
45.312
40.9348
253.801
88.3351
34.9075
44.9366
122.362
134.306
55.8132
137.91
161.11
27.8178
73.3822
145.41
159.613
101.167
48.3783
171.748
105.787
225.554
30.4224
30.0382
45.5949
26.9215
27.1909
73.4792
96.641
60.7268
35.4511
169.01
112.083
181.243
85.6809
70.2598
37.2693
103.38
57.8514
138.446
155.304
55.0185
128.59
124.001
66.6771
31.9536
134.224
94.5776
92.3929
132.313
66.85
49.9509
35.0377
58.4345
86.8235
84.9684
96.9411
114.17
130.802
40.5292
166.713
42.4647
126.458
62.6495
121.412
61.1633
30.6578
57.8888
81.026
66.6423
136.844
27.1938
33.3978
30.6317
181.67
31.1139
30.0527
61.8699
76.9678
159.717
81.5038
52.3549
190.482
164.214
216.624
169.642
26.7338
101.988
222.786
44.203
27.3978
56.5196
74.5709
213.832
194.333
45.4747
157.525
231.907
59.7679
26.8784
144.259
109.63
64.1048
57.4703
69.1286
110.111
227.554
250.59
27.2458
26.6454
76.8032
229.65
76.5328
196.31
167.712
257.421
77.8858
65.4218
42.3749
147.623
241.354
255.41
141.971
157.701
47.9191
53.6012
45.0004
244.151
54.7959
41.9259
50.53
74.7095
66.1383
112.452
29.1614
127.263
141.292
155.517
40.0351
29.8044
47.0547
96.2361
41.2153
30.9859
111.064
66.2753
147.644
62.7016
125.97
122.08
142.621
238.607
151.692
87.5133
112.316
29.4971
125.316
145.006
80.619
57.1218
83.0674
60.0771
34.0573
131.638
113.253
62.6973
105.14
263.719
81.3954
143.108
86.1342
86.9123
77.9291
77.7123
39.8006
48.5441
54.2925
93.2797
105.978
122.886
61.0545
26.7447
50.3205
28.5745
72.7738
167.798
111.507
46.8088
95.823
69.5575
33.2325
44.2333
83.8429
259.973
86.9622
152.339
120.495
108.183
123.487
32.4832
66.0197
122.092
123.096
104.517
54.0515
59.2802
51.4475
49.6689
97.9978
195.032
62.8392
74.9609
64.8985
58.3806
44.5751
158.066
31.8678
99.9625
143.712
77.1454
66.0454
46.7081
44.7525
118.425
98.3067
106.256
70.7179
33.5124
37.9472
36.9079
55.3991
202.606
56.681
55.1326
43.5509
100.623
38.6513
57.0526
101.176
102.551
51.0166
79.4392
228.265
59.372
195.263
200.818
89.6539
85.8433
46.602
47.9286
109.086
180.919
70.9864
147.285
96.6851
39.1121
59.7325
89.1145
45.3994
119.303
91.9838
143.528
233.036
135.988
224.685
32.5597
242.25
151.075
204.814
171.968
164.383
27.5387
142.909
94.6686
69.6067
186.495
67.247
107.45
200.48
92.1772
163.802
88.1335
230.659
31.8616
61.017
29.7502
195.052
79.4205
149.653
96.8423
125.035
46.3454
26.6594
27.7505
51.4777
28.0973
107.265
131.128
94.3193
83.1728
96.8477
108.4
206.68
91.9946
141.775
133.142
180.498
61.7147
103.594
202.747
64.0102
76.0132
71.6418
36.7482
141.336
39.5943
55.5329
48.696
131.142
104.545
65.0423
80.2375
167.959
43.8293
74.7778
108.217
75.627
30.8556
182.179
77.045
91.7389
42.3797
30.8775
82.453
116.778
37.6844
263.303
48.1418
250.231
81.2407
127.841
58.3362
125.518
67.9865
117.925
43.0377
107.779
190.877
80.9566
54.9024
80.3654
78.442
119.014
134.582
84.9368
156.358
143.361
50.9152
133.397
77.9005
171.173
59.4214
129.697
36.4354
132.524
84.4495
138.532
157.104
95.6353
62.3414
42.4172
45.5547
49.0003
68.8194
28.4304
160.865
40.8666
38.8919
118.685
42.124
74.4832
44.411
58.3943
101.575
205.641
101.214
56.4821
48.3549
27.3789
48.9978
157.334
37.0894
54.6108
112.617
31.8621
66.5493
63.5875
254.555
48.0456
76.1798
174.454
160.345
107.579
93.9939
105.111
48.8339
97.5879
69.3849
40.9134
61.2393
170.153
210.3
27.7942
128.132
69.0634
99.2119
55.8271
43.9728
40.6576
45.2981
103.471
104.865
55.5458
97.4494
26.6896
124.355
81.5965
73.045
157.103
40.0988
32.0549
39.0085
37.4473
30.6468
36.4294
36.1168
35.9858
49.952
50.1546
80.0952
26.9272
119.913
108.112
52.2151
57.9797
93.202
88.0009
66.4223
70.6839
238.941
99.4025
78.0202
34.1218
76.5778
161.285
194.382
28.7348
242.92
94.4966
78.1825
57.9424
95.9517
158.213
30.3279
72.6131
90.2964
44.1688
28.9807
42.8532
218.659
147.662
52.2925
129.539
123.837
132.501
146.856
38.1167
60.7849
104.636
61.1916
42.6077
48.0966
34.9143
63.2148
52.1247
83.2487
31.6552
215.635
232.572
41.4526
109.436
56.0908
53.7828
79.5698
94.4544
87.5235
178.036
157.173
96.4015
68.9173
65.2631
176.193
46.2145
62.4324
43.1337
46.6037
88.1064
84.1628
125.806
32.6382
98.9737
169.66
33.6556
31.9296
83.6944
142.37
59.8598
131.913
38.5096
99.4001
32.0769
28.2465
125.987
164.454
98.2818
31.5602
41.6557
45.6273
77.4935
63.9352
49.5356
43.3534
29.4321
50.7812
45.7454
34.1642
133.194
138.239
148.029
51.673
41.904
36.0616
36.4035
171.549
179.911
46.6978
69.6126
90.7212
35.353
33.9914
43.7806
170.15
118.957
145.038
40.9132
169.758
72.0748
66.5803
27.4991
87.19
45.3443
57.5507
49.054
92.2685
41.6036
41.3505
106.529
78.9483
40.6932
46.7091
51.2518
48.1165
43.103
55.3105
95.5135
38.9417
31.1478
34.8132
80.5852
41.0595
104.292
76.0001
98.7102
39.9059
88.1553
52.3944
47.5318
100.552
101.16
72.931
153.918
96.6041
69.2037
44.2749
65.043
194.16
33.2759
140.932
50.6107
41.5214
92.965
42.9551
35.3871
148.414
87.7723
46.5966
108.919
53.2629
73.1641
109.044
42.7874
50.8362
27.149
45.8669
60.8702
46.03
96.8262
109.699
106.055
48.6879
28.9961
75.6452
243.151
58.8616
45.7365
220.196
81.1275
55.0292
37.4013
143.547
45.4722
50.4369
45.0471
147.276
137.697
64.459
37.1538
28.4302
90.087
81.5555
64.363
35.1815
62.9341
89.673
68.1339
47.7466
94.8154
55.7126
123.56
165.464
28.4015
80.5629
84.0431
223.953
201.117
46.1974
43.3844
52.0879
99.4204
33.1904
48.596
212.044
51.0967
39.7899
105.375
48.3384
28.0024
85.9465
172.722
212.657
103.44
28.2934
58.3641
44.4327
195.161
161.373
45.2676
66.2346
99.4829
127.972
117.935
118.554
38.3182
57.8124
32.7083
147.709
62.2982
115.995
31.5462
27.8948
82.8371
42.5246
42.4083
102.789
32.7028
62.4684
35.1452
32.0182
162.637
67.0576
210.041
40.7176
71.4296
139.703
91.8859
244.146
229.812
109.41
152.759
150.579
44.435
33.8831
237.348
30.9605
68.7675
128.904
54.6796
249.478
33.0977
229.603
38.1222
98.0994
48.6754
137.282
125.042
66.1282
170.211
43.1738
144.02
71.3953
44.344
33.2514
83.1617
28.1212
40.9543
47.6787
131.555
38.3884
53.3668
79.1429
43.8299
53.0668
58.3364
39.2328
88.2598
75.949
57.2944
36.5035
208.34
214.604
39.634
49.9615
99.9458
41.1582
206.246
56.5663
181.422
39.63
86.9706
37.0007
106.552
42.2543
74.8148
26.5435
76.8034
31.0564
202.863
90.6858
50.3896
151.74
50.9583
94.4341
46.3353
82.3491
73.769
45.7631
32.4259
59.668
127.159
104.646
148.272
90.7148
157.256
65.4991
133.729
56.9121
189.035
216.178
105.535
150.948
49.2907
48.8103
121.425
112.919
131.254
75.7164
150.738
49.5149
263.694
87.8623
142.196
35.721
60.9679
44.2005
68.5053
196.002
135.855
57.7851
55.0957
163.426
104.36
88.1941
66.9134
123.508
53.1602
61.5616
49.3998
43.493
43.3142
28.8366
138.804
34.9884
145.299
145.288
35.3844
119.47
79.7616
40.9175
48.9385
123.872
28.4119
51.8815
64.3371
56.3287
119.223
49.3751
46.9743
38.3837
43.6369
36.9155
175.09
100.039
144.545
72.8161
71.1794
29.5179
41.6139
216.486
230.336
30.4373
53.9847
223.47
42.4139
73.2565
32.1228
66.2231
108.567
108.893
67.438
69.6387
260.845
53.3061
63.0407
47.3896
138.728
154.739
122.16
214.272
70.8724
47.0769
176.834
61.2424
147.977
114.376
48.7974
62.5578
67.274
46.519
154.211
35.3855
246.569
40.8103
69.585
95.3259
63.1877
37.3149
35.5331
119.138
61.2943
33.5229
74.9242
40.6134
106.213
87.3336
75.7456
29.5707
137.714
162.071
30.9632
43.5486
59.8979
95.4363
35.2999
55.6068
132.686
147.623
88.2383
116.426
111.983
152.454
190.825
126.109
36.4984
169.723
122.107
84.2306
43.1477
176.826
157.721
116.824
37.2587
54.0384
67.9121
92.4103
81.7599
44.3432
74.2933
57.2942
75.6133
55.9653
118.987
45.5629
111.538
130.214
88.2152
155.01
224.073
188.104
147.455
86.1131
47.0598
105.531
111.81
113.938
193.785
39.4632
137.54
242.07
135.255
39.7989
59.8174
115.806
110.726
34.0852
52.4268
154.233
112.272
92.8678
187.926
190.643
51.1752
161.969
101.178
68.6175
98.3823
48.6208
62.6553
89.7571
144.846
115.151
145.714
178.73
105.051
70.3619
37.111
137.787
64.5084
46.8513
35.0807
148.591
36.989
69.8382
237.35
69.8757
165.541
80.1245
141.613
76.7596
41.2471
60.0523
58.9705
90.3371
207.279
36.663
68.2284
111.904
89.8239
92.353
28.4763
86.3076
33.4154
77.6708
88.4058
40.667
102.683
89.3636
29.7093
206.587
138.471
86.8276
157.378
63.773
154.359
66.2033
80.0377
262.761
77.2233
112.868
170.945
54.7169
29.234
148.936
32.7773
29.1066
65.5471
117.855
58.6781
74.3175
28.7373
172.567
35.6285
46.1517
37.8496
108.728
75.4666
123.427
49.0209
28.4154
75.948
137.031
43.7336
143.615
34.3422
191.421
204.97
138.483
88.9046
89.9783
28.5322
54.3375
247.762
34.2913
74.6538
228.64
193.624
153.349
37.085
36.6817
89.7501
35.3609
28.6904
52.6861
81.9361
27.7388
124.644
76.371
125.392
125.528
34.0484
90.8839
137.665
121.398
57.1308
45.522
234.677
141.634
80.5301
46.6867
44.111
147.322
49.2726
51.5376
67.9004
127.05
31.8321
122.928
126.955
30.56
93.0995
29.1422
37.6458
45.2683
92.6201
34.5459
57.4933
46.8066
58.4196
86.3435
152.166
61.8033
113.263
188.512
139.47
84.3632
202.578
198.641
168.869
142.566
129.749
44.7844
74.9601
41.5279
216.078
66.0041
247.668
195.261
47.0263
201.391
59.221
129.326
28.8001
69.3762
181.121
43.7781
75.5008
123.155
93.3268
150.889
63.1183
227.985
129.083
84.6305
56.5611
163.395
48.8403
49.4925
92.0025
122.915
73.1803
262.064
51.4971
140.081
38.6651
94.9038
33.4863
164.249
59.5755
43.0871
51.1561
69.0076
157.112
50.2019
148.523
33.6075
95.7795
137.981
111.518
52.4131
39.4046
101.904
70.5862
172.403
43.1974
101.57
101.387
66.0252
64.5925
34.1383
36.7315
57.472
43.6093
77.8479
34.9611
52.7466
28.5191
66.4753
80.661
46.6712
126.312
49.9654
110.551
89.6219
77.2717
70.8896
44.2664
55.2661
176.237
49.3915
90.4722
197.365
224.393
51.7721
74.5449
76.4463
131.114
99.9011
52.5641
53.9456
29.4444
120.865
97.114
84.4686
134.235
129.155
29.3801
230.922
143.996
116.336
77.0048
48.0836
51.7781
37.9064
53.9828
83.3594
68.3261
225.507
113.046
46.6323
31.7415
28.1173
193.231
100.846
76.322
38.6092
67.4226
90.332
122.934
244.064
141.852
33.0474
57.1007
54.1138
47.6994
31.1601
51.8702
75.4816
67.5573
39.0406
37.6976
58.5149
100.256
257.409
73.117
107.901
58.4119
202.705
75.3571
80.912
85.4429
50.2691
139.786
116.823
228.637
40.9753
89.0827
56.9393
68.177
33.3218
45.09
54.412
116.206
51.6444
125.791
224.026
59.3628
77.4998
140.543
30.5291
75.543
171.157
85.2097
94.1627
42.4312
48.2287
81.0029
38.8057
120.985
34.9741
175.41
50.9959
60.8498
146.93
36.6242
34.1676
64.5005
53.1775
43.8945
95.5662
82.1123
95.6591
175.158
30.5229
43.8105
78.8689
254.994
54.761
96.3207
46.2392
104.481
30.0719
75.5902
214.689
79.3678
99.0674
210.829
93.694
98.3772
148.334
33.4399
72.8402
119.055
50.5029
56.9184
165.69
36.2761
66.469
46.6778
110.64
106.407
46.192
67.1679
142.111
103.025
90.2377
202.608
48.2698
44.0078
84.6599
49.5539
106.617
58.3629
114.935
45.3746
49.7704
34.139
62.1542
65.8121
169.931
107.764
140.776
48.4041
83.315
63.4411
39.4482
155.187
48.8575
26.9918
96.5841
64.9071
82.3026
65.0433
29.688
57.3583
41.5628
49.3043
187.92
241.072
35.3131
126.609
132.466
39.0916
218.571
58.3659
146.113
62.268
94.2188
43.884
30.6614
45.0919
97.1286
176.08
87.997
81.8874
131.2
77.4612
34.2932
28.3386
160.528
80.6344
178.865
31.5556
75.0371
47.4619
135.466
38.8358
99.8363
84.9608
49.2726
41.3235
36.4845
94.1427
40.5162
170.312
83.6986
253.351
49.6026
41.6146
31.781
72.4208
28.8048
66.8116
44.8362
41.5834
33.9253
53.8875
146.777
127.462
28.9458
53.9801
57.1618
56.627
50.5742
80.3978
90.1751
129.535
90.6343
32.1637
58.2009
91.6671
77.2138
80.9526
74.8042
97.3723
55.9515
65.3246
39.758
72.4285
61.6983
37.158
236.621
175.75
38.4351
207.659
44.7529
184.497
27.1031
79.2197
128.713
73.3565
151.402
47.1011
26.4431
47.0559
45.8181
48.824
201.057
115.21
140.314
166.811
79.1535
66.8493
76.8634
88.8107
106.729
239.707
40.6263
55.9632
144.232
114.609
184.252
85.2804
31.8309
238.559
135.523
36.4845
28.3573
102.391
96.6785
51.7643
76.657
73.7635
107.489
127.644
42.71
31.4831
47.8399
103.918
105.745
56.7471
156.619
158.832
65.9812
140.352
34.6143
99.2621
74.6026
73.9904
48.6617
84.2374
46.8686
112.969
45.8301
46.9889
157.016
30.9065
56.6563
103.927
144.879
198.963
30.7261
56.2369
71.1602
128.477
133.363
39.5101
162.108
147.463
108.613
75.1305
104.053
58.688
58.704
49.914
42.1587
90.6653
84.6527
131.897
85.1312
27.4178
130.059
92.2636
119.727
55.2681
44.6409
92.7068
117.82
81.3164
83.2458
55.5693
38.1972
36.4402
45.3351
68.1116
81.1848
37.3882
27.3693
84.8027
45.5127
48.8068
35.271
80.8168
61.0653
73.0859
85.1146
44.9776
32.8315
246.6
145.217
150.056
165.048
128.656
30.7494
36.7182
213.568
41.4971
31.7745
72.5127
32.9954
146.862
64.7417
86.8363
76.3412
52.1549
159.12
179.184
200.884
172.366
66.2495
31.1257
76.1813
35.9634
74.1713
114.792
28.6701
30.0356
95.618
41.7873
66.4093
33.5182
80.8254
54.2237
71.5483
226.211
83.2011
41.1828
46.8775
42.2325
149.646
57.1615
101.101
36.1587
169.22
101.446
229.188
75.896
63.1165
42.3461
114.693
141.026
43.736
238.691
67.8735
58.9376
32.4131
32.7939
86.2114
69.8392
33.4292
32.2595
216.241
127.447
54.5633
96.038
51.0192
161.777
78.5294
42.7042
41.8096
146.267
84.8384
169.465
113.606
86.7676
32.3232
213.552
152.179
32.187
41.0869
76.4096
88.6458
118.11
48.4302
41.6028
39.8456
65.7284
93.1514
165.16
136.805
150.034
41.6361
53.1707
43.1495
56.1445
29.156
96.3607
41.7013
166.207
144.702
65.2692
53.2532
44.4972
55.1424
224.511
249.871
106.075
42.4614
76.4445
83.7898
44.2914
82.3498
36.8892
33.8213
27.4084
94.6694
72.6787
251.838
105.243
44.0991
167.607
139.939
45.9355
126.581
95.2186
108.176
118.562
137.165
118.625
31.308
48.4424
53.7767
71.2861
60.703
49.8722
37.767
32.6948
72.1844
201.348
146.416
36.6965
135.314
62.4559
188.995
142.757
247.644
40.0761
163.367
78.5157
70.9484
29.6447
30.2386
149.83
69.5231
93.2587
51.9976
93.3765
89.6295
62.7303
73.8591
135.112
69.273
193.318
159.779
42.4846
211.905
198.49
127.673
56.902
108.124
122.85
38.0624
119.514
155.913
168.952
43.7172
117.417
34.078
45.2665
159.987
62.536
57.9742
39.7583
78.5069
211.159
166.644
60.3636
141.907
95.6805
175.604
34.0785
165.63
176.088
100.118
133.377
100.625
67.8446
93.1258
81.0574
76.5491
59.8704
49.406
84.8256
168.309
65.8422
113.727
49.664
76.5276
123.596
75.5481
29.3916
68.6874
218.976
100.932
115.965
72.2898
59.8497
27.8607
143.13
63.3777
30.6464
30.0777
91.9472
107.199
153.666
147.236
222.731
134.449
182.794
94.0757
99.2604
81.5714
26.808
84.2232
103.547
38.6037
27.0092
64.4592
41.173
44.8199
122.489
27.0725
53.0705
79.3014
116.676
136.308
73.0088
139.052
74.2507
39.4203
61.6744
77.0728
26.6561
68.2013
93.0731
69.4013
50.5101
51.7343
54.3399
45.4045
30.0467
94.5115
98.8575
50.5453
99.7146
114.002
86.9001
121.561
212.131
155.73
67.757
29.5588
180.832
40.9299
124.831
73.6403
110.794
99.3376
27.8575
142.916
39.6096
112.717
255.627
169.434
163.178
126.314
83.9583
128.705
88.9422
141.025
40.1975
115.339
120.278
74.8344
66.0315
62.2853
64.8958
108.429
118.592
214.499
64.9603
146.436
148.475
86.1295
40.4718
58.6034
201.16
36.2474
71.4689
58.7385
63.1914
89.867
75.5059
132.463
71.4108
28.6821
67.5748
161.62
55.4212
78.5823
145.634
102.121
153.394
45.6266
59.9249
31.8058
70.1254
88.6045
152.804
73.297
44.3359
81.7408
56.976
36.4646
71.1819
95.2152
49.5747
215.755
159.533
227.743
140.454
93.8171
77.6918
196.184
114.62
53.674
133.351
258.806
96.4378
59.3265
28.3035
97.5153
70.9188
138.55
253.256
116.174
56.3099
66.705
122.669
51.8629
68.5138
92.0863
116.242
216.72
182.761
32.6029
30.1494
42.8295
73.6081
30.874
39.592
77.2382
87.3969
42.0061
102.728
108.072
200.166
129.71
111.154
39.9849
28.3161
91.8551
160.5
71.3818
243.057
65.5747
68.8595
204.4
110.309
83.3462
71.5865
29.7758
57.8363
136.277
26.5296
66.4672
102.485
34.1215
73.1356
237.363
145.491
119.819
33.4383
81.3577
88.9062
32.5433
122.166
230.085
59.3143
199.491
173.811
157.581
88.4475
85.3246
26.6454
100.85
83.8553
99.3951
182.364
87.9895
157.217
34.4994
48.3578
141.56
28.9919
35.672
92.4893
36.9356
108.868
35.675
112.31
215.227
145.441
130.746
47.7381
132.673
87.7765
28.7704
51.6552
169.344
112.365
218.614
96.9701
133.879
107.415
53.0521
151.558
196.431
258.983
85.3017
100.621
39.1764
56.9383
134.034
49.6171
103.609
60.4888
65.8188
30.5377
97.2792
69.0877
91.3263
248.667
63.8883
225.331
118.779
132.606
82.8208
99.4639
36.8665
59.4685
78.2691
219.953
61.5329
60.3953
34.2102
66.2021
56.7259
70.9089
73.522
153.752
29.751
149.905
110.414
48.2082
60.3474
136.086
144.582
64.1936
66.5852
62.227
119.185
69.7771
224.523
90.2089
169.259
28.0744
141.843
73.6838
29.3567
123.052
53.8312
109.181
41.6515
40.3765
97.3501
73.2598
71.2923
28.5415
69.1383
36.2162
64.9046
73.0702
60.1595
35.7162
52.142
45.3397
55.9161
79.2978
80.5176
162.122
29.0462
246.263
59.217
222.539
52.3865
53.4922
30.3385
208.712
179.964
39.1902
83.2427
117.194
121.809
245.798
243.45
259.053
113.01
57.4114
26.7513
70.6042
43.6608
105.532
135.415
237.933
29.2301
164.126
218.965
92.3724
69.394
89.7075
88.8241
84.5068
235.56
38.3104
243.79
51.0932
83.1427
185.776
34.3152
43.7026
55.194
118.671
50.9809
126.071
44.6728
83.3013
60.846
204.181
98.7243
30.7657
115.063
220.361
44.4884
146.93
62.0345
71.3636
40.1367
126.768
50.9381
59.7163
63.5413
61.5599
121.46
40.3372
30.4678
68.9647
52.6543
78.8432
99.8926
31.9333
47.0628
168.937
99.9341
35.8026
42.6534
92.3861
30.8238
156.515
68.7766
56.7102
112.766
85.1555
158.53
28.0492
76.0387
65.2455
190.101
28.5755
55.9648
69.5798
108.785
31.0949
33.6007
42.729
144.133
103.824
159.385
127.841
85.7345
29.0399
59.6839
40.4627
128.951
57.9042
32.0717
91.8096
30.3363
104.333
140.998
131.14
51.4347
44.0661
64.7379
116.791
95.5867
57.8784
31.7413
119.077
30.3555
93.5183
205.07
32.6486
76.1906
209.429
170.943
40.016
28.892
36.1229
34.5827
110.754
67.1678
185.498
108.835
175.555
250.234
36.3862
88.2372
38.8946
113.107
85.0885
155.107
64.2561
36.6164
127.089
128.728
210.952
46.2938
78.7489
126.612
66.245
68.1301
60.0022
84.8845
108.613
129.094
98.8906
30.8463
218.899
157.154
49.9894
198.277
170.079
73.733
29.5168
54.3886
46.3592
72.3465
72.7042
89.847
40.6612
129.249
85.9196
103.635
33.003
27.6362
47.8457
38.3522
34.8194
54.2018
67.2298
168.426
148.384
148.809
122.486
44.8598
122.994
29.3676
90.1982
68.8312
227.746
60.2159
148.183
220.172
54.5385
216.203
74.9364
70.9589
50.5109
35.258
79.4636
39.5333
100.395
28.7614
28.7907
68.8866
75.3011
43.7841
55.8344
52.1453
221.853
96.0514
49.8578
29.3541
65.5171
57.3829
51.8948
169.196
53.2567
31.7515
61.8152
99.9204
97.9645
105.957
47.3131
39.1729
67.9109
135.379
49.345
51.091
219.136
101.634
85.2743
33.0185
48.4216
103.122
39.8313
64.6399
187.953
108.84
193.107
35.6485
40.7838
37.9652
29.7865
159.492
120.206
88.8123
94.0675
148.19
33.3661
57.7141
134.062
91.0424
36.2888
82.3829
51.6224
32.655
67.4652
41.5299
30.9218
141.703
86.9874
65.8724
138.974
129.1
37.7638
35.513
168.783
41.3058
161.473
87.2431
51.3345
38.3872
114.561
224.338
65.4815
124.22
48.2205
261.654
164.669
43.6124
109.283
116.344
89.6918
56.2168
111.001
124.896
43.8797
131.543
127.645
66.4975
57.6309
28.0672
27.0721
75.4724
45.2961
120.644
27.4651
208.42
103.944
82.934
99.6514
96.812
144.008
94.6174
155.48
155.236
68.9825
80.6917
145.681
65.3315
68.4493
86.4474
103.581
35.57
66.4588
36.7479
34.0913
32.6299
84.906
36.0564
117.572
248.517
67.5639
122.292
50.5329
60.9621
53.5425
37.1505
107.688
88.8284
146.417
38.1819
145.913
32.1677
79.7656
55.4278
65.793
45.5235
184.359
145.883
127.928
43.1882
64.8578
154.144
29.2915
54.221
240.759
35.8068
26.7994
35.6335
211.043
46.1255
189.958
53.3712
139.028
85.9292
153.358
84.743
70.688
28.9956
63.1153
123.589
91.4131
40.1744
66.2454
56.8016
111.302
44.0091
95.2351
61.4483
51.34
48.2873
107.658
44.183
53.0681
44.1245
77.705
249.035
50.0529
37.718
90.8079
243.035
40.5726
114.038
35.148
113.356
27.7872
193.616
108.563
64.0432
261.006
93.1601
46.795
86.6524
151.668
138.91
39.6034
42.2246
52.6573
42.6181
127.319
97.3036
48.9215
38.4559
104.578
58.2496
115.731
70.8784
143.859
118.937
57.8289
53.669
106.391
35.4771
169.205
79.1008
45.9628
51.9757
241.633
96.939
68.7067
125.821
206.861
32.799
156.061
31.3005
74.9237
79.7041
50.9963
44.7546
39.6114
96.1239
139.35
72.5225
35.9473
96.4182
77.6905
36.8288
62.7842
146.966
171.263
105.283
83.7006
27.3731
63.6981
128.376
35.9456
47.0242
218.72
192.014
219.45
181.72
135.214
169.073
35.6479
61.0522
87.3054
80.7301
38.9516
163.23
65.8224
53.9786
50.7446
166.721
70.7145
31.6225
65.8552
84.225
91.5923
40.4453
130.352
189.079
132.805
72.4618
65.8433
49.3704
172.704
30.8582
210.68
72.7853
103.893
57.3332
49.9304
179.355
54.0159
172.875
41.0959
43.1217
82.7247
72.6407
167.167
115.842
64.6875
34.4804
99.0532
90.928
58.8273
46.291
151.217
82.3852
45.9166
29.9756
50.7983
96.1412
54.432
88.5271
150.207
36.0107
112.558
27.7434
83.7734
157.844
49.9319
66.9206
51.5903
207.101
42.608
52.5497
57.4209
41.993
115.735
83.7965
43.5448
147.296
189.062
59.2598
219.444
124.142
82.1598
140.34
232.415
154.488
239.31
141.82
53.5798
139.632
137.875
48.132
70.487
52.5308
208.559
86.9204
61.5198
89.3751
27.0866
58.9629
68.1344
179.097
110.234
89.3971
74.2817
80.483
182.51
70.3634
30.2882
67.432
151.18
187.494
31.9569
99.7751
55.2193
59.6967
123.769
94.2406
59.0674
62.2464
40.518
138.065
43.9673
106.423
55.3412
234.015
85.5197
201.282
27.3057
109.166
43.274
144.719
113.996
70.0714
84.3693
54.6808
51.8779
61.1251
152.796
101.733
65.3939
33.1354
67.1296
71.7524
182.755
55.3507
62.8962
56.9214
39.0449
160.308
28.279
64.3537
85.119
34.5008
43.1709
40.0572
47.7829
97.2608
226.758
59.1724
50.3008
133.254
45.4528
179.463
73.4885
28.8224
250.64
105.071
29.4083
103.524
27.3939
93.6688
78.2977
44.4207
130.428
74.2064
31.3348
34.055
79.5646
170.643
214.639
70.9911
97.8873
100.693
39.918
54.3476
44.4003
27.3686
49.574
52.2204
113.571
160.014
73.474
84.2106
162.96
82.554
28.2098
82.3616
139.998
51.5533
70.6993
63.9585
63.5075
224.024
44.2077
94.5746
63.6881
63.814
43.3894
63.9554
135.426
39.7255
55.3634
29.9159
27.7013
68.9655
27.1681
37.6823
117.695
68.3644
256.951
38.0853
61.1155
51.1909
168.804
52.6148
222.941
91.7206
213.842
33.4134
51.0317
57.3548
121.288
72.8442
42.7973
163.506
36.2823
63.1775
175.048
89.5906
50.9195
41.962
81.7257
72.9121
139.707
42.2634
122.428
31.9771
76.4455
50.1071
177.229
181.639
27.9557
36.9929
58.2974
72.0318
53.7581
52.2261
100.34
79.3644
152.667
163.061
29.106
83.3815
54.8734
42.4992
120.726
38.2997
41.194
38.2896
31.2177
64.9377
60.7869
154.07
147.885
31.6812
163.597
111.592
51.8483
203.698
49.663
217.897
38.3446
28.1563
75.5895
83.3713
72.3114
65.2971
52.0574
121.361
137.239
57.7055
98.1003
116.595
43.3414
196.788
150.82
70.0145
103.267
97.3621
228.193
109.174
122.947
147.978
36.2878
50.0367
53.5951
43.3466
59.9025
59.8729
211.304
82.374
50.5981
33.6495
34.0281
69.6592
31.4718
72.1378
138.446
38.2158
141.532
102.288
27.7524
57.6548
41.2637
72.4834
61.8945
40.1532
105.055
39.8154
71.5146
190.124
96.9777
185.465
62.3813
101.41
31.2075
147.42
80.9511
71.0342
72.6949
102.173
165.988
61.9336
76.9792
74.7674
241.598
82.1246
58.5546
113.079
100.619
147.422
49.3925
158.721
214.349
187.286
176.682
74.1234
97.158
91.7655
63.7093
54.9715
72.5681
128.839
82.9736
27.1781
82.6407
55.9722
238.273
88.9569
188.629
118.71
103.665
32.4726
122.71
96.6238
116.913
53.4708
184.041
179.907
85.2133
115.69
29.9279
223.498
28.8184
89.7565
63.9345
184.103
30.5054
48.0403
38.8564
144.792
76.2407
108.64
41.6064
31.5099
109.446
36.2351
66.8047
31.9104
147.031
246.912
34.3313
159.199
105.408
50.5945
57.8203
35.8503
106.421
85.5175
76.2322
109.475
144.901
47.3786
61.5941
156.256
39.8584
40.8649
164.177
30.5693
54.1431
227.795
28.5124
27.0133
56.0711
108.922
47.0825
31.2255
85.7407
86.1582
202.749
38.271
60.1699
92.7045
41.0026
82.7856
43.3076
48.5732
65.2838
116.391
119.45
65.444
53.3382
50.3733
41.5043
194.8
45.4096
123.514
110.718
103.397
88.35
138.251
108.022
64.03
33.1979
47.3589
66.4612
62.6605
34.8782
126.272
38.2501
74.977
95.1536
253.068
116.409
154.723
163.559
29.3788
38.8599
65.2744
115.599
145.311
93.4783
131.149
32.6384
42.0846
182.776
50.6711
103.206
160.445
88.2881
34.0014
35.8995
83.9863
64.2247
43.3034
106.545
45.8884
81.0666
138.363
33.9217
32.9717
65.7526
164.611
83.0647
116.254
44.1749
82.6508
224.222
72.8155
63.3465
28.106
58.9985
39.5005
43.0757
60.2767
220.283
97.4382
127.108
53.7651
78.0703
38.852
200.007
51.9074
95.6526
61.9962
133.697
50.8778
31.9983
119.175
86.7946
96.0231
42.7972
114.827
174.217
151.525
150.202
88.4629
56.941
69.2197
76.8607
95.5125
250.431
199.278
62.8564
55.4576
96.6
138.597
184.797
186.203
48.1231
40.3062
71.5529
40.4472
39.5621
38.6316
48.3397
97.0046
78.7007
56.8658
80.9422
33.3994
79.8607
45.3656
39.3514
53.9351
111.772
92.8362
88.1084
39.6027
80.3382
244.005
96.0922
216.097
159.294
227.509
38.6238
64.9663
62.2954
124.21
46.6667
48.9674
85.6607
31.5311
142.853
60.8658
69.2215
76.1086
92.0689
146.805
138.228
26.5597
139.088
36.527
36.4241
73.1385
69.8774
38.2248
69.9555
49.1063
103.978
112.376
77.1633
125.002
64.6065
191.226
67.7078
78.2091
109.382
141.685
37.6262
59.405
135.17
104.617
30.776
66.8622
33.1543
57.1148
73.3705
161.926
45.4671
69.1301
224.649
87.9023
31.1448
82.9493
158.956
171.444
62.3033
62.7464
58.342
190.874
105.712
91.2053
86.083
96.5922
30.5967
118.879
38.154
222.456
50.5751
29.175
33.5443
36.5841
32.1709
26.8056
174.607
51.9758
85.8722
35.461
70.3398
146.192
121.96
33.1718
71.7572
44.9603
26.745
213.286
208.943
123.017
79.2148
30.2351
128.481
65.0704
39.4849
28.2985
63.0975
59.103
27.5297
122.105
252.983
43.649
101.222
30.8571
54.5877
82.4595
27.6173
26.3797
59.3047
55.5411
47.1057
35.6967
140.994
32.268
126.466
171.739
102.297
117.264
35.0429
26.5628
136.428
247.664
48.9128
114.209
74.3688
103.907
127.489
46.0312
109.473
38.5728
129.426
79.007
149.798
31.0577
92.7102
125.392
54.2411
77.1351
127.959
145.493
165.176
179.655
37.6978
172.094
105.288
69.5928
256.325
40.7127
135.721
58.4181
141.184
36.916
43.1984
173.369
93.8928
96.0185
51.0209
77.8754
56.6432
81.4134
34.3515
36.871
132.303
148.592
233.672
88.9677
77.7727
91.9874
60.2834
192.987
116.694
100.237
126.172
62.6789
26.7627
77.3116
187.158
52.3414
41.9096
187.648
37.7147
86.8414
84.8215
52.7148
42.4748
97.318
26.9031
64.263
30.0738
37.7396
218.419
189.299
163.195
49.9084
42.3381
45.8061
61.2157
98.6184
54.2062
139.196
162.315
50.9802
56.1284
88.8656
32.7987
95.8444
51.6893
101.276
49.1724
30.9603
115.913
122.693
60.1261
154.291
35.5872
94.459
86.4242
121.655
76.2119
112.765
31.4515
93.6617
127.781
226.111
59.8275
103.407
98.025
31.8718
105.49
173.879
46.7415
49.4189
53.1769
35.4537
161.464
182.136
35.4377
126.334
30.5154
31.3521
44.9552
123.706
98.064
157.375
40.3862
101.226
43.0092
142.41
36.9565
108.085
78.781
140.49
242.912
125.23
64.1495
121.13
102.036
43.9034
59.3319
43.3804
149.404
61.5366
82.2981
106.834
160.976
89.0354
197.591
53.8749
133.903
37.0653
29.9018
63.6472
49.2821
141.574
88.159
48.1362
74.1101
64.3544
103.002
64.2495
28.309
105.884
200.046
80.6769
58.8294
100.16
147.946
39.9606
79.4247
78.0847
44.1958
125.173
253.503
30.3388
51.629
99.004
200.034
35.2426
84.7729
46.3
173.571
66.5787
41.3734
250.424
228.521
117.37
61.4991
128.852
124.094
54.3768
36.6384
229.427
73.4442
32.1605
37.3196
239.714
34.2082
169.915
85.4502
41.175
44.1021
187.846
157.796
33.8809
61.9342
78.3203
65.9968
47.3446
47.0517
139.912
67.31
101.046
69.3721
173.859
99.9731
74.0102
101.4
58.2251
48.9508
32.4436
94.0897
131.262
78.5444
27.2724
184.164
53.1634
35.1891
64.3618
180.437
62.786
259.512
78.1575
141.319
38.0896
57.2646
57.8404
36.1162
81.943
44.4135
48.253
36.0693
177.733
33.5209
86.3585
37.4715
104.794
26.3991
70.7972
50.089
43.2734
31.257
30.8309
40.8287
29.317
39.7542
43.5398
84.186
248.57
123.56
29.834
60.446
36.445
90.3336
32.7329
99.3812
41.023
135.298
132.753
46.1425
98.7723
39.8166
95.9644
82.4725
141.832
56.5441
115.587
77.1009
33.7177
56.1361
45.2277
83.1894
72.6557
58.6465
103.909
70.7475
119.981
50.8086
161.045
28.321
36.8964
203.453
76.8287
72.7286
51.7306
85.2868
32.1337
83.9178
172.801
178.805
57.796
129.805
141.44
120.999
93.5847
176.109
164.22
52.9532
134.373
177.887
61.3009
84.6374
59.4277
161.171
36.77
85.9993
94.4551
71.4371
96.6622
60.7005
224.207
32.4452
67.4904
82.2586
35.8285
226.71
34.669
214.8
73.1127
27.9978
68.1562
85.5704
183.542
144.12
68.7401
61.4945
81.7043
212.028
194.094
60.6257
181.841
56.5502
150.542
99.3259
42.1648
123.388
132.996
167.713
196.112
160.195
31.9015
263.892
56.5214
42.2122
70.4099
140.251
74.0994
101.346
90.4736
69.8823
38.6832
99.4706
94.9601
189.065
122.001
91.2888
85.39
217.678
89.536
119.012
179.645
69.8162
207.811
87.0718
109.402
94.9398
104.357
108.356
88.031
47.9859
34.3004
40.2201
52.2031
113.02
240.974
94.074
26.3944
84.4537
57.7086
46.4214
161.336
128.137
68.7098
253.684
70.162
96.0314
162.392
132.457
29.2959
225.663
58.719
97.5779
44.007
151.804
80.5615
37.1477
130.957
34.6758
77.5276
49.7022
108.042
31.3338
128.956
38.982
56.6018
27.9311
186.339
46.1237
56.725
85.3002
107.262
70.8445
43.6482
88.6391
31.3328
82.4982
51.0219
64.4502
94.981
97.4333
60.8196
136.434
68.1382
41.6224
32.633
38.8408
96.0972
46.5776
33.4128
33.26
81.4801
115.711
65.0044
46.1078
87.433
118.635
45.901
84.4599
63.9166
29.4768
185.877
86.2229
118.883
66.2715
63.5041
43.8494
92.8022
77.9828
84.0991
46.618
51.9038
103.93
164.875
33.6309
32.1931
78.2045
65.0932
66.465
109.101
28.2652
75.7549
150.154
148.817
194.153
47.204
30.9748
70.2314
98.0519
113.572
93.6963
111.727
227.69
42.4719
108.624
65.8209
127.646
76.8917
72.0371
89.0643
38.218
56.8037
183.918
103.96
89.3916
45.8777
88.1495
28.9902
54.7135
112.416
31.6893
43.917
124.564
229.188
151.278
262.642
109.472
88.9725
153.504
137.43
51.2649
26.369
36.3914
79.8918
53.2932
34.4213
41.0869
61.9966
67.0738
46.4613
63.7132
133.97
226.479
170.704
29.2581
78.8505
28.0179
59.614
51.6244
260.968
79.569
223.804
28.8037
83.6092
28.8357
26.8157
113.884
43.8842
80.4682
116.828
30.6337
68.8082
71.6156
35.2576
50.9205
39.9719
29.9707
154.006
136.479
260.999
160.345
104.891
45.3383
91.026
60.6948
108.295
66.5539
45.9752
171.132
84.6538
87.5964
118.562
105.428
38.9192
138.581
154.087
143.666
59.053
86.0004
168.218
94.6065
32.1428
118.512
123.722
44.2165
95.0653
60.1063
39.027
54.193
56.5615
62.5115
56.6549
171.602
75.9792
100.033
75.0596
49.261
36.6345
86.2273
65.202
126.467
67.2503
66.4473
56.8165
27.5224
29.9712
56.5928
96.5698
32.101
202.396
32.7977
48.5169
66.0416
117.236
57.0581
40.4257
52.3229
85.3473
145.924
113.534
39.4156
40.2753
46.4725
164.285
251.392
151.121
150.227
38.6951
61.2598
119.599
154.007
167.184
55.0823
100.575
212.876
64.4647
68.9777
45.0634
151.322
43.1444
242.77
30.7739
63.0147
33.5736
74.4404
108.274
168.698
146.558
31.3928
32.3094
63.2056
121.766
75.5413
69.6626
101.97
118.9
71.9161
59.36
122.771
135.836
85.2847
144.465
78.356
148.769
56.0284
38.5788
72.4402
51.4272
103.149
51.8602
40.0666
60.1746
57.3767
49.0617
49.7293
34.683
26.6783
91.7756
145.63
36.9743
49.3544
31.5829
77.3615
62.5358
31.1202
34.5998
50.5165
177.339
155.453
254.392
109.982
207.08
50.5877
51.2717
57.2925
138.916
189.135
176.899
69.3297
38.7245
26.8506
232.207
49.4295
48.9895
32.3304
76.5403
77.6298
35.8089
219.106
51.2466
28.9009
163.679
216.617
81.5034
34.1197
37.1337
40.4082
55.3531
96.3252
101.231
186.549
243.636
220.972
29.0218
52.2058
40.3553
83.1757
38.9809
92.1387
112.114
87.003
86.5711
262.125
46.078
193.134
48.2019
117.755
31.7933
30.9181
57.4443
66.2994
121.929
160.33
78.4378
70.7175
34.1523
81.643
65.7511
34.0105
64.8075
44.0094
70.0538
88.2803
29.8121
64.0023
100.419
133.951
102.755
46.486
181.392
221.605
39.1303
40.7608
45.3862
49.701
57.7082
28.4383
58.323
35.3259
126.583
39.4707
142.298
34.9318
57.0636
37.4517
171.147
31.9817
50.4634
27.2036
77.6737
137.944
178.104
55.9556
69.3327
230.46
29.4311
200.922
32.5354
77.9618
31.4914
42.3305
62.6209
75.5814
150.139
83.6557
124.875
77.4656
108.426
93.9318
123.778
121.545
38.5244
57.3563
40.4264
155.884
129.694
33.0431
201.594
62.1246
99.2746
113.051
74.6447
192.324
123.18
35.6436
59.1611
135.594
38.056
26.3859
197.825
32.2718
119.505
29.6196
40.1806
81.5844
89.2432
101.898
115.489
83.6137
31.2533
41.7016
108.311
114.775
30.6162
71.2191
61.5712
35.1532
225.317
57.8236
181.323
61.6783
187.431
109.598
49.5348
30.0132
34.7511
27.545
38.8642
94.1929
102.326
129.493
101.352
57.263
59.7847
214.253
33.9998
131.569
29.6373
75.3533
45.3029
92.0391
99.0941
83.5922
26.6424
130.795
86.4336
171.618
47.9547
215.113
48.7815
117.285
126.259
86.5319
41.6498
67.9896
110.387
41.2747
233.06
151.187
68.6395
63.0317
149.552
27.9381
67.4285
82.6481
65.8016
31.1559
59.8331
81.7066
61.2971
59.7437
99.5498
39.2461
95.8732
54.6619
28.7428
38.0543
77.3716
79.9282
30.9095
104.481
101.413
30.4366
118.85
123.03
60.3283
66.6465
27.2204
218.492
48.2179
136.888
55.2789
53.268
45.6334
86.7413
47.3173
62.5723
194.662
71.6835
43.3128
42.913
104.194
36.4726
94.9118
63.5643
75.2737
71.6079
237.104
141.194
51.4291
94.14
151.041
61.7941
84.981
68.5764
81.3933
151.01
36.0386
89.9269
160.808
82.531
34.9287
55.1938
27.947
36.5278
46.139
97.6067
60.149
78.2611
100.865
63.2731
68.5454
114.597
207.196
102.326
27.5256
43.0487
191.506
46.1512
107.321
44.5883
196.688
64.7224
39.7352
158.278
148.122
70.6143
104.815
35.5281
52.0148
82.6835
40.657
127.322
58.3441
58.5042
74.9405
61.0656
138.781
104.623
130.955
98.2807
207.891
169.6
64.1741
44.6138
130.85
127.283
110.303
60.9311
181.657
65.7087
216.149
245.762
86.7502
166.142
35.8628
47.7272
54.8254
63.8185
79.4042
122.743
157.88
259.345
27.4521
70.6211
186.711
173.744
50.5033
254.209
107.666
140.611
95.1712
223.1
35.5879
160.099
130.203
175.361
50.4987
227.767
130.599
39.4873
145.317
27.0242
54.6214
191.647
70.8916
78.1282
35.284
52.2045
44.1296
79.1621
132.311
128.794
66.0772
59.0894
85.1905
205.307
29.1922
72.4747
190.195
74.2932
28.4219
58.4176
41.175
130.815
127.689
35.6557
53.2009
26.3865
251.541
27.0476
115.848
169.682
139.854
34.7731
72.6641
100.006
111.475
44.462
47.5208
64.152
90.216
89.7477
41.7917
66.6776
63.0669
41.1769
38.4497
122.953
83.4556
26.5973
202.402
202.307
122.229
100.831
58.3691
54.3285
59.7648
47.0201
86.6701
62.9077
114.5
136.145
139.395
85.2678
119.372
111.019
172.722
172.127
64.0769
33.6089
123.791
95.3825
196.828
31.1611
51.6678
107.032
63.1005
145.445
129.828
69.3532
130.482
101.992
39.7828
155.021
30.9106
143.832
97.2175
37.5791
200.267
46.2068
128.104
26.9
36.3849
29.373
94.5799
96.6245
69.3992
36.928
59.5693
35.1722
169.632
32.5719
93.1494
36.2109
179.649
135.301
150.539
49.1391
29.3732
124.586
165.116
119.704
112.954
26.8566
38.2736
135.895
44.3867
75.969
66.5448
58.7886
188.585
93.6684
132.462
27.6024
154.191
69.6567
161.299
36.2081
112.443
111.678
189.431
60.3141
71.9209
103.991
161.798
62.0382
157.782
54.9509
118.05
65.686
103.932
120.723
204.834
54.0177
38.1245
49.5377
79.0945
86.9042
32.5384
95.4831
68.1933
69.2733
58.3343
66.8178
97.4293
99.7066
26.5872
68.8453
65.6035
121.273
81.8838
50.6761
39.9834
26.5308
214.659
26.6778
85.9143
239.905
135.659
68.6699
139.165
53.1637
96.4648
144.244
35.8928
34.744
120.993
95.4939
232.786
136.023
27.0745
93.1925
71.0504
249.412
179.451
97.9914
54.8619
152.241
90.9489
45.5176
69.9977
104.365
123.862
190.957
72.7903
26.6216
125.394
188.539
75.5083
99.7653
60.7054
82.9885
49.513
31.6897
44.7663
51.5463
157.45
95.7671
61.2462
46.7039
160.698
28.4335
41.9724
168.59
92.5791
67.7674
101.599
32.6016
36.2552
96.407
48.4967
54.1447
54.9927
220.183
77.1888
52.4116
144.42
31.1435
91.2251
104.529
90.7502
27.6038
91.3108
39.393
74.8699
208.789
75.9826
49.7353
59.549
102.993
107.693
27.903
78.4303
81.4503
141.26
128.294
158.617
26.6295
35.0821
78.4014
143.576
50.9188
46.4
26.5268
224.982
72.7451
220.781
64.2331
38.6833
41.1213
143.616
43.6648
178.201
31.1943
48.0711
180.416
64.6541
43.8826
50.8515
33.2091
99.2279
86.8093
42.556
41.371
110.261
116.13
57.8003
35.852
86.1283
205.906
169.047
64.814
65.637
196.7
89.248
72.633
61.3051
50.1261
169.41
29.9688
47.8971
105.662
202.165
162.687
117.104
65.0137
133.433
66.9796
35.0898
53.5357
100.728
55.9056
97.0662
104.428
113.258
66.0864
30.2443
59.1498
122.691
131.089
67.1347
122.845
162.413
86.2285
185.496
64.406
107.268
45.6516
216.863
54.8279
36.1025
223.416
69.873
80.9411
145.773
61.7603
32.219
63.3849
95.6549
37.8934
85.9808
57.8559
95.1918
69.3743
213.689
75.8456
45.7266
222.83
67.5848
27.7815
48.9206
141.778
170.387
126.957
103.361
52.1366
141.886
103.715
74.8012
40.5691
50.0527
32.0966
55.0942
68.8636
34.8358
121.686
27.8585
58.2962
43.2021
43.0332
78.9328
188.374
100.759
40.3598
214.987
47.2916
152.48
171.362
39.3943
70.199
76.195
78.6869
56.592
108.846
80.3844
34.0333
95.9111
51.3204
64.0351
247.067
154.722
31.1363
80.6587
51.8843
171.902
35.8518
124.388
37.4088
73.3531
28.6563
208.704
32.3927
82.3159
28.8302
255.897
58.6351
65.0937
41.7736
75.6928
98.0117
53.5084
164.053
58.6544
90.5367
62.0445
40.1865
45.9277
85.083
88.2373
69.8591
220.32
38.8276
59.4168
83.192
30.1935
217.647
202.037
69.1742
27.959
55.4582
31.2065
115.605
151.055
36.0977
190.787
30.2677
60.1098
36.6376
39.0866
65.4229
33.6854
39.5905
156.603
152.314
32.6552
70.6882
29.4201
57.0509
123.38
48.6302
116.074
175.826
30.4627
67.2763
151.542
89.588
44.1496
43.7908
51.9662
54.984
104.256
35.0461
41.6289
70.5134
221.744
42.4075
51.6411
162.912
64.0273
56.5964
142.061
122.117
32.4378
255.123
80.7641
51.6974
37.5884
177.076
37.279
97.8718
52.5084
65.95
26.8975
46.9441
114.331
39.0555
91.1116
62.4424
211.911
126.853
103.781
220.899
126.631
64.3957
105.603
161.043
65.3512
50.7203
44.2289
239
135.224
106.032
60.3228
47.7322
92.6681
27.2787
174.59
59.7038
212.01
69.7367
39.4924
65.8713
163.264
144.733
153.661
56.9067
29.2588
202.939
69.2746
77.9284
36.2853
189.084
29.8921
42.4011
28.8908
111.192
218.032
87.773
26.4269
32.5357
37.2647
56.1832
27.2717
107.773
103.933
43.1657
95.9064
66.8081
52.0235
97.3384
173.83
56.5677
31.1549
41.6849
52.3212
96.2792
65.1177
54.3712
182.334
30.4641
134.303
69.4095
122.487
31.9871
90.5968
188.826
58.5777
89.7554
91.5202
54.0652
76.2436
52.9798
66.2876
67.3222
64.6366
144.656
80.2468
37.0698
70.8553
49.1419
189.817
36.744
118.868
147.277
69.8021
32.504
101.284
112.659
56.5303
52.146
27.447
27.5985
235.56
30.5764
28.3472
105.555
33.2407
104.073
51.2765
237.849
119.944
201.173
57.8239
161.968
31.5728
116.533
39.8272
34.6208
88.5661
41.1306
36.5229
124.966
176.444
43.0993
206.788
256.223
31.5308
69.4327
76.7474
251.217
62.5593
111.172
27.6012
34.1469
73.0913
28.2208
82.8417
99.8781
179.905
149.853
57.1533
226.886
233.151
30.9719
41.1328
86.581
36.3262
107.672
65.3542
231.55
124.058
136.87
39.2662
82.7107
32.0933
72.3355
90.2289
44.5112
50.3845
91.6292
172.677
81.1899
56.5946
61.2804
118.658
37.4445
42.152
86.8843
43.9471
186.227
63.2259
57.7214
199.121
64.2286
161.595
32.2566
129.317
74.5619
175.308
60.3744
26.866
93.4329
48.724
61.1111
164.273
88.764
126.895
45.2215
53.6835
93.7321
85.7779
37.4087
147.206
151.836
86.0801
75.7869
50.6811
41.5528
56.5327
101.009
33.7872
36.7863
35.429
80.8334
67.73
130.444
28.3793
149.399
32.1735
182.335
73.7414
227.041
38.8066
245.402
119.537
98.4475
40.1211
193.668
188.08
52.6671
54.9869
199.338
43.938
37.3019
31.5426
69.1083
54.1332
112.484
177.441
108.39
102.957
123.618
74.8917
28.1511
43.8811
45.749
213.386
253.065
94.0606
120.868
127.93
28.4036
217.918
31.825
82.3643
68.2376
68.481
94.1767
93.325
26.618
48.0681
137.259
173.725
196.411
132.416
189.855
43.3321
49.6332
136.064
43.194
36.6025
168.533
130.205
158.641
131.203
43.9003
33.7342
38.6453
144.427
29.1422
44.6521
110.561
96.9932
52.7375
40.4082
47.6139
59.8118
76.9521
36.3986
59.9619
26.4916
46.7753
125.754
153.07
39.1466
34.8005
36.6907
94.9837
56.6773
52.6245
163.442
55.4672
56.4218
90.2705
61.0307
41.6455
235.837
129.994
49.2487
230.775
42.2678
34.1501
209.059
79.379
49.4752
195.293
79.8012
73.9468
42.3184
43.7655
28.7899
108.379
41.1898
222.453
28.4094
69.9413
131.465
123.3
91.672
114.667
53.7726
46.5572
99.4081
126.008
78.8349
92.493
85.4685
135.476
154.135
75.8572
87.9612
233.373
80.4094
79.9304
248.307
29.865
53.8776
45.6205
137.535
254.167
31.4723
39.1131
28.992
108.335
208.515
130.293
86.2286
60.5376
62.6826
115.565
106.866
46.7603
139.668
33.1917
27.8284
50.6674
40.7802
56.3849
34.6971
106.947
141.012
192.934
161.564
40.8615
106.32
112.684
191.938
85.9537
61.4625
34.232
176.923
49.8732
94.6198
128.823
79.7027
135.077
38.4971
30.1478
113.743
54.6562
67.4895
58.6859
143.173
98.4939
140.78
201.718
42.9184
111.345
67.4878
77.6479
150.282
69.511
47.877
29.4316
59.6458
69.8348
201.419
39.5204
27.7791
80.3962
90.8232
34.9313
106.747
138.317
56.7016
129.198
162.239
232.969
144.547
43.4378
144.351
75.8243
165.53
53.4631
78.4799
75.4563
240.336
109.746
195.426
78.8072
96.0955
125.497
36.0889
80.7284
183.568
50.3123
38.9196
106.96
95.059
158.357
114.956
43.8642
60.3744
35.0037
47.0287
68.7456
103.148
51.9982
53.7818
131.564
109.553
197.073
44.7848
134.954
57.2823
85.0865
109.518
185.652
186.556
63.608
41.7265
55.6446
71.2995
52.2167
163.337
261.655
57.7548
93.6533
97.855
57.4095
179.24
51.4333
78.9805
45.8778
70.859
43.6375
28.0257
197.25
32.7906
117.129
41.6736
85.8139
85.9664
105.892
162.503
97.2241
26.7554
41.6731
81.6017
36.4346
172.874
103.711
121.614
226.071
35.2613
74.0171
72.1863
259.356
50.4114
46.9129
191.499
160.883
27.9915
131.305
50.537
38.5783
45.8819
63.8621
172.407
123.963
59.9761
42.3117
113.996
154.298
31.4229
96.446
161.849
33.0711
234.992
72.404
138.01
34.1598
168.21
190.453
150.167
167.165
68.1886
43.0883
243.776
138.645
212.039
71.2436
121.654
252.63
40.4709
130.63
90.5182
142.117
